global_class_id,class_name,make,model,year
0,Acura Cl 1997,Acura,Cl,1997
1,Acura Cl 1998,Acura,Cl,1998
2,Acura Cl 1999,Acura,Cl,1999
3,Acura Cl 2001,Acura,Cl,2001
4,Acura Cl 2002,Acura,Cl,2002
5,Acura Cl 2003,Acura,Cl,2003
6,Acura El 1997,Acura,El,1997
7,Acura El 2001,Acura,El,2001
8,Acura El 2003,Acura,El,2003
9,Acura Ilx 2013,Acura,Ilx,2013
10,Acura Ilx 2014,Acura,Ilx,2014
11,Acura Integra 1987,Acura,Integra,1987
12,Acura Integra 1989,Acura,Integra,1989
13,Acura Integra 1990,Acura,Integra,1990
14,Acura Integra 1991,Acura,Integra,1991
15,Acura Integra 1992,Acura,Integra,1992
16,Acura Integra 1993,Acura,Integra,1993
17,Acura Integra 1994,Acura,Integra,1994
18,Acura Integra 1995,Acura,Integra,1995
19,Acura Integra 1996,Acura,Integra,1996
20,Acura Integra 1997,Acura,Integra,1997
21,Acura Integra 1998,Acura,Integra,1998
22,Acura Integra 1999,Acura,Integra,1999
23,Acura Integra 2000,Acura,Integra,2000
24,Acura Integra 2001,Acura,Integra,2001
25,Acura Legend 1988,Acura,Legend,1988
26,Acura Legend 1990,Acura,Legend,1990
27,Acura Legend 1991,Acura,Legend,1991
28,Acura Legend 1992,Acura,Legend,1992
29,Acura Legend 1993,Acura,Legend,1993
30,Acura Legend 1994,Acura,Legend,1994
31,Acura Legend 1995,Acura,Legend,1995
32,Acura Legend 1996,Acura,Legend,1996
33,Acura Mdx 2001,Acura,Mdx,2001
34,Acura Mdx 2002,Acura,Mdx,2002
35,Acura Mdx 2003,Acura,Mdx,2003
36,Acura Mdx 2004,Acura,Mdx,2004
37,Acura Mdx 2005,Acura,Mdx,2005
38,Acura Mdx 2006,Acura,Mdx,2006
39,Acura Mdx 2007,Acura,Mdx,2007
40,Acura Mdx 2008,Acura,Mdx,2008
41,Acura Mdx 2009,Acura,Mdx,2009
42,Acura Mdx 2010,Acura,Mdx,2010
43,Acura Mdx 2011,Acura,Mdx,2011
44,Acura Mdx 2012,Acura,Mdx,2012
45,Acura Mdx 2014,Acura,Mdx,2014
46,Acura Mdx 2016,Acura,Mdx,2016
47,Acura Rdx 2007,Acura,Rdx,2007
48,Acura Rdx 2008,Acura,Rdx,2008
49,Acura Rdx 2009,Acura,Rdx,2009
50,Acura Rdx 2011,Acura,Rdx,2011
51,Acura Rdx 2012,Acura,Rdx,2012
52,Acura Rdx 2013,Acura,Rdx,2013
53,Acura Rdx 2014,Acura,Rdx,2014
54,Acura Rl 1996,Acura,Rl,1996
55,Acura Rl 1997,Acura,Rl,1997
56,Acura Rl 1998,Acura,Rl,1998
57,Acura Rl 1999,Acura,Rl,1999
58,Acura Rl 2000,Acura,Rl,2000
59,Acura Rl 2001,Acura,Rl,2001
60,Acura Rl 2002,Acura,Rl,2002
61,Acura Rl 2003,Acura,Rl,2003
62,Acura Rl 2004,Acura,Rl,2004
63,Acura Rl 2005,Acura,Rl,2005
64,Acura Rl 2006,Acura,Rl,2006
65,Acura Rl 2007,Acura,Rl,2007
66,Acura Rl 2008,Acura,Rl,2008
67,Acura Rsx 2002,Acura,Rsx,2002
68,Acura Rsx 2003,Acura,Rsx,2003
69,Acura Rsx 2004,Acura,Rsx,2004
70,Acura Rsx 2005,Acura,Rsx,2005
71,Acura Rsx 2006,Acura,Rsx,2006
72,Acura Tl 1995,Acura,Tl,1995
73,Acura Tl 1996,Acura,Tl,1996
74,Acura Tl 1997,Acura,Tl,1997
75,Acura Tl 1998,Acura,Tl,1998
76,Acura Tl 1999,Acura,Tl,1999
77,Acura Tl 2000,Acura,Tl,2000
78,Acura Tl 2001,Acura,Tl,2001
79,Acura Tl 2002,Acura,Tl,2002
80,Acura Tl 2003,Acura,Tl,2003
81,Acura Tl 2004,Acura,Tl,2004
82,Acura Tl 2005,Acura,Tl,2005
83,Acura Tl 2006,Acura,Tl,2006
84,Acura Tl 2007,Acura,Tl,2007
85,Acura Tl 2008,Acura,Tl,2008
86,Acura Tl 2009,Acura,Tl,2009
87,Acura Tl 2010,Acura,Tl,2010
88,Acura Tl 2011,Acura,Tl,2011
89,Acura Tl 2012,Acura,Tl,2012
90,Acura Tl 2014,Acura,Tl,2014
91,Acura Tl 2017,Acura,Tl,2017
92,Acura Tlx 2015,Acura,Tlx,2015
93,Acura Tsx 2004,Acura,Tsx,2004
94,Acura Tsx 2005,Acura,Tsx,2005
95,Acura Tsx 2006,Acura,Tsx,2006
96,Acura Tsx 2007,Acura,Tsx,2007
97,Acura Tsx 2008,Acura,Tsx,2008
98,Acura Tsx 2009,Acura,Tsx,2009
99,Acura Tsx 2010,Acura,Tsx,2010
100,Acura Tsx 2011,Acura,Tsx,2011
101,Acura Tsx 2012,Acura,Tsx,2012
102,Acura Tsx 2013,Acura,Tsx,2013
103,Acura Tsx Wagon 2011,Acura,Tsx Wagon,2011
104,Acura Vigor 1992,Acura,Vigor,1992
105,Acura Zdx 2010,Acura,Zdx,2010
106,Alfa Romeo 4C 2015,Alfa,Romeo 4C,2015
106,Alfa Romeo 4C 2015,Alfa Romeo,4C,2015
107,Alfa Romeo Spider 1978,Alfa,Romeo Spider,1978
108,Alfa Romeo Spider 1986,Alfa,Romeo Spider,1986
109,Am General Hmmvw 1994,Am,General Hmmvw,1994
110,Am General Hummer 1987,Am,General Hummer,1987
111,Am General Hummer 1992,Am,General Hummer,1992
112,Am General Hummer H1 1993,Am,General Hummer H1,1993
113,Am General Jeep Dj-5 1978,Am,General Jeep Dj-5,1978
114,Amc Amx 1968,Amc,Amx,1968
115,Amc Amx 1969,Amc,Amx,1969
116,Amc Eagle Wagon 1980,Amc,Eagle Wagon,1980
117,Amc Hornet 1976,Amc,Hornet,1976
118,Amc Javelin 1972,Amc,Javelin,1972
119,Amc Rambler 1964,Amc,Rambler,1964
120,Amc Rambler 1969,Amc,Rambler,1969
121,Audi 80 1990,Audi,80,1990
122,Audi 90 1991,Audi,90,1991
123,Audi A3 2004,Audi,A3,2004
124,Audi A3 2006,Audi,A3,2006
125,Audi A3 2007,Audi,A3,2007
126,Audi A3 2008,Audi,A3,2008
127,Audi A3 2009,Audi,A3,2009
128,Audi A3 2010,Audi,A3,2010
129,Audi A3 2011,Audi,A3,2011
130,Audi A3 2012,Audi,A3,2012
131,Audi A3 2015,Audi,A3,2015
132,Audi A4 1996,Audi,A4,1996
133,Audi A4 1997,Audi,A4,1997
134,Audi A4 1998,Audi,A4,1998
135,Audi A4 1999,Audi,A4,1999
136,Audi A4 2000,Audi,A4,2000
137,Audi A4 2001,Audi,A4,2001
138,Audi A4 2002,Audi,A4,2002
139,Audi A4 2003,Audi,A4,2003
140,Audi A4 2004,Audi,A4,2004
141,Audi A4 2005,Audi,A4,2005
142,Audi A4 2006,Audi,A4,2006
143,Audi A4 2007,Audi,A4,2007
144,Audi A4 2008,Audi,A4,2008
145,Audi A4 2009,Audi,A4,2009
146,Audi A4 2010,Audi,A4,2010
147,Audi A4 2011,Audi,A4,2011
148,Audi A4 2012,Audi,A4,2012
149,Audi A4 2013,Audi,A4,2013
150,Audi A4 2014,Audi,A4,2014
151,Audi A4 Avant 2006,Audi,A4 Avant,2006
152,Audi A4 Avant 2012,Audi,A4 Avant,2012
153,Audi A4 Avant Wagon 2001,Audi,A4 Avant Wagon,2001
154,Audi A4 Cabriolet 1994,Audi,A4 Cabriolet,1994
155,Audi A4 Cabriolet 1996,Audi,A4 Cabriolet,1996
156,Audi A4 Cabriolet 2004,Audi,A4 Cabriolet,2004
157,Audi A4 Cabriolet 2006,Audi,A4 Cabriolet,2006
158,Audi A4 Cabriolet 2007,Audi,A4 Cabriolet,2007
159,Audi A4 Cabriolet 2009,Audi,A4 Cabriolet,2009
160,Audi A5 2009,Audi,A5,2009
161,Audi A5 2010,Audi,A5,2010
162,Audi A5 2011,Audi,A5,2011
163,Audi A5 2012,Audi,A5,2012
164,Audi A5 2013,Audi,A5,2013
165,Audi A5 2015,Audi,A5,2015
166,Audi A5 Cabriolet 2011,Audi,A5 Cabriolet,2011
167,Audi A6 1996,Audi,A6,1996
168,Audi A6 1997,Audi,A6,1997
169,Audi A6 1998,Audi,A6,1998
170,Audi A6 1999,Audi,A6,1999
171,Audi A6 2000,Audi,A6,2000
172,Audi A6 2001,Audi,A6,2001
173,Audi A6 2002,Audi,A6,2002
174,Audi A6 2003,Audi,A6,2003
175,Audi A6 2004,Audi,A6,2004
176,Audi A6 2005,Audi,A6,2005
177,Audi A6 2006,Audi,A6,2006
178,Audi A6 2007,Audi,A6,2007
179,Audi A6 2008,Audi,A6,2008
180,Audi A6 2009,Audi,A6,2009
181,Audi A6 2010,Audi,A6,2010
182,Audi A6 2011,Audi,A6,2011
183,Audi A6 2012,Audi,A6,2012
184,Audi A6 2013,Audi,A6,2013
185,Audi A6 2015,Audi,A6,2015
186,Audi A6 Quattro 1999,Audi,A6 Quattro,1999
187,Audi A6 Quattro 2000,Audi,A6 Quattro,2000
188,Audi A6 Quattro Wagon 2001,Audi,A6 Quattro Wagon,2001
189,Audi A7 2011,Audi,A7,2011
190,Audi A8 1997,Audi,A8,1997
191,Audi A8 1998,Audi,A8,1998
192,Audi A8 1999,Audi,A8,1999
193,Audi A8 2000,Audi,A8,2000
194,Audi A8 2001,Audi,A8,2001
195,Audi A8 2004,Audi,A8,2004
196,Audi A8 2005,Audi,A8,2005
197,Audi A8 2006,Audi,A8,2006
198,Audi A8 2007,Audi,A8,2007
199,Audi A8 2008,Audi,A8,2008
200,Audi A8 2011,Audi,A8,2011
201,Audi A8 2013,Audi,A8,2013
202,Audi Allroad 2001,Audi,Allroad,2001
203,Audi Allroad 2002,Audi,Allroad,2002
204,Audi Allroad 2003,Audi,Allroad,2003
205,Audi Allroad 2004,Audi,Allroad,2004
206,Audi Allroad 2013,Audi,Allroad,2013
207,Audi Allroad 2014,Audi,Allroad,2014
208,Audi Cabriolet 1996,Audi,Cabriolet,1996
209,Audi Q5 2009,Audi,Q5,2009
210,Audi Q5 2010,Audi,Q5,2010
211,Audi Q5 2011,Audi,Q5,2011
212,Audi Q5 2012,Audi,Q5,2012
213,Audi Q5 2015,Audi,Q5,2015
214,Audi Q7 2007,Audi,Q7,2007
215,Audi Q7 2008,Audi,Q7,2008
216,Audi Q7 2009,Audi,Q7,2009
217,Audi Q7 2010,Audi,Q7,2010
218,Audi Q7 2011,Audi,Q7,2011
219,Audi Q7 2012,Audi,Q7,2012
220,Audi Q7 2013,Audi,Q7,2013
221,Audi R8 2009,Audi,R8,2009
222,Audi R8 2010,Audi,R8,2010
223,Audi Rs4 2007,Audi,Rs4,2007
224,Audi S3 2001,Audi,S3,2001
225,Audi S3 2015,Audi,S3,2015
226,Audi S4 2000,Audi,S4,2000
227,Audi S4 2001,Audi,S4,2001
228,Audi S4 2002,Audi,S4,2002
229,Audi S4 2004,Audi,S4,2004
230,Audi S4 2005,Audi,S4,2005
231,Audi S4 2006,Audi,S4,2006
232,Audi S4 2008,Audi,S4,2008
233,Audi S4 2009,Audi,S4,2009
234,Audi S4 2010,Audi,S4,2010
235,Audi S4 2011,Audi,S4,2011
236,Audi S4 2012,Audi,S4,2012
237,Audi S4 Avant 2005,Audi,S4 Avant,2005
238,Audi S5 2008,Audi,S5,2008
239,Audi S5 2009,Audi,S5,2009
240,Audi S5 2010,Audi,S5,2010
241,Audi S5 2012,Audi,S5,2012
242,Audi S6 2008,Audi,S6,2008
243,Audi S6 2013,Audi,S6,2013
244,Audi S8 2003,Audi,S8,2003
245,Audi S8 2014,Audi,S8,2014
246,Audi Tt 2000,Audi,Tt,2000
247,Audi Tt 2001,Audi,Tt,2001
248,Audi Tt 2002,Audi,Tt,2002
249,Audi Tt 2004,Audi,Tt,2004
250,Audi Tt 2006,Audi,Tt,2006
251,Audi Tt 2008,Audi,Tt,2008
252,Audi Tt 2013,Audi,Tt,2013
253,Audi Tt 2016,Audi,Tt,2016
254,Bentley Arnage 2000,Bentley,Arnage,2000
255,Bentley Brooklands 1996,Bentley,Brooklands,1996
256,Bentley Continental 2006,Bentley,Continental,2006
257,Bentley Turbo R 1989,Bentley,Turbo R,1989
258,Blakely Bearcat 1977,Blakely,Bearcat,1977
259,Bmw 128I 2008,Bmw,128I,2008
260,Bmw 128I 2009,Bmw,128I,2009
261,Bmw 128I 2010,Bmw,128I,2010
262,Bmw 128I 2011,Bmw,128I,2011
263,Bmw 135I 2008,Bmw,135I,2008
264,Bmw 135I 2009,Bmw,135I,2009
265,Bmw 135I 2011,Bmw,135I,2011
266,Bmw 135I Convertible 2010,Bmw,135I Convertible,2010
267,Bmw 318I 1985,Bmw,318I,1985
268,Bmw 318I 1991,Bmw,318I,1991
269,Bmw 318I 1992,Bmw,318I,1992
270,Bmw 318I 1993,Bmw,318I,1993
271,Bmw 318I 1994,Bmw,318I,1994
272,Bmw 318I 1995,Bmw,318I,1995
273,Bmw 318I 1996,Bmw,318I,1996
274,Bmw 318I 1997,Bmw,318I,1997
275,Bmw 318I 1998,Bmw,318I,1998
276,Bmw 318I Convertible 1994,Bmw,318I Convertible,1994
277,Bmw 320I 1981,Bmw,320I,1981
278,Bmw 320I 1983,Bmw,320I,1983
279,Bmw 320I 1993,Bmw,320I,1993
280,Bmw 320I 2003,Bmw,320I,2003
281,Bmw 320I 2004,Bmw,320I,2004
282,Bmw 320I 2014,Bmw,320I,2014
283,Bmw 323I 1998,Bmw,323I,1998
284,Bmw 323I 1999,Bmw,323I,1999
285,Bmw 323I 2000,Bmw,323I,2000
286,Bmw 323I 2001,Bmw,323I,2001
287,Bmw 323I 2006,Bmw,323I,2006
288,Bmw 323I 2007,Bmw,323I,2007
289,Bmw 323I 2008,Bmw,323I,2008
290,Bmw 323I 2011,Bmw,323I,2011
291,Bmw 325Ci 2001,Bmw,325Ci,2001
292,Bmw 325Ci 2002,Bmw,325Ci,2002
293,Bmw 325Ci 2003,Bmw,325Ci,2003
294,Bmw 325Ci 2004,Bmw,325Ci,2004
295,Bmw 325E 1984,Bmw,325E,1984
296,Bmw 325E 1985,Bmw,325E,1985
297,Bmw 325E 1986,Bmw,325E,1986
298,Bmw 325I 1987,Bmw,325I,1987
299,Bmw 325I 1989,Bmw,325I,1989
300,Bmw 325I 1990,Bmw,325I,1990
301,Bmw 325I 1991,Bmw,325I,1991
302,Bmw 325I 1992,Bmw,325I,1992
303,Bmw 325I 1993,Bmw,325I,1993
304,Bmw 325I 1994,Bmw,325I,1994
305,Bmw 325I 1995,Bmw,325I,1995
306,Bmw 325I 1998,Bmw,325I,1998
307,Bmw 325I 1999,Bmw,325I,1999
308,Bmw 325I 2000,Bmw,325I,2000
309,Bmw 325I 2001,Bmw,325I,2001
310,Bmw 325I 2002,Bmw,325I,2002
311,Bmw 325I 2003,Bmw,325I,2003
312,Bmw 325I 2004,Bmw,325I,2004
313,Bmw 325I 2005,Bmw,325I,2005
314,Bmw 325I 2006,Bmw,325I,2006
315,Bmw 325I 2007,Bmw,325I,2007
316,Bmw 325I Wagon 2001,Bmw,325I Wagon,2001
317,Bmw 325Is 1994,Bmw,325Is,1994
318,Bmw 325Xi 2002,Bmw,325Xi,2002
319,Bmw 325Xi 2003,Bmw,325Xi,2003
320,Bmw 325Xi 2005,Bmw,325Xi,2005
321,Bmw 325Xi 2006,Bmw,325Xi,2006
322,Bmw 325Xi Wagon 2002,Bmw,325Xi Wagon,2002
323,Bmw 328I 1996,Bmw,328I,1996
324,Bmw 328I 1997,Bmw,328I,1997
325,Bmw 328I 1998,Bmw,328I,1998
326,Bmw 328I 1999,Bmw,328I,1999
327,Bmw 328I 2000,Bmw,328I,2000
328,Bmw 328I 2001,Bmw,328I,2001
329,Bmw 328I 2003,Bmw,328I,2003
330,Bmw 328I 2007,Bmw,328I,2007
331,Bmw 328I 2008,Bmw,328I,2008
332,Bmw 328I 2009,Bmw,328I,2009
333,Bmw 328I 2010,Bmw,328I,2010
334,Bmw 328I 2011,Bmw,328I,2011
335,Bmw 328I 2012,Bmw,328I,2012
336,Bmw 328I 2013,Bmw,328I,2013
337,Bmw 328I 2014,Bmw,328I,2014
338,Bmw 328Ic 1997,Bmw,328Ic,1997
339,Bmw 328Ic 1998,Bmw,328Ic,1998
340,Bmw 328Ic 2007,Bmw,328Ic,2007
341,Bmw 328Ic 2010,Bmw,328Ic,2010
342,Bmw 328Is 1996,Bmw,328Is,1996
343,Bmw 328Is 1998,Bmw,328Is,1998
344,Bmw 328Xi 2006,Bmw,328Xi,2006
345,Bmw 328Xi 2007,Bmw,328Xi,2007
346,Bmw 328Xi 2008,Bmw,328Xi,2008
347,Bmw 328Xi 2010,Bmw,328Xi,2010
348,Bmw 328Xi 2011,Bmw,328Xi,2011
349,Bmw 328Xi 2013,Bmw,328Xi,2013
350,Bmw 330Ci 2001,Bmw,330Ci,2001
351,Bmw 330Ci 2002,Bmw,330Ci,2002
352,Bmw 330Ci 2003,Bmw,330Ci,2003
353,Bmw 330Ci 2004,Bmw,330Ci,2004
354,Bmw 330Ci 2005,Bmw,330Ci,2005
355,Bmw 330Ci 2006,Bmw,330Ci,2006
356,Bmw 330I 2001,Bmw,330I,2001
357,Bmw 330I 2002,Bmw,330I,2002
358,Bmw 330I 2003,Bmw,330I,2003
359,Bmw 330I 2004,Bmw,330I,2004
360,Bmw 330I 2005,Bmw,330I,2005
361,Bmw 330I 2006,Bmw,330I,2006
362,Bmw 330Xi 2002,Bmw,330Xi,2002
363,Bmw 330Xi 2003,Bmw,330Xi,2003
364,Bmw 330Xi 2004,Bmw,330Xi,2004
365,Bmw 330Xi 2006,Bmw,330Xi,2006
366,Bmw 335I 2001,Bmw,335I,2001
367,Bmw 335I 2007,Bmw,335I,2007
368,Bmw 335I 2008,Bmw,335I,2008
369,Bmw 335I 2009,Bmw,335I,2009
370,Bmw 335I 2010,Bmw,335I,2010
371,Bmw 335I 2011,Bmw,335I,2011
372,Bmw 335I 2012,Bmw,335I,2012
373,Bmw 335I 2013,Bmw,335I,2013
374,Bmw 335I 2014,Bmw,335I,2014
375,Bmw 335I 2015,Bmw,335I,2015
376,Bmw 335Xi 2007,Bmw,335Xi,2007
377,Bmw 335Xi 2008,Bmw,335Xi,2008
378,Bmw 3Series 1999,Bmw,3Series,1999
379,Bmw 3Series 2004,Bmw,3Series,2004
380,Bmw 3Series 2006,Bmw,3Series,2006
381,Bmw 3Series 2008,Bmw,3Series,2008
382,Bmw 3Series 2010,Bmw,3Series,2010
383,Bmw 3Series 2013,Bmw,3Series,2013
384,Bmw 428I 2014,Bmw,428I,2014
385,Bmw 428I 2015,Bmw,428I,2015
386,Bmw 435I 2015,Bmw,435I,2015
387,Bmw 525I 1990,Bmw,525I,1990
388,Bmw 525I 1991,Bmw,525I,1991
389,Bmw 525I 1992,Bmw,525I,1992
390,Bmw 525I 1993,Bmw,525I,1993
391,Bmw 525I 1994,Bmw,525I,1994
392,Bmw 525I 1995,Bmw,525I,1995
393,Bmw 525I 1997,Bmw,525I,1997
394,Bmw 525I 2001,Bmw,525I,2001
395,Bmw 525I 2002,Bmw,525I,2002
396,Bmw 525I 2003,Bmw,525I,2003
397,Bmw 525I 2004,Bmw,525I,2004
398,Bmw 525I 2005,Bmw,525I,2005
399,Bmw 525I 2006,Bmw,525I,2006
400,Bmw 525I 2007,Bmw,525I,2007
401,Bmw 525Xi 2006,Bmw,525Xi,2006
402,Bmw 528E 1987,Bmw,528E,1987
403,Bmw 528I 1997,Bmw,528I,1997
404,Bmw 528I 1998,Bmw,528I,1998
405,Bmw 528I 1999,Bmw,528I,1999
406,Bmw 528I 2000,Bmw,528I,2000
407,Bmw 528I 2001,Bmw,528I,2001
408,Bmw 528I 2008,Bmw,528I,2008
409,Bmw 528I 2009,Bmw,528I,2009
410,Bmw 528I 2010,Bmw,528I,2010
411,Bmw 528I 2011,Bmw,528I,2011
412,Bmw 528I 2012,Bmw,528I,2012
413,Bmw 528I 2013,Bmw,528I,2013
414,Bmw 528Xi 2008,Bmw,528Xi,2008
415,Bmw 528Xi 2009,Bmw,528Xi,2009
416,Bmw 530I 1994,Bmw,530I,1994
417,Bmw 530I 1995,Bmw,530I,1995
418,Bmw 530I 2001,Bmw,530I,2001
419,Bmw 530I 2002,Bmw,530I,2002
420,Bmw 530I 2003,Bmw,530I,2003
421,Bmw 530I 2004,Bmw,530I,2004
422,Bmw 530I 2005,Bmw,530I,2005
423,Bmw 530I 2006,Bmw,530I,2006
424,Bmw 530I 2007,Bmw,530I,2007
425,Bmw 530Xi 2006,Bmw,530Xi,2006
426,Bmw 530Xi 2007,Bmw,530Xi,2007
427,Bmw 530Xi Wagon 2006,Bmw,530Xi Wagon,2006
428,Bmw 535I 1988,Bmw,535I,1988
429,Bmw 535I 1990,Bmw,535I,1990
430,Bmw 535I 1992,Bmw,535I,1992
431,Bmw 535I 2008,Bmw,535I,2008
432,Bmw 535I 2009,Bmw,535I,2009
433,Bmw 535I 2010,Bmw,535I,2010
434,Bmw 535I 2011,Bmw,535I,2011
435,Bmw 535I 2012,Bmw,535I,2012
436,Bmw 535I 2013,Bmw,535I,2013
437,Bmw 535Xi 2008,Bmw,535Xi,2008
438,Bmw 535Xi 2009,Bmw,535Xi,2009
439,Bmw 538I 1998,Bmw,538I,1998
440,Bmw 540I 1994,Bmw,540I,1994
441,Bmw 540I 1995,Bmw,540I,1995
442,Bmw 540I 1997,Bmw,540I,1997
443,Bmw 540I 1998,Bmw,540I,1998
444,Bmw 540I 1999,Bmw,540I,1999
445,Bmw 540I 2000,Bmw,540I,2000
446,Bmw 540I 2001,Bmw,540I,2001
447,Bmw 540I 2002,Bmw,540I,2002
448,Bmw 540I 2003,Bmw,540I,2003
449,Bmw 545I 2004,Bmw,545I,2004
450,Bmw 545I 2005,Bmw,545I,2005
451,Bmw 550I 2006,Bmw,550I,2006
452,Bmw 550I 2007,Bmw,550I,2007
453,Bmw 550I 2008,Bmw,550I,2008
454,Bmw 550I 2009,Bmw,550I,2009
455,Bmw 550I 2011,Bmw,550I,2011
456,Bmw 550I 2012,Bmw,550I,2012
457,Bmw 5Series 2001,Bmw,5Series,2001
458,Bmw 635Csi 1978,Bmw,635Csi,1978
459,Bmw 635Csi 1985,Bmw,635Csi,1985
460,Bmw 635Csi 1986,Bmw,635Csi,1986
461,Bmw 635Csi 1987,Bmw,635Csi,1987
462,Bmw 640I 2014,Bmw,640I,2014
463,Bmw 645Ci 2004,Bmw,645Ci,2004
464,Bmw 645Ci 2005,Bmw,645Ci,2005
465,Bmw 650I 2006,Bmw,650I,2006
466,Bmw 650I 2007,Bmw,650I,2007
467,Bmw 650I 2008,Bmw,650I,2008
468,Bmw 650I 2009,Bmw,650I,2009
469,Bmw 650I Convertible 2012,Bmw,650I Convertible,2012
470,Bmw 730I 2005,Bmw,730I,2005
471,Bmw 735I 1985,Bmw,735I,1985
472,Bmw 735I 1988,Bmw,735I,1988
473,Bmw 740I 1994,Bmw,740I,1994
474,Bmw 740I 1995,Bmw,740I,1995
475,Bmw 740I 1996,Bmw,740I,1996
476,Bmw 740I 1997,Bmw,740I,1997
477,Bmw 740I 1998,Bmw,740I,1998
478,Bmw 740I 1999,Bmw,740I,1999
479,Bmw 740I 2000,Bmw,740I,2000
480,Bmw 740I 2001,Bmw,740I,2001
481,Bmw 740I 2002,Bmw,740I,2002
482,Bmw 740I 2011,Bmw,740I,2011
483,Bmw 740I 2013,Bmw,740I,2013
484,Bmw 745I 2002,Bmw,745I,2002
485,Bmw 745I 2003,Bmw,745I,2003
486,Bmw 745I 2004,Bmw,745I,2004
487,Bmw 745I 2005,Bmw,745I,2005
488,Bmw 750I 1998,Bmw,750I,1998
489,Bmw 750I 2006,Bmw,750I,2006
490,Bmw 750I 2007,Bmw,750I,2007
491,Bmw 750I 2008,Bmw,750I,2008
492,Bmw 750I 2009,Bmw,750I,2009
493,Bmw 750I 2010,Bmw,750I,2010
494,Bmw 750I 2012,Bmw,750I,2012
495,Bmw 750I 2014,Bmw,750I,2014
496,Bmw 760I 2003,Bmw,760I,2003
497,Bmw 760I 2004,Bmw,760I,2004
498,Bmw 760I 2006,Bmw,760I,2006
499,Bmw 7Series 1998,Bmw,7Series,1998
500,Bmw 7Series 2003,Bmw,7Series,2003
501,Bmw 7Series 2013,Bmw,7Series,2013
502,Bmw 850Ci 1993,Bmw,850Ci,1993
503,Bmw 850Ci 1996,Bmw,850Ci,1996
504,Bmw 850I 1991,Bmw,850I,1991
505,Bmw 850I 1992,Bmw,850I,1992
506,Bmw E30 1987,Bmw,E30,1987
507,Bmw E30 1991,Bmw,E30,1991
508,Bmw E36 1996,Bmw,E36,1996
509,Bmw E36 1997,Bmw,E36,1997
510,Bmw E39 2002,Bmw,E39,2002
511,Bmw E53 2004,Bmw,E53,2004
512,Bmw E93 2007,Bmw,E93,2007
513,Bmw I3 2014,Bmw,I3,2014
514,Bmw M3 1992,Bmw,M3,1992
515,Bmw M3 1995,Bmw,M3,1995
516,Bmw M3 1997,Bmw,M3,1997
517,Bmw M3 1998,Bmw,M3,1998
518,Bmw M3 1999,Bmw,M3,1999
519,Bmw M3 2001,Bmw,M3,2001
520,Bmw M3 2002,Bmw,M3,2002
521,Bmw M3 2003,Bmw,M3,2003
522,Bmw M3 2004,Bmw,M3,2004
523,Bmw M3 2005,Bmw,M3,2005
524,Bmw M3 2006,Bmw,M3,2006
525,Bmw M3 2007,Bmw,M3,2007
526,Bmw M3 2008,Bmw,M3,2008
527,Bmw M3 2009,Bmw,M3,2009
528,Bmw M3 2011,Bmw,M3,2011
529,Bmw M3 2012,Bmw,M3,2012
530,Bmw M3 2013,Bmw,M3,2013
531,Bmw M3 Convertible 2004,Bmw,M3 Convertible,2004
532,Bmw M3 Convertible 2008,Bmw,M3 Convertible,2008
533,Bmw M5 1999,Bmw,M5,1999
534,Bmw M5 2000,Bmw,M5,2000
535,Bmw M5 2001,Bmw,M5,2001
536,Bmw M5 2002,Bmw,M5,2002
537,Bmw M5 2003,Bmw,M5,2003
538,Bmw M5 2006,Bmw,M5,2006
539,Bmw M5 2007,Bmw,M5,2007
540,Bmw M5 2008,Bmw,M5,2008
541,Bmw M5 2013,Bmw,M5,2013
542,Bmw M6 2006,Bmw,M6,2006
543,Bmw M6 2007,Bmw,M6,2007
544,Bmw M6 2008,Bmw,M6,2008
545,Bmw M Roadster 1998,Bmw,M Roadster,1998
546,Bmw M Roadster 2000,Bmw,M Roadster,2000
547,Bmw X1 2013,Bmw,X1,2013
548,Bmw X1 2014,Bmw,X1,2014
549,Bmw X3 2004,Bmw,X3,2004
550,Bmw X3 2005,Bmw,X3,2005
551,Bmw X3 2006,Bmw,X3,2006
552,Bmw X3 2007,Bmw,X3,2007
553,Bmw X3 2008,Bmw,X3,2008
554,Bmw X3 2009,Bmw,X3,2009
555,Bmw X3 2010,Bmw,X3,2010
556,Bmw X3 2011,Bmw,X3,2011
557,Bmw X5 2000,Bmw,X5,2000
558,Bmw X5 2001,Bmw,X5,2001
559,Bmw X5 2002,Bmw,X5,2002
560,Bmw X5 2003,Bmw,X5,2003
561,Bmw X5 2004,Bmw,X5,2004
562,Bmw X5 2005,Bmw,X5,2005
563,Bmw X5 2006,Bmw,X5,2006
564,Bmw X5 2007,Bmw,X5,2007
565,Bmw X5 2008,Bmw,X5,2008
566,Bmw X5 2009,Bmw,X5,2009
567,Bmw X5 2010,Bmw,X5,2010
568,Bmw X5 2011,Bmw,X5,2011
569,Bmw X5 2012,Bmw,X5,2012
570,Bmw X5 2013,Bmw,X5,2013
571,Bmw X5 2014,Bmw,X5,2014
572,Bmw X6 2013,Bmw,X6,2013
573,Bmw Z3 1996,Bmw,Z3,1996
574,Bmw Z3 1997,Bmw,Z3,1997
575,Bmw Z3 1998,Bmw,Z3,1998
576,Bmw Z3 1999,Bmw,Z3,1999
577,Bmw Z3 2000,Bmw,Z3,2000
578,Bmw Z3 2001,Bmw,Z3,2001
579,Bmw Z3 2002,Bmw,Z3,2002
580,Bmw Z4 2003,Bmw,Z4,2003
581,Bmw Z4 2004,Bmw,Z4,2004
582,Bmw Z4 2005,Bmw,Z4,2005
583,Bmw Z4 2006,Bmw,Z4,2006
584,Bmw Z4 2007,Bmw,Z4,2007
585,Bmw Z4 2009,Bmw,Z4,2009
586,Bmw Z4 2010,Bmw,Z4,2010
587,Bradley Gt 1973,Bradley,Gt,1973
588,Bradley Gt 1974,Bradley,Gt,1974
589,Buick Century 1989,Buick,Century,1989
590,Buick Century 1991,Buick,Century,1991
591,Buick Century 1992,Buick,Century,1992
592,Buick Century 1993,Buick,Century,1993
593,Buick Century 1994,Buick,Century,1994
594,Buick Century 1995,Buick,Century,1995
595,Buick Century 1996,Buick,Century,1996
596,Buick Century 1997,Buick,Century,1997
597,Buick Century 1998,Buick,Century,1998
598,Buick Century 1999,Buick,Century,1999
599,Buick Century 2000,Buick,Century,2000
600,Buick Century 2001,Buick,Century,2001
601,Buick Century 2002,Buick,Century,2002
602,Buick Century 2003,Buick,Century,2003
603,Buick Century 2004,Buick,Century,2004
604,Buick Century 2005,Buick,Century,2005
605,Buick Electra 1968,Buick,Electra,1968
606,Buick Electra 1970,Buick,Electra,1970
607,Buick Electra 1972,Buick,Electra,1972
608,Buick Electra 1973,Buick,Electra,1973
609,Buick Electra 1977,Buick,Electra,1977
610,Buick Enclave 2008,Buick,Enclave,2008
611,Buick Enclave 2009,Buick,Enclave,2009
612,Buick Enclave 2010,Buick,Enclave,2010
613,Buick Enclave 2011,Buick,Enclave,2011
614,Buick Enclave 2012,Buick,Enclave,2012
615,Buick Enclave 2013,Buick,Enclave,2013
616,Buick Encore 2013,Buick,Encore,2013
617,Buick Encore 2015,Buick,Encore,2015
618,Buick Grandnational 1986,Buick,Grandnational,1986
619,Buick Grandnational 1987,Buick,Grandnational,1987
620,Buick Gs 1965,Buick,Gs,1965
621,Buick Gs 1969,Buick,Gs,1969
622,Buick Gs 1970,Buick,Gs,1970
623,Buick Gs 1972,Buick,Gs,1972
624,Buick Lacrosse 2005,Buick,Lacrosse,2005
625,Buick Lacrosse 2006,Buick,Lacrosse,2006
626,Buick Lacrosse 2007,Buick,Lacrosse,2007
627,Buick Lacrosse 2008,Buick,Lacrosse,2008
628,Buick Lacrosse 2009,Buick,Lacrosse,2009
629,Buick Lacrosse 2010,Buick,Lacrosse,2010
630,Buick Lacrosse 2011,Buick,Lacrosse,2011
631,Buick Lacrosse 2012,Buick,Lacrosse,2012
632,Buick Lacrosse 2013,Buick,Lacrosse,2013
633,Buick Lacrosse 2014,Buick,Lacrosse,2014
634,Buick Lacrosse 2015,Buick,Lacrosse,2015
635,Buick Lesabre 1960,Buick,Lesabre,1960
636,Buick Lesabre 1965,Buick,Lesabre,1965
637,Buick Lesabre 1969,Buick,Lesabre,1969
638,Buick Lesabre 1979,Buick,Lesabre,1979
639,Buick Lesabre 1994,Buick,Lesabre,1994
640,Buick Lesabre 1995,Buick,Lesabre,1995
641,Buick Lesabre 1996,Buick,Lesabre,1996
642,Buick Lesabre 1997,Buick,Lesabre,1997
643,Buick Lesabre 1998,Buick,Lesabre,1998
644,Buick Lesabre 1999,Buick,Lesabre,1999
645,Buick Lesabre 2000,Buick,Lesabre,2000
646,Buick Lesabre 2001,Buick,Lesabre,2001
647,Buick Lesabre 2002,Buick,Lesabre,2002
648,Buick Lesabre 2003,Buick,Lesabre,2003
649,Buick Lesabre 2004,Buick,Lesabre,2004
650,Buick Lesabre 2005,Buick,Lesabre,2005
651,Buick Lucerne 2006,Buick,Lucerne,2006
652,Buick Lucerne 2007,Buick,Lucerne,2007
653,Buick Lucerne 2008,Buick,Lucerne,2008
654,Buick Lucerne 2009,Buick,Lucerne,2009
655,Buick Lucerne 2010,Buick,Lucerne,2010
656,Buick Parkavenue 1989,Buick,Parkavenue,1989
657,Buick Parkavenue 1991,Buick,Parkavenue,1991
658,Buick Parkavenue 1992,Buick,Parkavenue,1992
659,Buick Parkavenue 1993,Buick,Parkavenue,1993
660,Buick Parkavenue 1994,Buick,Parkavenue,1994
661,Buick Parkavenue 1995,Buick,Parkavenue,1995
662,Buick Parkavenue 1996,Buick,Parkavenue,1996
663,Buick Parkavenue 1997,Buick,Parkavenue,1997
664,Buick Parkavenue 1998,Buick,Parkavenue,1998
665,Buick Parkavenue 1999,Buick,Parkavenue,1999
666,Buick Parkavenue 2000,Buick,Parkavenue,2000
667,Buick Parkavenue 2001,Buick,Parkavenue,2001
668,Buick Parkavenue 2002,Buick,Parkavenue,2002
669,Buick Parkavenue 2003,Buick,Parkavenue,2003
670,Buick Parkavenue 2004,Buick,Parkavenue,2004
671,Buick Parkavenue 2005,Buick,Parkavenue,2005
672,Buick Rainier 2004,Buick,Rainier,2004
673,Buick Rainier 2005,Buick,Rainier,2005
674,Buick Rainier 2006,Buick,Rainier,2006
675,Buick Rainier 2007,Buick,Rainier,2007
676,Buick Reatta 1988,Buick,Reatta,1988
677,Buick Reatta 1989,Buick,Reatta,1989
678,Buick Reatta 1990,Buick,Reatta,1990
679,Buick Regal 1978,Buick,Regal,1978
680,Buick Regal 1979,Buick,Regal,1979
681,Buick Regal 1980,Buick,Regal,1980
682,Buick Regal 1981,Buick,Regal,1981
683,Buick Regal 1982,Buick,Regal,1982
684,Buick Regal 1983,Buick,Regal,1983
685,Buick Regal 1984,Buick,Regal,1984
686,Buick Regal 1985,Buick,Regal,1985
687,Buick Regal 1986,Buick,Regal,1986
688,Buick Regal 1987,Buick,Regal,1987
689,Buick Regal 1990,Buick,Regal,1990
690,Buick Regal 1991,Buick,Regal,1991
691,Buick Regal 1992,Buick,Regal,1992
692,Buick Regal 1994,Buick,Regal,1994
693,Buick Regal 1995,Buick,Regal,1995
694,Buick Regal 1996,Buick,Regal,1996
695,Buick Regal 1997,Buick,Regal,1997
696,Buick Regal 1998,Buick,Regal,1998
697,Buick Regal 1999,Buick,Regal,1999
698,Buick Regal 2000,Buick,Regal,2000
699,Buick Regal 2001,Buick,Regal,2001
700,Buick Regal 2002,Buick,Regal,2002
701,Buick Regal 2003,Buick,Regal,2003
702,Buick Regal 2004,Buick,Regal,2004
703,Buick Regal 2011,Buick,Regal,2011
704,Buick Regal 2012,Buick,Regal,2012
705,Buick Regal 2013,Buick,Regal,2013
706,Buick Rendezvous 2002,Buick,Rendezvous,2002
707,Buick Rendezvous 2003,Buick,Rendezvous,2003
708,Buick Rendezvous 2004,Buick,Rendezvous,2004
709,Buick Rendezvous 2005,Buick,Rendezvous,2005
710,Buick Rendezvous 2006,Buick,Rendezvous,2006
711,Buick Rendezvous 2007,Buick,Rendezvous,2007
712,Buick Riviera 1963,Buick,Riviera,1963
713,Buick Riviera 1964,Buick,Riviera,1964
714,Buick Riviera 1970,Buick,Riviera,1970
715,Buick Riviera 1972,Buick,Riviera,1972
716,Buick Riviera 1982,Buick,Riviera,1982
717,Buick Riviera 1983,Buick,Riviera,1983
718,Buick Riviera 1984,Buick,Riviera,1984
719,Buick Riviera 1985,Buick,Riviera,1985
720,Buick Riviera 1989,Buick,Riviera,1989
721,Buick Riviera 1991,Buick,Riviera,1991
722,Buick Riviera 1992,Buick,Riviera,1992
723,Buick Riviera 1994,Buick,Riviera,1994
724,Buick Riviera 1995,Buick,Riviera,1995
725,Buick Riviera 1996,Buick,Riviera,1996
726,Buick Riviera 1997,Buick,Riviera,1997
727,Buick Riviera 1998,Buick,Riviera,1998
728,Buick Roadmaster 1938,Buick,Roadmaster,1938
729,Buick Roadmaster 1992,Buick,Roadmaster,1992
730,Buick Roadmaster 1993,Buick,Roadmaster,1993
731,Buick Roadmaster 1994,Buick,Roadmaster,1994
732,Buick Roadmaster 1995,Buick,Roadmaster,1995
733,Buick Roadmaster 1996,Buick,Roadmaster,1996
734,Buick Skylark 1963,Buick,Skylark,1963
735,Buick Skylark 1964,Buick,Skylark,1964
736,Buick Skylark 1965,Buick,Skylark,1965
737,Buick Skylark 1970,Buick,Skylark,1970
738,Buick Skylark 1972,Buick,Skylark,1972
739,Buick Skylark 1975,Buick,Skylark,1975
740,Buick Skylark 1976,Buick,Skylark,1976
741,Buick Skylark 1991,Buick,Skylark,1991
742,Buick Skylark 1995,Buick,Skylark,1995
743,Buick Skylark 1997,Buick,Skylark,1997
744,Buick Skylark 1998,Buick,Skylark,1998
745,Buick Special 1940,Buick,Special,1940
746,Buick Special 1941,Buick,Special,1941
747,Buick Special 1952,Buick,Special,1952
748,Buick Special 1957,Buick,Special,1957
749,Buick Special 1965,Buick,Special,1965
750,Buick Super 1948,Buick,Super,1948
751,Buick T Type 1984,Buick,T Type,1984
752,Buick Terraza 2005,Buick,Terraza,2005
753,Buick Terraza 2006,Buick,Terraza,2006
754,Buick Terraza 2007,Buick,Terraza,2007
755,Buick Verano 2012,Buick,Verano,2012
756,Buick Verano 2013,Buick,Verano,2013
757,Buick Verano 2014,Buick,Verano,2014
758,Buick Wildcat 1964,Buick,Wildcat,1964
759,Buick Wildcat 1965,Buick,Wildcat,1965
760,Cadillac Allante 1987,Cadillac,Allante,1987
761,Cadillac Allante 1991,Cadillac,Allante,1991
762,Cadillac Allante 1992,Cadillac,Allante,1992
763,Cadillac Allante 1993,Cadillac,Allante,1993
764,Cadillac Ats 2013,Cadillac,Ats,2013
765,Cadillac Ats 2015,Cadillac,Ats,2015
766,Cadillac Brougham 1981,Cadillac,Brougham,1981
767,Cadillac Brougham 1987,Cadillac,Brougham,1987
768,Cadillac Brougham 1989,Cadillac,Brougham,1989
769,Cadillac Brougham 1990,Cadillac,Brougham,1990
770,Cadillac Brougham 1991,Cadillac,Brougham,1991
771,Cadillac Brougham 1992,Cadillac,Brougham,1992
772,Cadillac Calais 1968,Cadillac,Calais,1968
773,Cadillac Catera 1997,Cadillac,Catera,1997
774,Cadillac Catera 1998,Cadillac,Catera,1998
775,Cadillac Catera 1999,Cadillac,Catera,1999
776,Cadillac Catera 2000,Cadillac,Catera,2000
777,Cadillac Catera 2001,Cadillac,Catera,2001
778,Cadillac Cts 2000,Cadillac,Cts,2000
779,Cadillac Cts 2001,Cadillac,Cts,2001
780,Cadillac Cts 2002,Cadillac,Cts,2002
781,Cadillac Cts 2003,Cadillac,Cts,2003
782,Cadillac Cts 2004,Cadillac,Cts,2004
783,Cadillac Cts 2005,Cadillac,Cts,2005
784,Cadillac Cts 2006,Cadillac,Cts,2006
785,Cadillac Cts 2007,Cadillac,Cts,2007
786,Cadillac Cts 2008,Cadillac,Cts,2008
787,Cadillac Cts 2009,Cadillac,Cts,2009
788,Cadillac Cts 2010,Cadillac,Cts,2010
789,Cadillac Cts 2011,Cadillac,Cts,2011
790,Cadillac Cts 2012,Cadillac,Cts,2012
791,Cadillac Cts 2013,Cadillac,Cts,2013
792,Cadillac Cts 2014,Cadillac,Cts,2014
793,Cadillac Cts Wagon 2011,Cadillac,Cts Wagon,2011
794,Cadillac Deville 1950,Cadillac,Deville,1950
795,Cadillac Deville 1957,Cadillac,Deville,1957
796,Cadillac Deville 1962,Cadillac,Deville,1962
797,Cadillac Deville 1964,Cadillac,Deville,1964
798,Cadillac Deville 1965,Cadillac,Deville,1965
799,Cadillac Deville 1967,Cadillac,Deville,1967
800,Cadillac Deville 1968,Cadillac,Deville,1968
801,Cadillac Deville 1976,Cadillac,Deville,1976
802,Cadillac Deville 1977,Cadillac,Deville,1977
803,Cadillac Deville 1979,Cadillac,Deville,1979
804,Cadillac Deville 1985,Cadillac,Deville,1985
805,Cadillac Deville 1987,Cadillac,Deville,1987
806,Cadillac Deville 1988,Cadillac,Deville,1988
807,Cadillac Deville 1989,Cadillac,Deville,1989
808,Cadillac Deville 1990,Cadillac,Deville,1990
809,Cadillac Deville 1991,Cadillac,Deville,1991
810,Cadillac Deville 1992,Cadillac,Deville,1992
811,Cadillac Deville 1993,Cadillac,Deville,1993
812,Cadillac Deville 1994,Cadillac,Deville,1994
813,Cadillac Deville 1995,Cadillac,Deville,1995
814,Cadillac Deville 1996,Cadillac,Deville,1996
815,Cadillac Deville 1997,Cadillac,Deville,1997
816,Cadillac Deville 1998,Cadillac,Deville,1998
817,Cadillac Deville 1999,Cadillac,Deville,1999
818,Cadillac Deville 2000,Cadillac,Deville,2000
819,Cadillac Deville 2001,Cadillac,Deville,2001
820,Cadillac Deville 2002,Cadillac,Deville,2002
821,Cadillac Deville 2003,Cadillac,Deville,2003
822,Cadillac Deville 2004,Cadillac,Deville,2004
823,Cadillac Deville 2005,Cadillac,Deville,2005
824,Cadillac Deville 2006,Cadillac,Deville,2006
825,Cadillac Deville 2007,Cadillac,Deville,2007
826,Cadillac Deville 2008,Cadillac,Deville,2008
827,Cadillac Deville 2009,Cadillac,Deville,2009
828,Cadillac Eldorado 1967,Cadillac,Eldorado,1967
829,Cadillac Eldorado 1968,Cadillac,Eldorado,1968
830,Cadillac Eldorado 1975,Cadillac,Eldorado,1975
831,Cadillac Eldorado 1976,Cadillac,Eldorado,1976
832,Cadillac Eldorado 1979,Cadillac,Eldorado,1979
833,Cadillac Eldorado 1980,Cadillac,Eldorado,1980
834,Cadillac Eldorado 1983,Cadillac,Eldorado,1983
835,Cadillac Eldorado 1984,Cadillac,Eldorado,1984
836,Cadillac Eldorado 1985,Cadillac,Eldorado,1985
837,Cadillac Eldorado 1987,Cadillac,Eldorado,1987
838,Cadillac Eldorado 1988,Cadillac,Eldorado,1988
839,Cadillac Eldorado 1989,Cadillac,Eldorado,1989
840,Cadillac Eldorado 1990,Cadillac,Eldorado,1990
841,Cadillac Eldorado 1992,Cadillac,Eldorado,1992
842,Cadillac Eldorado 1993,Cadillac,Eldorado,1993
843,Cadillac Eldorado 1994,Cadillac,Eldorado,1994
844,Cadillac Eldorado 1995,Cadillac,Eldorado,1995
845,Cadillac Eldorado 1996,Cadillac,Eldorado,1996
846,Cadillac Eldorado 1997,Cadillac,Eldorado,1997
847,Cadillac Eldorado 1998,Cadillac,Eldorado,1998
848,Cadillac Eldorado 1999,Cadillac,Eldorado,1999
849,Cadillac Eldorado 2000,Cadillac,Eldorado,2000
850,Cadillac Eldorado 2001,Cadillac,Eldorado,2001
851,Cadillac Eldorado 2002,Cadillac,Eldorado,2002
852,Cadillac Escalade 1999,Cadillac,Escalade,1999
853,Cadillac Escalade 2000,Cadillac,Escalade,2000
854,Cadillac Escalade 2002,Cadillac,Escalade,2002
855,Cadillac Escalade 2003,Cadillac,Escalade,2003
856,Cadillac Escalade 2004,Cadillac,Escalade,2004
857,Cadillac Escalade 2005,Cadillac,Escalade,2005
858,Cadillac Escalade 2006,Cadillac,Escalade,2006
859,Cadillac Escalade 2007,Cadillac,Escalade,2007
860,Cadillac Escalade 2008,Cadillac,Escalade,2008
861,Cadillac Escalade 2009,Cadillac,Escalade,2009
862,Cadillac Escalade 2010,Cadillac,Escalade,2010
863,Cadillac Escalade 2011,Cadillac,Escalade,2011
864,Cadillac Escalade 2012,Cadillac,Escalade,2012
865,Cadillac Escalade 2013,Cadillac,Escalade,2013
866,Cadillac Fleetwood 1955,Cadillac,Fleetwood,1955
867,Cadillac Fleetwood 1976,Cadillac,Fleetwood,1976
868,Cadillac Fleetwood 1983,Cadillac,Fleetwood,1983
869,Cadillac Fleetwood 1984,Cadillac,Fleetwood,1984
870,Cadillac Fleetwood 1989,Cadillac,Fleetwood,1989
871,Cadillac Fleetwood 1990,Cadillac,Fleetwood,1990
872,Cadillac Fleetwood 1993,Cadillac,Fleetwood,1993
873,Cadillac Fleetwood 1994,Cadillac,Fleetwood,1994
874,Cadillac Fleetwood 1995,Cadillac,Fleetwood,1995
875,Cadillac Fleetwood 1996,Cadillac,Fleetwood,1996
876,Cadillac Seville 1978,Cadillac,Seville,1978
877,Cadillac Seville 1984,Cadillac,Seville,1984
878,Cadillac Seville 1988,Cadillac,Seville,1988
879,Cadillac Seville 1989,Cadillac,Seville,1989
880,Cadillac Seville 1990,Cadillac,Seville,1990
881,Cadillac Seville 1991,Cadillac,Seville,1991
882,Cadillac Seville 1992,Cadillac,Seville,1992
883,Cadillac Seville 1993,Cadillac,Seville,1993
884,Cadillac Seville 1994,Cadillac,Seville,1994
885,Cadillac Seville 1995,Cadillac,Seville,1995
886,Cadillac Seville 1996,Cadillac,Seville,1996
887,Cadillac Seville 1997,Cadillac,Seville,1997
888,Cadillac Seville 1999,Cadillac,Seville,1999
889,Cadillac Seville 2000,Cadillac,Seville,2000
890,Cadillac Seville 2001,Cadillac,Seville,2001
891,Cadillac Seville 2002,Cadillac,Seville,2002
892,Cadillac Seville 2003,Cadillac,Seville,2003
893,Cadillac Seville 2004,Cadillac,Seville,2004
894,Cadillac Srx 2004,Cadillac,Srx,2004
895,Cadillac Srx 2005,Cadillac,Srx,2005
896,Cadillac Srx 2006,Cadillac,Srx,2006
897,Cadillac Srx 2007,Cadillac,Srx,2007
898,Cadillac Srx 2008,Cadillac,Srx,2008
899,Cadillac Srx 2009,Cadillac,Srx,2009
900,Cadillac Srx 2010,Cadillac,Srx,2010
901,Cadillac Srx 2011,Cadillac,Srx,2011
902,Cadillac Srx 2012,Cadillac,Srx,2012
903,Cadillac Srx 2013,Cadillac,Srx,2013
904,Cadillac Srx 2014,Cadillac,Srx,2014
905,Cadillac Sts 1993,Cadillac,Sts,1993
906,Cadillac Sts 1994,Cadillac,Sts,1994
907,Cadillac Sts 1995,Cadillac,Sts,1995
908,Cadillac Sts 1996,Cadillac,Sts,1996
909,Cadillac Sts 1997,Cadillac,Sts,1997
910,Cadillac Sts 1998,Cadillac,Sts,1998
911,Cadillac Sts 1999,Cadillac,Sts,1999
912,Cadillac Sts 2000,Cadillac,Sts,2000
913,Cadillac Sts 2001,Cadillac,Sts,2001
914,Cadillac Sts 2002,Cadillac,Sts,2002
915,Cadillac Sts 2003,Cadillac,Sts,2003
916,Cadillac Sts 2004,Cadillac,Sts,2004
917,Cadillac Sts 2005,Cadillac,Sts,2005
918,Cadillac Sts 2006,Cadillac,Sts,2006
919,Cadillac Sts 2007,Cadillac,Sts,2007
920,Cadillac Sts 2008,Cadillac,Sts,2008
921,Cadillac Sts 2009,Cadillac,Sts,2009
922,Cadillac Sts 2011,Cadillac,Sts,2011
923,Cadillac Xlr 2004,Cadillac,Xlr,2004
924,Cadillac Xlr 2005,Cadillac,Xlr,2005
925,Cadillac Xts 2013,Cadillac,Xts,2013
926,Can Am Outlander 2013,Can,Am Outlander,2013
927,Can Am Spyder 2009,Can,Am Spyder,2009
928,Chevrolet 1 Ton 1979,Chevrolet,1 Ton,1979
929,Chevrolet 1 Ton 1985,Chevrolet,1 Ton,1985
930,Chevrolet 210 1953,Chevrolet,210,1953
931,Chevrolet 210 1954,Chevrolet,210,1954
932,Chevrolet 210 1955,Chevrolet,210,1955
933,Chevrolet 210 1956,Chevrolet,210,1956
934,Chevrolet 210 1957,Chevrolet,210,1957
935,Chevrolet 210 2017,Chevrolet,210,2017
936,Chevrolet 3100 1948,Chevrolet,3100,1948
937,Chevrolet 3100 1950,Chevrolet,3100,1950
938,Chevrolet 3100 1951,Chevrolet,3100,1951
939,Chevrolet 3100 1953,Chevrolet,3100,1953
940,Chevrolet 3100 1956,Chevrolet,3100,1956
941,Chevrolet 3600 1950,Chevrolet,3600,1950
942,Chevrolet Apache 1957,Chevrolet,Apache,1957
943,Chevrolet Apache 1958,Chevrolet,Apache,1958
944,Chevrolet Apache 1959,Chevrolet,Apache,1959
945,Chevrolet Apache 1960,Chevrolet,Apache,1960
946,Chevrolet Astor 1985,Chevrolet,Astor,1985
947,Chevrolet Astro 1987,Chevrolet,Astro,1987
948,Chevrolet Astro 1990,Chevrolet,Astro,1990
949,Chevrolet Astro 1992,Chevrolet,Astro,1992
950,Chevrolet Astro 1993,Chevrolet,Astro,1993
951,Chevrolet Astro 1994,Chevrolet,Astro,1994
952,Chevrolet Astro 1995,Chevrolet,Astro,1995
953,Chevrolet Astro 1996,Chevrolet,Astro,1996
954,Chevrolet Astro 1997,Chevrolet,Astro,1997
955,Chevrolet Astro 1998,Chevrolet,Astro,1998
956,Chevrolet Astro 1999,Chevrolet,Astro,1999
957,Chevrolet Astro 2000,Chevrolet,Astro,2000
958,Chevrolet Astro 2001,Chevrolet,Astro,2001
959,Chevrolet Astro 2002,Chevrolet,Astro,2002
960,Chevrolet Astro 2003,Chevrolet,Astro,2003
961,Chevrolet Astro 2004,Chevrolet,Astro,2004
962,Chevrolet Astro 2005,Chevrolet,Astro,2005
963,Chevrolet Avalanche 2001,Chevrolet,Avalanche,2001
964,Chevrolet Avalanche 2002,Chevrolet,Avalanche,2002
965,Chevrolet Avalanche 2003,Chevrolet,Avalanche,2003
966,Chevrolet Avalanche 2004,Chevrolet,Avalanche,2004
967,Chevrolet Avalanche 2005,Chevrolet,Avalanche,2005
968,Chevrolet Avalanche 2006,Chevrolet,Avalanche,2006
969,Chevrolet Avalanche 2007,Chevrolet,Avalanche,2007
970,Chevrolet Avalanche 2008,Chevrolet,Avalanche,2008
971,Chevrolet Avalanche 2009,Chevrolet,Avalanche,2009
972,Chevrolet Avalanche 2012,Chevrolet,Avalanche,2012
973,Chevrolet Avalanche 2013,Chevrolet,Avalanche,2013
974,Chevrolet Aveo 2003,Chevrolet,Aveo,2003
975,Chevrolet Aveo 2004,Chevrolet,Aveo,2004
976,Chevrolet Aveo 2005,Chevrolet,Aveo,2005
977,Chevrolet Aveo 2006,Chevrolet,Aveo,2006
978,Chevrolet Aveo 2007,Chevrolet,Aveo,2007
979,Chevrolet Aveo 2008,Chevrolet,Aveo,2008
980,Chevrolet Aveo 2009,Chevrolet,Aveo,2009
981,Chevrolet Aveo 2010,Chevrolet,Aveo,2010
982,Chevrolet Aveo 2011,Chevrolet,Aveo,2011
983,Chevrolet Bel Air 1953,Chevrolet,Bel Air,1953
984,Chevrolet Bel Air 1954,Chevrolet,Bel Air,1954
985,Chevrolet Bel Air 1955,Chevrolet,Bel Air,1955
986,Chevrolet Bel Air 1956,Chevrolet,Bel Air,1956
987,Chevrolet Bel Air 1957,Chevrolet,Bel Air,1957
988,Chevrolet Bel Air 1959,Chevrolet,Bel Air,1959
989,Chevrolet Bel Air 1960,Chevrolet,Bel Air,1960
990,Chevrolet Bel Air 1962,Chevrolet,Bel Air,1962
991,Chevrolet Bel Air 1965,Chevrolet,Bel Air,1965
992,Chevrolet Bel Air 1967,Chevrolet,Bel Air,1967
993,Chevrolet Bel Air 1968,Chevrolet,Bel Air,1968
994,Chevrolet Beretta 1994,Chevrolet,Beretta,1994
995,Chevrolet Beretta 1995,Chevrolet,Beretta,1995
996,Chevrolet Beretta 1996,Chevrolet,Beretta,1996
997,Chevrolet Blazer 1971,Chevrolet,Blazer,1971
998,Chevrolet Blazer 1972,Chevrolet,Blazer,1972
999,Chevrolet Blazer 1973,Chevrolet,Blazer,1973
1000,Chevrolet Blazer 1974,Chevrolet,Blazer,1974
1001,Chevrolet Blazer 1975,Chevrolet,Blazer,1975
1002,Chevrolet Blazer 1976,Chevrolet,Blazer,1976
1003,Chevrolet Blazer 1977,Chevrolet,Blazer,1977
1004,Chevrolet Blazer 1978,Chevrolet,Blazer,1978
1005,Chevrolet Blazer 1979,Chevrolet,Blazer,1979
1006,Chevrolet Blazer 1980,Chevrolet,Blazer,1980
1007,Chevrolet Blazer 1981,Chevrolet,Blazer,1981
1008,Chevrolet Blazer 1982,Chevrolet,Blazer,1982
1009,Chevrolet Blazer 1983,Chevrolet,Blazer,1983
1010,Chevrolet Blazer 1984,Chevrolet,Blazer,1984
1011,Chevrolet Blazer 1985,Chevrolet,Blazer,1985
1012,Chevrolet Blazer 1986,Chevrolet,Blazer,1986
1013,Chevrolet Blazer 1987,Chevrolet,Blazer,1987
1014,Chevrolet Blazer 1988,Chevrolet,Blazer,1988
1015,Chevrolet Blazer 1989,Chevrolet,Blazer,1989
1016,Chevrolet Blazer 1990,Chevrolet,Blazer,1990
1017,Chevrolet Blazer 1991,Chevrolet,Blazer,1991
1018,Chevrolet Blazer 1992,Chevrolet,Blazer,1992
1019,Chevrolet Blazer 1993,Chevrolet,Blazer,1993
1020,Chevrolet Blazer 1994,Chevrolet,Blazer,1994
1021,Chevrolet Blazer 1995,Chevrolet,Blazer,1995
1022,Chevrolet Blazer 1996,Chevrolet,Blazer,1996
1023,Chevrolet Blazer 1997,Chevrolet,Blazer,1997
1024,Chevrolet Blazer 1998,Chevrolet,Blazer,1998
1025,Chevrolet Blazer 1999,Chevrolet,Blazer,1999
1026,Chevrolet Blazer 2000,Chevrolet,Blazer,2000
1027,Chevrolet Blazer 2001,Chevrolet,Blazer,2001
1028,Chevrolet Blazer 2002,Chevrolet,Blazer,2002
1029,Chevrolet Blazer 2003,Chevrolet,Blazer,2003
1030,Chevrolet Blazer 2004,Chevrolet,Blazer,2004
1031,Chevrolet Blazer 2005,Chevrolet,Blazer,2005
1032,Chevrolet Blazer 2008,Chevrolet,Blazer,2008
1033,Chevrolet Bonanza 1979,Chevrolet,Bonanza,1979
1034,Chevrolet C-K1500 1988,Chevrolet,C-K1500,1988
1035,Chevrolet C-K1500 1989,Chevrolet,C-K1500,1989
1036,Chevrolet C-K1500 1990,Chevrolet,C-K1500,1990
1037,Chevrolet C-K1500 1991,Chevrolet,C-K1500,1991
1038,Chevrolet C-K1500 1992,Chevrolet,C-K1500,1992
1039,Chevrolet C-K1500 1993,Chevrolet,C-K1500,1993
1040,Chevrolet C-K1500 1994,Chevrolet,C-K1500,1994
1041,Chevrolet C-K1500 1995,Chevrolet,C-K1500,1995
1042,Chevrolet C-K1500 1996,Chevrolet,C-K1500,1996
1043,Chevrolet C-K1500 1997,Chevrolet,C-K1500,1997
1044,Chevrolet C-K1500 1998,Chevrolet,C-K1500,1998
1045,Chevrolet C-K1500 1999,Chevrolet,C-K1500,1999
1046,Chevrolet C-K2500 1992,Chevrolet,C-K2500,1992
1047,Chevrolet C-K2500 1993,Chevrolet,C-K2500,1993
1048,Chevrolet C-K2500 1994,Chevrolet,C-K2500,1994
1049,Chevrolet C-K2500 1995,Chevrolet,C-K2500,1995
1050,Chevrolet C-K2500 1996,Chevrolet,C-K2500,1996
1051,Chevrolet C-K2500 1997,Chevrolet,C-K2500,1997
1052,Chevrolet C-K2500 1998,Chevrolet,C-K2500,1998
1053,Chevrolet C-K2500 2000,Chevrolet,C-K2500,2000
1054,Chevrolet C-K3500 1993,Chevrolet,C-K3500,1993
1055,Chevrolet C-K3500 1994,Chevrolet,C-K3500,1994
1056,Chevrolet C-K3500 1995,Chevrolet,C-K3500,1995
1057,Chevrolet C-K3500 1997,Chevrolet,C-K3500,1997
1058,Chevrolet C-K3500 1998,Chevrolet,C-K3500,1998
1059,Chevrolet C-K3500 1999,Chevrolet,C-K3500,1999
1060,Chevrolet C10 1954,Chevrolet,C10,1954
1061,Chevrolet C10 1962,Chevrolet,C10,1962
1062,Chevrolet C10 1963,Chevrolet,C10,1963
1063,Chevrolet C10 1964,Chevrolet,C10,1964
1064,Chevrolet C10 1965,Chevrolet,C10,1965
1065,Chevrolet C10 1966,Chevrolet,C10,1966
1066,Chevrolet C10 1967,Chevrolet,C10,1967
1067,Chevrolet C10 1968,Chevrolet,C10,1968
1068,Chevrolet C10 1969,Chevrolet,C10,1969
1069,Chevrolet C10 1970,Chevrolet,C10,1970
1070,Chevrolet C10 1971,Chevrolet,C10,1971
1071,Chevrolet C10 1972,Chevrolet,C10,1972
1072,Chevrolet C10 1973,Chevrolet,C10,1973
1073,Chevrolet C10 1974,Chevrolet,C10,1974
1074,Chevrolet C10 1975,Chevrolet,C10,1975
1075,Chevrolet C10 1976,Chevrolet,C10,1976
1076,Chevrolet C10 1977,Chevrolet,C10,1977
1077,Chevrolet C10 1978,Chevrolet,C10,1978
1078,Chevrolet C10 1979,Chevrolet,C10,1979
1079,Chevrolet C10 1980,Chevrolet,C10,1980
1080,Chevrolet C10 1981,Chevrolet,C10,1981
1081,Chevrolet C10 1982,Chevrolet,C10,1982
1082,Chevrolet C10 1983,Chevrolet,C10,1983
1083,Chevrolet C10 1984,Chevrolet,C10,1984
1084,Chevrolet C10 1985,Chevrolet,C10,1985
1085,Chevrolet C10 1986,Chevrolet,C10,1986
1086,Chevrolet C10 1987,Chevrolet,C10,1987
1087,Chevrolet C10 1993,Chevrolet,C10,1993
1088,Chevrolet C10 2002,Chevrolet,C10,2002
1089,Chevrolet C20 1964,Chevrolet,C20,1964
1090,Chevrolet C20 1965,Chevrolet,C20,1965
1091,Chevrolet C20 1966,Chevrolet,C20,1966
1092,Chevrolet C20 1970,Chevrolet,C20,1970
1093,Chevrolet C20 1972,Chevrolet,C20,1972
1094,Chevrolet C20 1984,Chevrolet,C20,1984
1095,Chevrolet C20 1985,Chevrolet,C20,1985
1096,Chevrolet C20 1995,Chevrolet,C20,1995
1097,Chevrolet C30 1969,Chevrolet,C30,1969
1098,Chevrolet C30 1972,Chevrolet,C30,1972
1099,Chevrolet C60 1987,Chevrolet,C60,1987
1100,Chevrolet Camaro 1957,Chevrolet,Camaro,1957
1101,Chevrolet Camaro 1967,Chevrolet,Camaro,1967
1102,Chevrolet Camaro 1968,Chevrolet,Camaro,1968
1103,Chevrolet Camaro 1969,Chevrolet,Camaro,1969
1104,Chevrolet Camaro 1970,Chevrolet,Camaro,1970
1105,Chevrolet Camaro 1971,Chevrolet,Camaro,1971
1106,Chevrolet Camaro 1972,Chevrolet,Camaro,1972
1107,Chevrolet Camaro 1973,Chevrolet,Camaro,1973
1108,Chevrolet Camaro 1974,Chevrolet,Camaro,1974
1109,Chevrolet Camaro 1975,Chevrolet,Camaro,1975
1110,Chevrolet Camaro 1976,Chevrolet,Camaro,1976
1111,Chevrolet Camaro 1977,Chevrolet,Camaro,1977
1112,Chevrolet Camaro 1978,Chevrolet,Camaro,1978
1113,Chevrolet Camaro 1979,Chevrolet,Camaro,1979
1114,Chevrolet Camaro 1980,Chevrolet,Camaro,1980
1115,Chevrolet Camaro 1981,Chevrolet,Camaro,1981
1116,Chevrolet Camaro 1982,Chevrolet,Camaro,1982
1117,Chevrolet Camaro 1983,Chevrolet,Camaro,1983
1118,Chevrolet Camaro 1984,Chevrolet,Camaro,1984
1119,Chevrolet Camaro 1985,Chevrolet,Camaro,1985
1120,Chevrolet Camaro 1986,Chevrolet,Camaro,1986
1121,Chevrolet Camaro 1987,Chevrolet,Camaro,1987
1122,Chevrolet Camaro 1988,Chevrolet,Camaro,1988
1123,Chevrolet Camaro 1989,Chevrolet,Camaro,1989
1124,Chevrolet Camaro 1990,Chevrolet,Camaro,1990
1125,Chevrolet Camaro 1991,Chevrolet,Camaro,1991
1126,Chevrolet Camaro 1992,Chevrolet,Camaro,1992
1127,Chevrolet Camaro 1993,Chevrolet,Camaro,1993
1128,Chevrolet Camaro 1994,Chevrolet,Camaro,1994
1129,Chevrolet Camaro 1995,Chevrolet,Camaro,1995
1130,Chevrolet Camaro 1996,Chevrolet,Camaro,1996
1131,Chevrolet Camaro 1997,Chevrolet,Camaro,1997
1132,Chevrolet Camaro 1998,Chevrolet,Camaro,1998
1133,Chevrolet Camaro 1999,Chevrolet,Camaro,1999
1134,Chevrolet Camaro 2000,Chevrolet,Camaro,2000
1135,Chevrolet Camaro 2001,Chevrolet,Camaro,2001
1136,Chevrolet Camaro 2002,Chevrolet,Camaro,2002
1137,Chevrolet Camaro 2010,Chevrolet,Camaro,2010
1138,Chevrolet Camaro 2011,Chevrolet,Camaro,2011
1139,Chevrolet Camaro 2012,Chevrolet,Camaro,2012
1140,Chevrolet Camaro 2013,Chevrolet,Camaro,2013
1141,Chevrolet Camaro 2014,Chevrolet,Camaro,2014
1142,Chevrolet Camaro 2015,Chevrolet,Camaro,2015
1143,Chevrolet Caprice 1966,Chevrolet,Caprice,1966
1144,Chevrolet Caprice 1967,Chevrolet,Caprice,1967
1145,Chevrolet Caprice 1973,Chevrolet,Caprice,1973
1146,Chevrolet Caprice 1974,Chevrolet,Caprice,1974
1147,Chevrolet Caprice 1975,Chevrolet,Caprice,1975
1148,Chevrolet Caprice 1976,Chevrolet,Caprice,1976
1149,Chevrolet Caprice 1982,Chevrolet,Caprice,1982
1150,Chevrolet Caprice 1983,Chevrolet,Caprice,1983
1151,Chevrolet Caprice 1984,Chevrolet,Caprice,1984
1152,Chevrolet Caprice 1985,Chevrolet,Caprice,1985
1153,Chevrolet Caprice 1987,Chevrolet,Caprice,1987
1154,Chevrolet Caprice 1988,Chevrolet,Caprice,1988
1155,Chevrolet Caprice 1989,Chevrolet,Caprice,1989
1156,Chevrolet Caprice 1991,Chevrolet,Caprice,1991
1157,Chevrolet Caprice 1992,Chevrolet,Caprice,1992
1158,Chevrolet Caprice 1993,Chevrolet,Caprice,1993
1159,Chevrolet Caprice 1994,Chevrolet,Caprice,1994
1160,Chevrolet Caprice 1995,Chevrolet,Caprice,1995
1161,Chevrolet Caprice 1996,Chevrolet,Caprice,1996
1162,Chevrolet Captiva 2012,Chevrolet,Captiva,2012
1163,Chevrolet Captiva 2013,Chevrolet,Captiva,2013
1164,Chevrolet Cavalier 1988,Chevrolet,Cavalier,1988
1165,Chevrolet Cavalier 1989,Chevrolet,Cavalier,1989
1166,Chevrolet Cavalier 1990,Chevrolet,Cavalier,1990
1167,Chevrolet Cavalier 1991,Chevrolet,Cavalier,1991
1168,Chevrolet Cavalier 1992,Chevrolet,Cavalier,1992
1169,Chevrolet Cavalier 1993,Chevrolet,Cavalier,1993
1170,Chevrolet Cavalier 1994,Chevrolet,Cavalier,1994
1171,Chevrolet Cavalier 1995,Chevrolet,Cavalier,1995
1172,Chevrolet Cavalier 1996,Chevrolet,Cavalier,1996
1173,Chevrolet Cavalier 1997,Chevrolet,Cavalier,1997
1174,Chevrolet Cavalier 1998,Chevrolet,Cavalier,1998
1175,Chevrolet Cavalier 1999,Chevrolet,Cavalier,1999
1176,Chevrolet Cavalier 2000,Chevrolet,Cavalier,2000
1177,Chevrolet Cavalier 2001,Chevrolet,Cavalier,2001
1178,Chevrolet Cavalier 2002,Chevrolet,Cavalier,2002
1179,Chevrolet Cavalier 2003,Chevrolet,Cavalier,2003
1180,Chevrolet Cavalier 2004,Chevrolet,Cavalier,2004
1181,Chevrolet Cavalier 2005,Chevrolet,Cavalier,2005
1182,Chevrolet Cavalier 2006,Chevrolet,Cavalier,2006
1183,Chevrolet Celebrity 1988,Chevrolet,Celebrity,1988
1184,Chevrolet Celebrity 1989,Chevrolet,Celebrity,1989
1185,Chevrolet Chevelle 1965,Chevrolet,Chevelle,1965
1186,Chevrolet Chevelle 1966,Chevrolet,Chevelle,1966
1187,Chevrolet Chevelle 1967,Chevrolet,Chevelle,1967
1188,Chevrolet Chevelle 1968,Chevrolet,Chevelle,1968
1189,Chevrolet Chevelle 1969,Chevrolet,Chevelle,1969
1190,Chevrolet Chevelle 1970,Chevrolet,Chevelle,1970
1191,Chevrolet Chevelle 1971,Chevrolet,Chevelle,1971
1192,Chevrolet Chevelle 1972,Chevrolet,Chevelle,1972
1193,Chevrolet Chevette 1964,Chevrolet,Chevette,1964
1194,Chevrolet Chevette 1983,Chevrolet,Chevette,1983
1195,Chevrolet Cheyenne 1971,Chevrolet,Cheyenne,1971
1196,Chevrolet Cheyenne 1972,Chevrolet,Cheyenne,1972
1197,Chevrolet Cheyenne 1976,Chevrolet,Cheyenne,1976
1198,Chevrolet Cheyenne 1978,Chevrolet,Cheyenne,1978
1199,Chevrolet Cheyenne 1990,Chevrolet,Cheyenne,1990
1200,Chevrolet Cheyenne 1992,Chevrolet,Cheyenne,1992
1201,Chevrolet Cheyenne 1993,Chevrolet,Cheyenne,1993
1202,Chevrolet Cheyenne 1995,Chevrolet,Cheyenne,1995
1203,Chevrolet Cheyenne 1996,Chevrolet,Cheyenne,1996
1204,Chevrolet Cheyenne 1997,Chevrolet,Cheyenne,1997
1205,Chevrolet Cheyenne 1998,Chevrolet,Cheyenne,1998
1206,Chevrolet Classic 1955,Chevrolet,Classic,1955
1207,Chevrolet Classic 1967,Chevrolet,Classic,1967
1208,Chevrolet Classic 1979,Chevrolet,Classic,1979
1209,Chevrolet Classic 2004,Chevrolet,Classic,2004
1210,Chevrolet Classic 2005,Chevrolet,Classic,2005
1211,Chevrolet Cobalt 2005,Chevrolet,Cobalt,2005
1212,Chevrolet Cobalt 2006,Chevrolet,Cobalt,2006
1213,Chevrolet Cobalt 2007,Chevrolet,Cobalt,2007
1214,Chevrolet Cobalt 2008,Chevrolet,Cobalt,2008
1215,Chevrolet Cobalt 2009,Chevrolet,Cobalt,2009
1216,Chevrolet Cobalt 2010,Chevrolet,Cobalt,2010
1217,Chevrolet Colorado 2003,Chevrolet,Colorado,2003
1218,Chevrolet Colorado 2004,Chevrolet,Colorado,2004
1219,Chevrolet Colorado 2005,Chevrolet,Colorado,2005
1220,Chevrolet Colorado 2006,Chevrolet,Colorado,2006
1221,Chevrolet Colorado 2007,Chevrolet,Colorado,2007
1222,Chevrolet Colorado 2008,Chevrolet,Colorado,2008
1223,Chevrolet Colorado 2009,Chevrolet,Colorado,2009
1224,Chevrolet Colorado 2010,Chevrolet,Colorado,2010
1225,Chevrolet Colorado 2011,Chevrolet,Colorado,2011
1226,Chevrolet Colorado 2012,Chevrolet,Colorado,2012
1227,Chevrolet Colorado 2016,Chevrolet,Colorado,2016
1228,Chevrolet Corsica 1989,Chevrolet,Corsica,1989
1229,Chevrolet Corsica 1992,Chevrolet,Corsica,1992
1230,Chevrolet Corsica 1994,Chevrolet,Corsica,1994
1231,Chevrolet Corsica 1996,Chevrolet,Corsica,1996
1232,Chevrolet Corvair 1964,Chevrolet,Corvair,1964
1233,Chevrolet Corvair 1965,Chevrolet,Corvair,1965
1234,Chevrolet Corvette 1958,Chevrolet,Corvette,1958
1235,Chevrolet Corvette 1959,Chevrolet,Corvette,1959
1236,Chevrolet Corvette 1963,Chevrolet,Corvette,1963
1237,Chevrolet Corvette 1964,Chevrolet,Corvette,1964
1238,Chevrolet Corvette 1965,Chevrolet,Corvette,1965
1239,Chevrolet Corvette 1966,Chevrolet,Corvette,1966
1240,Chevrolet Corvette 1967,Chevrolet,Corvette,1967
1241,Chevrolet Corvette 1968,Chevrolet,Corvette,1968
1242,Chevrolet Corvette 1969,Chevrolet,Corvette,1969
1243,Chevrolet Corvette 1970,Chevrolet,Corvette,1970
1244,Chevrolet Corvette 1971,Chevrolet,Corvette,1971
1245,Chevrolet Corvette 1972,Chevrolet,Corvette,1972
1246,Chevrolet Corvette 1973,Chevrolet,Corvette,1973
1247,Chevrolet Corvette 1974,Chevrolet,Corvette,1974
1248,Chevrolet Corvette 1975,Chevrolet,Corvette,1975
1249,Chevrolet Corvette 1976,Chevrolet,Corvette,1976
1250,Chevrolet Corvette 1977,Chevrolet,Corvette,1977
1251,Chevrolet Corvette 1978,Chevrolet,Corvette,1978
1252,Chevrolet Corvette 1979,Chevrolet,Corvette,1979
1253,Chevrolet Corvette 1980,Chevrolet,Corvette,1980
1254,Chevrolet Corvette 1981,Chevrolet,Corvette,1981
1255,Chevrolet Corvette 1982,Chevrolet,Corvette,1982
1256,Chevrolet Corvette 1984,Chevrolet,Corvette,1984
1257,Chevrolet Corvette 1985,Chevrolet,Corvette,1985
1258,Chevrolet Corvette 1986,Chevrolet,Corvette,1986
1259,Chevrolet Corvette 1987,Chevrolet,Corvette,1987
1260,Chevrolet Corvette 1988,Chevrolet,Corvette,1988
1261,Chevrolet Corvette 1989,Chevrolet,Corvette,1989
1262,Chevrolet Corvette 1990,Chevrolet,Corvette,1990
1263,Chevrolet Corvette 1991,Chevrolet,Corvette,1991
1264,Chevrolet Corvette 1992,Chevrolet,Corvette,1992
1265,Chevrolet Corvette 1993,Chevrolet,Corvette,1993
1266,Chevrolet Corvette 1994,Chevrolet,Corvette,1994
1267,Chevrolet Corvette 1995,Chevrolet,Corvette,1995
1268,Chevrolet Corvette 1996,Chevrolet,Corvette,1996
1269,Chevrolet Corvette 1997,Chevrolet,Corvette,1997
1270,Chevrolet Corvette 1998,Chevrolet,Corvette,1998
1271,Chevrolet Corvette 1999,Chevrolet,Corvette,1999
1272,Chevrolet Corvette 2000,Chevrolet,Corvette,2000
1273,Chevrolet Corvette 2001,Chevrolet,Corvette,2001
1274,Chevrolet Corvette 2002,Chevrolet,Corvette,2002
1275,Chevrolet Corvette 2003,Chevrolet,Corvette,2003
1276,Chevrolet Corvette 2004,Chevrolet,Corvette,2004
1277,Chevrolet Corvette 2005,Chevrolet,Corvette,2005
1278,Chevrolet Corvette 2006,Chevrolet,Corvette,2006
1279,Chevrolet Corvette 2007,Chevrolet,Corvette,2007
1280,Chevrolet Corvette 2008,Chevrolet,Corvette,2008
1281,Chevrolet Corvette 2009,Chevrolet,Corvette,2009
1282,Chevrolet Corvette 2010,Chevrolet,Corvette,2010
1283,Chevrolet Corvette 2011,Chevrolet,Corvette,2011
1284,Chevrolet Corvette 2012,Chevrolet,Corvette,2012
1285,Chevrolet Corvette 2013,Chevrolet,Corvette,2013
1286,Chevrolet Corvette 2014,Chevrolet,Corvette,2014
1287,Chevrolet Corvette 2015,Chevrolet,Corvette,2015
1288,Chevrolet Cruze 2011,Chevrolet,Cruze,2011
1289,Chevrolet Cruze 2012,Chevrolet,Cruze,2012
1290,Chevrolet Cruze 2013,Chevrolet,Cruze,2013
1291,Chevrolet Cruze 2014,Chevrolet,Cruze,2014
1292,Chevrolet Cruze 2015,Chevrolet,Cruze,2015
1293,Chevrolet Cruze 2016,Chevrolet,Cruze,2016
1294,Chevrolet Deluxe 1936,Chevrolet,Deluxe,1936
1295,Chevrolet Deluxe 1941,Chevrolet,Deluxe,1941
1296,Chevrolet Deluxe 1949,Chevrolet,Deluxe,1949
1297,Chevrolet Deluxe 1952,Chevrolet,Deluxe,1952
1298,Chevrolet Deluxe 1979,Chevrolet,Deluxe,1979
1299,Chevrolet Deluxe 1986,Chevrolet,Deluxe,1986
1300,Chevrolet El Camino 1960,Chevrolet,El Camino,1960
1301,Chevrolet El Camino 1964,Chevrolet,El Camino,1964
1302,Chevrolet El Camino 1965,Chevrolet,El Camino,1965
1303,Chevrolet El Camino 1967,Chevrolet,El Camino,1967
1304,Chevrolet El Camino 1969,Chevrolet,El Camino,1969
1305,Chevrolet El Camino 1971,Chevrolet,El Camino,1971
1306,Chevrolet El Camino 1972,Chevrolet,El Camino,1972
1307,Chevrolet El Camino 1973,Chevrolet,El Camino,1973
1308,Chevrolet El Camino 1974,Chevrolet,El Camino,1974
1309,Chevrolet El Camino 1976,Chevrolet,El Camino,1976
1310,Chevrolet El Camino 1978,Chevrolet,El Camino,1978
1311,Chevrolet El Camino 1979,Chevrolet,El Camino,1979
1312,Chevrolet El Camino 1981,Chevrolet,El Camino,1981
1313,Chevrolet El Camino 1982,Chevrolet,El Camino,1982
1314,Chevrolet El Camino 1983,Chevrolet,El Camino,1983
1315,Chevrolet El Camino 1984,Chevrolet,El Camino,1984
1316,Chevrolet El Camino 1985,Chevrolet,El Camino,1985
1317,Chevrolet El Camino 1987,Chevrolet,El Camino,1987
1318,Chevrolet El Camino 1997,Chevrolet,El Camino,1997
1319,Chevrolet Equinox 2005,Chevrolet,Equinox,2005
1320,Chevrolet Equinox 2006,Chevrolet,Equinox,2006
1321,Chevrolet Equinox 2007,Chevrolet,Equinox,2007
1322,Chevrolet Equinox 2008,Chevrolet,Equinox,2008
1323,Chevrolet Equinox 2009,Chevrolet,Equinox,2009
1324,Chevrolet Equinox 2010,Chevrolet,Equinox,2010
1325,Chevrolet Equinox 2011,Chevrolet,Equinox,2011
1326,Chevrolet Equinox 2012,Chevrolet,Equinox,2012
1327,Chevrolet Equinox 2013,Chevrolet,Equinox,2013
1328,Chevrolet Equinox 2014,Chevrolet,Equinox,2014
1329,Chevrolet Equinox 2015,Chevrolet,Equinox,2015
1330,Chevrolet Express 1997,Chevrolet,Express,1997
1331,Chevrolet Express 1998,Chevrolet,Express,1998
1332,Chevrolet Express 1999,Chevrolet,Express,1999
1333,Chevrolet Express 2000,Chevrolet,Express,2000
1334,Chevrolet Express 2001,Chevrolet,Express,2001
1335,Chevrolet Express 2002,Chevrolet,Express,2002
1336,Chevrolet Express 2003,Chevrolet,Express,2003
1337,Chevrolet Express 2004,Chevrolet,Express,2004
1338,Chevrolet Express 2005,Chevrolet,Express,2005
1339,Chevrolet Express 2006,Chevrolet,Express,2006
1340,Chevrolet Express 2007,Chevrolet,Express,2007
1341,Chevrolet Express 2008,Chevrolet,Express,2008
1342,Chevrolet Express 2009,Chevrolet,Express,2009
1343,Chevrolet Express 2011,Chevrolet,Express,2011
1344,Chevrolet Express 2012,Chevrolet,Express,2012
1345,Chevrolet Express 2015,Chevrolet,Express,2015
1346,Chevrolet Express 2016,Chevrolet,Express,2016
1347,Chevrolet Fleetline 1950,Chevrolet,Fleetline,1950
1348,Chevrolet Fleetmaster 1948,Chevrolet,Fleetmaster,1948
1349,Chevrolet Fleetside 1963,Chevrolet,Fleetside,1963
1350,Chevrolet G10 1968,Chevrolet,G10,1968
1351,Chevrolet G20 1985,Chevrolet,G20,1985
1352,Chevrolet G20 1995,Chevrolet,G20,1995
1353,Chevrolet Hhr 2006,Chevrolet,Hhr,2006
1354,Chevrolet Hhr 2007,Chevrolet,Hhr,2007
1355,Chevrolet Hhr 2008,Chevrolet,Hhr,2008
1356,Chevrolet Hhr 2009,Chevrolet,Hhr,2009
1357,Chevrolet Hhr 2010,Chevrolet,Hhr,2010
1358,Chevrolet Hhr 2011,Chevrolet,Hhr,2011
1359,Chevrolet Impala 1958,Chevrolet,Impala,1958
1360,Chevrolet Impala 1959,Chevrolet,Impala,1959
1361,Chevrolet Impala 1960,Chevrolet,Impala,1960
1362,Chevrolet Impala 1961,Chevrolet,Impala,1961
1363,Chevrolet Impala 1962,Chevrolet,Impala,1962
1364,Chevrolet Impala 1963,Chevrolet,Impala,1963
1365,Chevrolet Impala 1964,Chevrolet,Impala,1964
1366,Chevrolet Impala 1965,Chevrolet,Impala,1965
1367,Chevrolet Impala 1966,Chevrolet,Impala,1966
1368,Chevrolet Impala 1967,Chevrolet,Impala,1967
1369,Chevrolet Impala 1968,Chevrolet,Impala,1968
1370,Chevrolet Impala 1969,Chevrolet,Impala,1969
1371,Chevrolet Impala 1970,Chevrolet,Impala,1970
1372,Chevrolet Impala 1972,Chevrolet,Impala,1972
1373,Chevrolet Impala 1973,Chevrolet,Impala,1973
1374,Chevrolet Impala 1975,Chevrolet,Impala,1975
1375,Chevrolet Impala 1976,Chevrolet,Impala,1976
1376,Chevrolet Impala 1979,Chevrolet,Impala,1979
1377,Chevrolet Impala 1994,Chevrolet,Impala,1994
1378,Chevrolet Impala 1995,Chevrolet,Impala,1995
1379,Chevrolet Impala 1996,Chevrolet,Impala,1996
1380,Chevrolet Impala 2000,Chevrolet,Impala,2000
1381,Chevrolet Impala 2001,Chevrolet,Impala,2001
1382,Chevrolet Impala 2002,Chevrolet,Impala,2002
1383,Chevrolet Impala 2003,Chevrolet,Impala,2003
1384,Chevrolet Impala 2004,Chevrolet,Impala,2004
1385,Chevrolet Impala 2005,Chevrolet,Impala,2005
1386,Chevrolet Impala 2006,Chevrolet,Impala,2006
1387,Chevrolet Impala 2007,Chevrolet,Impala,2007
1388,Chevrolet Impala 2008,Chevrolet,Impala,2008
1389,Chevrolet Impala 2009,Chevrolet,Impala,2009
1390,Chevrolet Impala 2010,Chevrolet,Impala,2010
1391,Chevrolet Impala 2011,Chevrolet,Impala,2011
1392,Chevrolet Impala 2012,Chevrolet,Impala,2012
1393,Chevrolet Impala 2013,Chevrolet,Impala,2013
1394,Chevrolet Impala 2014,Chevrolet,Impala,2014
1395,Chevrolet Impala 2015,Chevrolet,Impala,2015
1396,Chevrolet K10 1969,Chevrolet,K10,1969
1397,Chevrolet K10 1972,Chevrolet,K10,1972
1398,Chevrolet K10 1973,Chevrolet,K10,1973
1399,Chevrolet K10 1976,Chevrolet,K10,1976
1400,Chevrolet K10 1979,Chevrolet,K10,1979
1401,Chevrolet K10 1981,Chevrolet,K10,1981
1402,Chevrolet K10 1982,Chevrolet,K10,1982
1403,Chevrolet K10 1983,Chevrolet,K10,1983
1404,Chevrolet K10 1984,Chevrolet,K10,1984
1405,Chevrolet K10 1985,Chevrolet,K10,1985
1406,Chevrolet K10 1986,Chevrolet,K10,1986
1407,Chevrolet K20 1973,Chevrolet,K20,1973
1408,Chevrolet K20 1974,Chevrolet,K20,1974
1409,Chevrolet K20 1981,Chevrolet,K20,1981
1410,Chevrolet K20 1986,Chevrolet,K20,1986
1411,Chevrolet Kodiak 2003,Chevrolet,Kodiak,2003
1412,Chevrolet Lumina 1990,Chevrolet,Lumina,1990
1413,Chevrolet Lumina 1991,Chevrolet,Lumina,1991
1414,Chevrolet Lumina 1992,Chevrolet,Lumina,1992
1415,Chevrolet Lumina 1993,Chevrolet,Lumina,1993
1416,Chevrolet Lumina 1994,Chevrolet,Lumina,1994
1417,Chevrolet Lumina 1995,Chevrolet,Lumina,1995
1418,Chevrolet Lumina 1996,Chevrolet,Lumina,1996
1419,Chevrolet Lumina 1997,Chevrolet,Lumina,1997
1420,Chevrolet Lumina 1998,Chevrolet,Lumina,1998
1421,Chevrolet Lumina 1999,Chevrolet,Lumina,1999
1422,Chevrolet Lumina 2000,Chevrolet,Lumina,2000
1423,Chevrolet Lumina 2001,Chevrolet,Lumina,2001
1424,Chevrolet Malibu 1965,Chevrolet,Malibu,1965
1425,Chevrolet Malibu 1967,Chevrolet,Malibu,1967
1426,Chevrolet Malibu 1969,Chevrolet,Malibu,1969
1427,Chevrolet Malibu 1971,Chevrolet,Malibu,1971
1428,Chevrolet Malibu 1974,Chevrolet,Malibu,1974
1429,Chevrolet Malibu 1975,Chevrolet,Malibu,1975
1430,Chevrolet Malibu 1976,Chevrolet,Malibu,1976
1431,Chevrolet Malibu 1977,Chevrolet,Malibu,1977
1432,Chevrolet Malibu 1978,Chevrolet,Malibu,1978
1433,Chevrolet Malibu 1979,Chevrolet,Malibu,1979
1434,Chevrolet Malibu 1980,Chevrolet,Malibu,1980
1435,Chevrolet Malibu 1981,Chevrolet,Malibu,1981
1436,Chevrolet Malibu 1982,Chevrolet,Malibu,1982
1437,Chevrolet Malibu 1995,Chevrolet,Malibu,1995
1438,Chevrolet Malibu 1997,Chevrolet,Malibu,1997
1439,Chevrolet Malibu 1998,Chevrolet,Malibu,1998
1440,Chevrolet Malibu 1999,Chevrolet,Malibu,1999
1441,Chevrolet Malibu 2000,Chevrolet,Malibu,2000
1442,Chevrolet Malibu 2001,Chevrolet,Malibu,2001
1443,Chevrolet Malibu 2002,Chevrolet,Malibu,2002
1444,Chevrolet Malibu 2003,Chevrolet,Malibu,2003
1445,Chevrolet Malibu 2004,Chevrolet,Malibu,2004
1446,Chevrolet Malibu 2005,Chevrolet,Malibu,2005
1447,Chevrolet Malibu 2006,Chevrolet,Malibu,2006
1448,Chevrolet Malibu 2007,Chevrolet,Malibu,2007
1449,Chevrolet Malibu 2008,Chevrolet,Malibu,2008
1450,Chevrolet Malibu 2009,Chevrolet,Malibu,2009
1451,Chevrolet Malibu 2010,Chevrolet,Malibu,2010
1452,Chevrolet Malibu 2011,Chevrolet,Malibu,2011
1453,Chevrolet Malibu 2012,Chevrolet,Malibu,2012
1454,Chevrolet Malibu 2013,Chevrolet,Malibu,2013
1455,Chevrolet Malibu 2014,Chevrolet,Malibu,2014
1456,Chevrolet Malibu 2015,Chevrolet,Malibu,2015
1457,Chevrolet Malibu 2016,Chevrolet,Malibu,2016
1458,Chevrolet Metro 1990,Chevrolet,Metro,1990
1459,Chevrolet Metro 1992,Chevrolet,Metro,1992
1460,Chevrolet Metro 1996,Chevrolet,Metro,1996
1461,Chevrolet Metro 1997,Chevrolet,Metro,1997
1462,Chevrolet Metro 1998,Chevrolet,Metro,1998
1463,Chevrolet Metro 1999,Chevrolet,Metro,1999
1464,Chevrolet Metro 2000,Chevrolet,Metro,2000
1465,Chevrolet Metro 2001,Chevrolet,Metro,2001
1466,Chevrolet Montecarlo 1970,Chevrolet,Montecarlo,1970
1467,Chevrolet Montecarlo 1971,Chevrolet,Montecarlo,1971
1468,Chevrolet Montecarlo 1972,Chevrolet,Montecarlo,1972
1469,Chevrolet Montecarlo 1976,Chevrolet,Montecarlo,1976
1470,Chevrolet Montecarlo 1978,Chevrolet,Montecarlo,1978
1471,Chevrolet Montecarlo 1979,Chevrolet,Montecarlo,1979
1472,Chevrolet Montecarlo 1980,Chevrolet,Montecarlo,1980
1473,Chevrolet Montecarlo 1981,Chevrolet,Montecarlo,1981
1474,Chevrolet Montecarlo 1982,Chevrolet,Montecarlo,1982
1475,Chevrolet Montecarlo 1983,Chevrolet,Montecarlo,1983
1476,Chevrolet Montecarlo 1984,Chevrolet,Montecarlo,1984
1477,Chevrolet Montecarlo 1985,Chevrolet,Montecarlo,1985
1478,Chevrolet Montecarlo 1986,Chevrolet,Montecarlo,1986
1479,Chevrolet Montecarlo 1987,Chevrolet,Montecarlo,1987
1480,Chevrolet Montecarlo 1988,Chevrolet,Montecarlo,1988
1481,Chevrolet Montecarlo 1995,Chevrolet,Montecarlo,1995
1482,Chevrolet Montecarlo 1996,Chevrolet,Montecarlo,1996
1483,Chevrolet Montecarlo 1997,Chevrolet,Montecarlo,1997
1484,Chevrolet Montecarlo 1998,Chevrolet,Montecarlo,1998
1485,Chevrolet Montecarlo 1999,Chevrolet,Montecarlo,1999
1486,Chevrolet Montecarlo 2000,Chevrolet,Montecarlo,2000
1487,Chevrolet Montecarlo 2001,Chevrolet,Montecarlo,2001
1488,Chevrolet Montecarlo 2002,Chevrolet,Montecarlo,2002
1489,Chevrolet Montecarlo 2003,Chevrolet,Montecarlo,2003
1490,Chevrolet Montecarlo 2004,Chevrolet,Montecarlo,2004
1491,Chevrolet Montecarlo 2005,Chevrolet,Montecarlo,2005
1492,Chevrolet Montecarlo 2006,Chevrolet,Montecarlo,2006
1493,Chevrolet Montecarlo 2007,Chevrolet,Montecarlo,2007
1494,Chevrolet Nomad 1956,Chevrolet,Nomad,1956
1495,Chevrolet Nomad 1958,Chevrolet,Nomad,1958
1496,Chevrolet Nova 1962,Chevrolet,Nova,1962
1497,Chevrolet Nova 1963,Chevrolet,Nova,1963
1498,Chevrolet Nova 1964,Chevrolet,Nova,1964
1499,Chevrolet Nova 1965,Chevrolet,Nova,1965
1500,Chevrolet Nova 1966,Chevrolet,Nova,1966
1501,Chevrolet Nova 1967,Chevrolet,Nova,1967
1502,Chevrolet Nova 1969,Chevrolet,Nova,1969
1503,Chevrolet Nova 1970,Chevrolet,Nova,1970
1504,Chevrolet Nova 1971,Chevrolet,Nova,1971
1505,Chevrolet Nova 1972,Chevrolet,Nova,1972
1506,Chevrolet Nova 1973,Chevrolet,Nova,1973
1507,Chevrolet Nova 1974,Chevrolet,Nova,1974
1508,Chevrolet Nova 1975,Chevrolet,Nova,1975
1509,Chevrolet Nova 1976,Chevrolet,Nova,1976
1510,Chevrolet Nova 1977,Chevrolet,Nova,1977
1511,Chevrolet Nova 1978,Chevrolet,Nova,1978
1512,Chevrolet Nova 1979,Chevrolet,Nova,1979
1513,Chevrolet Nova 1988,Chevrolet,Nova,1988
1514,Chevrolet Optra 2004,Chevrolet,Optra,2004
1515,Chevrolet Orlando 2012,Chevrolet,Orlando,2012
1516,Chevrolet Pickup 1937,Chevrolet,Pickup,1937
1517,Chevrolet Pickup 1940,Chevrolet,Pickup,1940
1518,Chevrolet Pickup 1946,Chevrolet,Pickup,1946
1519,Chevrolet Pickup 1952,Chevrolet,Pickup,1952
1520,Chevrolet Pickup 1953,Chevrolet,Pickup,1953
1521,Chevrolet Pickup 1954,Chevrolet,Pickup,1954
1522,Chevrolet Pickup 1956,Chevrolet,Pickup,1956
1523,Chevrolet Pickup 1957,Chevrolet,Pickup,1957
1524,Chevrolet Pickup 1964,Chevrolet,Pickup,1964
1525,Chevrolet Pickup 1967,Chevrolet,Pickup,1967
1526,Chevrolet Pickup 1984,Chevrolet,Pickup,1984
1527,Chevrolet Pickup 1990,Chevrolet,Pickup,1990
1528,Chevrolet Prizm 1995,Chevrolet,Prizm,1995
1529,Chevrolet Prizm 1996,Chevrolet,Prizm,1996
1530,Chevrolet Prizm 1997,Chevrolet,Prizm,1997
1531,Chevrolet Prizm 1998,Chevrolet,Prizm,1998
1532,Chevrolet Prizm 2000,Chevrolet,Prizm,2000
1533,Chevrolet Prizm 2001,Chevrolet,Prizm,2001
1534,Chevrolet Prizm 2002,Chevrolet,Prizm,2002
1535,Chevrolet S10 1982,Chevrolet,S10,1982
1536,Chevrolet S10 1983,Chevrolet,S10,1983
1537,Chevrolet S10 1984,Chevrolet,S10,1984
1538,Chevrolet S10 1985,Chevrolet,S10,1985
1539,Chevrolet S10 1986,Chevrolet,S10,1986
1540,Chevrolet S10 1987,Chevrolet,S10,1987
1541,Chevrolet S10 1988,Chevrolet,S10,1988
1542,Chevrolet S10 1989,Chevrolet,S10,1989
1543,Chevrolet S10 1990,Chevrolet,S10,1990
1544,Chevrolet S10 1991,Chevrolet,S10,1991
1545,Chevrolet S10 1992,Chevrolet,S10,1992
1546,Chevrolet S10 1993,Chevrolet,S10,1993
1547,Chevrolet S10 1994,Chevrolet,S10,1994
1548,Chevrolet S10 1995,Chevrolet,S10,1995
1549,Chevrolet S10 1996,Chevrolet,S10,1996
1550,Chevrolet S10 1997,Chevrolet,S10,1997
1551,Chevrolet S10 1998,Chevrolet,S10,1998
1552,Chevrolet S10 1999,Chevrolet,S10,1999
1553,Chevrolet S10 2000,Chevrolet,S10,2000
1554,Chevrolet S10 2001,Chevrolet,S10,2001
1555,Chevrolet S10 2002,Chevrolet,S10,2002
1556,Chevrolet S10 2003,Chevrolet,S10,2003
1557,Chevrolet S10 2004,Chevrolet,S10,2004
1558,Chevrolet S10 2007,Chevrolet,S10,2007
1559,Chevrolet Scottsdale 1976,Chevrolet,Scottsdale,1976
1560,Chevrolet Scottsdale 1984,Chevrolet,Scottsdale,1984
1561,Chevrolet Sierra 1990,Chevrolet,Sierra,1990
1562,Chevrolet Sierra 2007,Chevrolet,Sierra,2007
1563,Chevrolet Sierra 2011,Chevrolet,Sierra,2011
1564,Chevrolet Silverado 1972,Chevrolet,Silverado,1972
1565,Chevrolet Silverado 1977,Chevrolet,Silverado,1977
1566,Chevrolet Silverado 1978,Chevrolet,Silverado,1978
1567,Chevrolet Silverado 1979,Chevrolet,Silverado,1979
1568,Chevrolet Silverado 1980,Chevrolet,Silverado,1980
1569,Chevrolet Silverado 1982,Chevrolet,Silverado,1982
1570,Chevrolet Silverado 1983,Chevrolet,Silverado,1983
1571,Chevrolet Silverado 1984,Chevrolet,Silverado,1984
1572,Chevrolet Silverado 1985,Chevrolet,Silverado,1985
1573,Chevrolet Silverado 1986,Chevrolet,Silverado,1986
1574,Chevrolet Silverado 1987,Chevrolet,Silverado,1987
1575,Chevrolet Silverado 1988,Chevrolet,Silverado,1988
1576,Chevrolet Silverado 1989,Chevrolet,Silverado,1989
1577,Chevrolet Silverado 1990,Chevrolet,Silverado,1990
1578,Chevrolet Silverado 1991,Chevrolet,Silverado,1991
1579,Chevrolet Silverado 1992,Chevrolet,Silverado,1992
1580,Chevrolet Silverado 1993,Chevrolet,Silverado,1993
1581,Chevrolet Silverado 1994,Chevrolet,Silverado,1994
1582,Chevrolet Silverado 1995,Chevrolet,Silverado,1995
1583,Chevrolet Silverado 1996,Chevrolet,Silverado,1996
1584,Chevrolet Silverado 1997,Chevrolet,Silverado,1997
1585,Chevrolet Silverado 1998,Chevrolet,Silverado,1998
1586,Chevrolet Silverado 1999,Chevrolet,Silverado,1999
1587,Chevrolet Silverado 2000,Chevrolet,Silverado,2000
1588,Chevrolet Silverado 2001,Chevrolet,Silverado,2001
1589,Chevrolet Silverado 2002,Chevrolet,Silverado,2002
1590,Chevrolet Silverado 2003,Chevrolet,Silverado,2003
1591,Chevrolet Silverado 2004,Chevrolet,Silverado,2004
1592,Chevrolet Silverado 2005,Chevrolet,Silverado,2005
1593,Chevrolet Silverado 2006,Chevrolet,Silverado,2006
1594,Chevrolet Silverado 2007,Chevrolet,Silverado,2007
1595,Chevrolet Silverado 2008,Chevrolet,Silverado,2008
1596,Chevrolet Silverado 2009,Chevrolet,Silverado,2009
1597,Chevrolet Silverado 2010,Chevrolet,Silverado,2010
1598,Chevrolet Silverado 2011,Chevrolet,Silverado,2011
1599,Chevrolet Silverado 2012,Chevrolet,Silverado,2012
1600,Chevrolet Silverado 2013,Chevrolet,Silverado,2013
1601,Chevrolet Silverado 2014,Chevrolet,Silverado,2014
1602,Chevrolet Silverado 2015,Chevrolet,Silverado,2015
1603,Chevrolet Silverado 2016,Chevrolet,Silverado,2016
1604,Chevrolet Silverado 3500 1951,Chevrolet,Silverado 3500,1951
1605,Chevrolet Silverado 3500 1984,Chevrolet,Silverado 3500,1984
1606,Chevrolet Silverado 3500 1986,Chevrolet,Silverado 3500,1986
1607,Chevrolet Silverado 3500 1988,Chevrolet,Silverado 3500,1988
1608,Chevrolet Silverado 3500 1990,Chevrolet,Silverado 3500,1990
1609,Chevrolet Silverado 3500 1992,Chevrolet,Silverado 3500,1992
1610,Chevrolet Silverado 3500 1993,Chevrolet,Silverado 3500,1993
1611,Chevrolet Silverado 3500 1995,Chevrolet,Silverado 3500,1995
1612,Chevrolet Silverado 3500 1996,Chevrolet,Silverado 3500,1996
1613,Chevrolet Silverado 3500 1998,Chevrolet,Silverado 3500,1998
1614,Chevrolet Silverado 3500 1999,Chevrolet,Silverado 3500,1999
1615,Chevrolet Silverado 3500 2000,Chevrolet,Silverado 3500,2000
1616,Chevrolet Silverado 3500 2001,Chevrolet,Silverado 3500,2001
1617,Chevrolet Silverado 3500 2002,Chevrolet,Silverado 3500,2002
1618,Chevrolet Silverado 3500 2003,Chevrolet,Silverado 3500,2003
1619,Chevrolet Silverado 3500 2004,Chevrolet,Silverado 3500,2004
1620,Chevrolet Silverado 3500 2005,Chevrolet,Silverado 3500,2005
1621,Chevrolet Silverado 3500 2006,Chevrolet,Silverado 3500,2006
1622,Chevrolet Silverado 3500 2007,Chevrolet,Silverado 3500,2007
1623,Chevrolet Silverado 3500 2008,Chevrolet,Silverado 3500,2008
1624,Chevrolet Silverado 3500 2010,Chevrolet,Silverado 3500,2010
1625,Chevrolet Silverado 3500 2012,Chevrolet,Silverado 3500,2012
1626,Chevrolet Silverado 3500 2013,Chevrolet,Silverado 3500,2013
1627,Chevrolet Sonic 2012,Chevrolet,Sonic,2012
1628,Chevrolet Sonic 2013,Chevrolet,Sonic,2013
1629,Chevrolet Sonic 2014,Chevrolet,Sonic,2014
1630,Chevrolet Sonic 2016,Chevrolet,Sonic,2016
1631,Chevrolet Spark 2013,Chevrolet,Spark,2013
1632,Chevrolet Spark 2014,Chevrolet,Spark,2014
1633,Chevrolet Ssr 2003,Chevrolet,Ssr,2003
1634,Chevrolet Ssr 2004,Chevrolet,Ssr,2004
1635,Chevrolet Ssr 2005,Chevrolet,Ssr,2005
1636,Chevrolet Ssr 2006,Chevrolet,Ssr,2006
1637,Chevrolet Stepside 1967,Chevrolet,Stepside,1967
1638,Chevrolet Stepside 1977,Chevrolet,Stepside,1977
1639,Chevrolet Stepside 1978,Chevrolet,Stepside,1978
1640,Chevrolet Stepside 1994,Chevrolet,Stepside,1994
1641,Chevrolet Styleline 1950,Chevrolet,Styleline,1950
1642,Chevrolet Stylemaster 1947,Chevrolet,Stylemaster,1947
1643,Chevrolet Stylemaster 1948,Chevrolet,Stylemaster,1948
1644,Chevrolet Suburban 1972,Chevrolet,Suburban,1972
1645,Chevrolet Suburban 1976,Chevrolet,Suburban,1976
1646,Chevrolet Suburban 1977,Chevrolet,Suburban,1977
1647,Chevrolet Suburban 1983,Chevrolet,Suburban,1983
1648,Chevrolet Suburban 1984,Chevrolet,Suburban,1984
1649,Chevrolet Suburban 1985,Chevrolet,Suburban,1985
1650,Chevrolet Suburban 1986,Chevrolet,Suburban,1986
1651,Chevrolet Suburban 1987,Chevrolet,Suburban,1987
1652,Chevrolet Suburban 1988,Chevrolet,Suburban,1988
1653,Chevrolet Suburban 1989,Chevrolet,Suburban,1989
1654,Chevrolet Suburban 1990,Chevrolet,Suburban,1990
1655,Chevrolet Suburban 1991,Chevrolet,Suburban,1991
1656,Chevrolet Suburban 1992,Chevrolet,Suburban,1992
1657,Chevrolet Suburban 1993,Chevrolet,Suburban,1993
1658,Chevrolet Suburban 1994,Chevrolet,Suburban,1994
1659,Chevrolet Suburban 1995,Chevrolet,Suburban,1995
1660,Chevrolet Suburban 1996,Chevrolet,Suburban,1996
1661,Chevrolet Suburban 1997,Chevrolet,Suburban,1997
1662,Chevrolet Suburban 1998,Chevrolet,Suburban,1998
1663,Chevrolet Suburban 1999,Chevrolet,Suburban,1999
1664,Chevrolet Suburban 2000,Chevrolet,Suburban,2000
1665,Chevrolet Suburban 2001,Chevrolet,Suburban,2001
1666,Chevrolet Suburban 2002,Chevrolet,Suburban,2002
1667,Chevrolet Suburban 2003,Chevrolet,Suburban,2003
1668,Chevrolet Suburban 2004,Chevrolet,Suburban,2004
1669,Chevrolet Suburban 2005,Chevrolet,Suburban,2005
1670,Chevrolet Suburban 2006,Chevrolet,Suburban,2006
1671,Chevrolet Suburban 2007,Chevrolet,Suburban,2007
1672,Chevrolet Suburban 2008,Chevrolet,Suburban,2008
1673,Chevrolet Suburban 2009,Chevrolet,Suburban,2009
1674,Chevrolet Suburban 2010,Chevrolet,Suburban,2010
1675,Chevrolet Suburban 2011,Chevrolet,Suburban,2011
1676,Chevrolet Suburban 2012,Chevrolet,Suburban,2012
1677,Chevrolet Suburban 2013,Chevrolet,Suburban,2013
1678,Chevrolet Suburban 2015,Chevrolet,Suburban,2015
1679,Chevrolet Tahoe 1993,Chevrolet,Tahoe,1993
1680,Chevrolet Tahoe 1994,Chevrolet,Tahoe,1994
1681,Chevrolet Tahoe 1995,Chevrolet,Tahoe,1995
1682,Chevrolet Tahoe 1996,Chevrolet,Tahoe,1996
1683,Chevrolet Tahoe 1997,Chevrolet,Tahoe,1997
1684,Chevrolet Tahoe 1998,Chevrolet,Tahoe,1998
1685,Chevrolet Tahoe 1999,Chevrolet,Tahoe,1999
1686,Chevrolet Tahoe 2000,Chevrolet,Tahoe,2000
1687,Chevrolet Tahoe 2001,Chevrolet,Tahoe,2001
1688,Chevrolet Tahoe 2002,Chevrolet,Tahoe,2002
1689,Chevrolet Tahoe 2003,Chevrolet,Tahoe,2003
1690,Chevrolet Tahoe 2004,Chevrolet,Tahoe,2004
1691,Chevrolet Tahoe 2005,Chevrolet,Tahoe,2005
1692,Chevrolet Tahoe 2006,Chevrolet,Tahoe,2006
1693,Chevrolet Tahoe 2007,Chevrolet,Tahoe,2007
1694,Chevrolet Tahoe 2008,Chevrolet,Tahoe,2008
1695,Chevrolet Tahoe 2009,Chevrolet,Tahoe,2009
1696,Chevrolet Tahoe 2010,Chevrolet,Tahoe,2010
1697,Chevrolet Tahoe 2011,Chevrolet,Tahoe,2011
1698,Chevrolet Tahoe 2012,Chevrolet,Tahoe,2012
1699,Chevrolet Tahoe 2013,Chevrolet,Tahoe,2013
1700,Chevrolet Tahoe 2014,Chevrolet,Tahoe,2014
1701,Chevrolet Tahoe 2015,Chevrolet,Tahoe,2015
1702,Chevrolet Tahoe 2016,Chevrolet,Tahoe,2016
1703,Chevrolet Tracker 1996,Chevrolet,Tracker,1996
1704,Chevrolet Tracker 1997,Chevrolet,Tracker,1997
1705,Chevrolet Tracker 1998,Chevrolet,Tracker,1998
1706,Chevrolet Tracker 1999,Chevrolet,Tracker,1999
1707,Chevrolet Tracker 2000,Chevrolet,Tracker,2000
1708,Chevrolet Tracker 2001,Chevrolet,Tracker,2001
1709,Chevrolet Tracker 2002,Chevrolet,Tracker,2002
1710,Chevrolet Tracker 2003,Chevrolet,Tracker,2003
1711,Chevrolet Tracker 2004,Chevrolet,Tracker,2004
1712,Chevrolet Trailblazer 2000,Chevrolet,Trailblazer,2000
1713,Chevrolet Trailblazer 2001,Chevrolet,Trailblazer,2001
1714,Chevrolet Trailblazer 2002,Chevrolet,Trailblazer,2002
1715,Chevrolet Trailblazer 2003,Chevrolet,Trailblazer,2003
1716,Chevrolet Trailblazer 2004,Chevrolet,Trailblazer,2004
1717,Chevrolet Trailblazer 2005,Chevrolet,Trailblazer,2005
1718,Chevrolet Trailblazer 2006,Chevrolet,Trailblazer,2006
1719,Chevrolet Trailblazer 2007,Chevrolet,Trailblazer,2007
1720,Chevrolet Trailblazer 2008,Chevrolet,Trailblazer,2008
1721,Chevrolet Trailblazer 2009,Chevrolet,Trailblazer,2009
1722,Chevrolet Traverse 2009,Chevrolet,Traverse,2009
1723,Chevrolet Traverse 2010,Chevrolet,Traverse,2010
1724,Chevrolet Traverse 2011,Chevrolet,Traverse,2011
1725,Chevrolet Traverse 2012,Chevrolet,Traverse,2012
1726,Chevrolet Traverse 2013,Chevrolet,Traverse,2013
1727,Chevrolet Traverse 2014,Chevrolet,Traverse,2014
1728,Chevrolet Uplander 2005,Chevrolet,Uplander,2005
1729,Chevrolet Uplander 2006,Chevrolet,Uplander,2006
1730,Chevrolet Uplander 2007,Chevrolet,Uplander,2007
1731,Chevrolet Uplander 2008,Chevrolet,Uplander,2008
1732,Chevrolet V10 1968,Chevrolet,V10,1968
1733,Chevrolet Vega 1972,Chevrolet,Vega,1972
1734,Chevrolet Vega 1973,Chevrolet,Vega,1973
1735,Chevrolet Vega 1974,Chevrolet,Vega,1974
1736,Chevrolet Vega 1975,Chevrolet,Vega,1975
1737,Chevrolet Vega 1976,Chevrolet,Vega,1976
1738,Chevrolet Vega 1977,Chevrolet,Vega,1977
1739,Chevrolet Venture 1997,Chevrolet,Venture,1997
1740,Chevrolet Venture 1998,Chevrolet,Venture,1998
1741,Chevrolet Venture 1999,Chevrolet,Venture,1999
1742,Chevrolet Venture 2000,Chevrolet,Venture,2000
1743,Chevrolet Venture 2001,Chevrolet,Venture,2001
1744,Chevrolet Venture 2002,Chevrolet,Venture,2002
1745,Chevrolet Venture 2003,Chevrolet,Venture,2003
1746,Chevrolet Venture 2004,Chevrolet,Venture,2004
1747,Chevrolet Venture 2005,Chevrolet,Venture,2005
1748,Chevrolet Volt 2012,Chevrolet,Volt,2012
1749,Chevrolet Volt 2013,Chevrolet,Volt,2013
1750,Chevrolet Yukon 1991,Chevrolet,Yukon,1991
1751,Chevrolet Yukon 2001,Chevrolet,Yukon,2001
1752,Chrysler 200 2011,Chrysler,200,2011
1753,Chrysler 200 2012,Chrysler,200,2012
1754,Chrysler 200 2013,Chrysler,200,2013
1755,Chrysler 200 2014,Chrysler,200,2014
1756,Chrysler 200 2015,Chrysler,200,2015
1757,Chrysler 300 1964,Chrysler,300,1964
1758,Chrysler 300 1967,Chrysler,300,1967
1759,Chrysler 300 1968,Chrysler,300,1968
1760,Chrysler 300 1999,Chrysler,300,1999
1761,Chrysler 300 2000,Chrysler,300,2000
1762,Chrysler 300 2001,Chrysler,300,2001
1763,Chrysler 300 2002,Chrysler,300,2002
1764,Chrysler 300 2003,Chrysler,300,2003
1765,Chrysler 300 2004,Chrysler,300,2004
1766,Chrysler 300 2005,Chrysler,300,2005
1767,Chrysler 300 2006,Chrysler,300,2006
1768,Chrysler 300 2007,Chrysler,300,2007
1769,Chrysler 300 2008,Chrysler,300,2008
1770,Chrysler 300 2009,Chrysler,300,2009
1771,Chrysler 300 2010,Chrysler,300,2010
1772,Chrysler 300 2011,Chrysler,300,2011
1773,Chrysler 300 2012,Chrysler,300,2012
1774,Chrysler 300 2013,Chrysler,300,2013
1775,Chrysler 300 2014,Chrysler,300,2014
1776,Chrysler 300 2015,Chrysler,300,2015
1777,Chrysler Aspen 2007,Chrysler,Aspen,2007
1778,Chrysler Aspen 2008,Chrysler,Aspen,2008
1779,Chrysler Cirrus 1995,Chrysler,Cirrus,1995
1780,Chrysler Cirrus 1997,Chrysler,Cirrus,1997
1781,Chrysler Cirrus 1998,Chrysler,Cirrus,1998
1782,Chrysler Cirrus 1999,Chrysler,Cirrus,1999
1783,Chrysler Cirrus 2000,Chrysler,Cirrus,2000
1784,Chrysler Concorde 1994,Chrysler,Concorde,1994
1785,Chrysler Concorde 1995,Chrysler,Concorde,1995
1786,Chrysler Concorde 1996,Chrysler,Concorde,1996
1787,Chrysler Concorde 1998,Chrysler,Concorde,1998
1788,Chrysler Concorde 1999,Chrysler,Concorde,1999
1789,Chrysler Concorde 2000,Chrysler,Concorde,2000
1790,Chrysler Concorde 2001,Chrysler,Concorde,2001
1791,Chrysler Concorde 2002,Chrysler,Concorde,2002
1792,Chrysler Concorde 2003,Chrysler,Concorde,2003
1793,Chrysler Concorde 2004,Chrysler,Concorde,2004
1794,Chrysler Cordoba 1976,Chrysler,Cordoba,1976
1795,Chrysler Cordoba 1978,Chrysler,Cordoba,1978
1796,Chrysler Crossfire 2004,Chrysler,Crossfire,2004
1797,Chrysler Crossfire 2005,Chrysler,Crossfire,2005
1798,Chrysler Crossfire 2006,Chrysler,Crossfire,2006
1799,Chrysler Crossfire 2007,Chrysler,Crossfire,2007
1800,Chrysler Crossfire 2008,Chrysler,Crossfire,2008
1801,Chrysler Fifth Avenue 1987,Chrysler,Fifth Avenue,1987
1802,Chrysler Imperial 1956,Chrysler,Imperial,1956
1803,Chrysler Imperial 1967,Chrysler,Imperial,1967
1804,Chrysler Imperial 1991,Chrysler,Imperial,1991
1805,Chrysler Intrepid 2004,Chrysler,Intrepid,2004
1806,Chrysler Lebaron 1978,Chrysler,Lebaron,1978
1807,Chrysler Lebaron 1987,Chrysler,Lebaron,1987
1808,Chrysler Lebaron 1991,Chrysler,Lebaron,1991
1809,Chrysler Lebaron 1992,Chrysler,Lebaron,1992
1810,Chrysler Lebaron 1993,Chrysler,Lebaron,1993
1811,Chrysler Lebaron 1994,Chrysler,Lebaron,1994
1812,Chrysler Lebaron 1995,Chrysler,Lebaron,1995
1813,Chrysler Lhs 1994,Chrysler,Lhs,1994
1814,Chrysler Lhs 1995,Chrysler,Lhs,1995
1815,Chrysler Lhs 1997,Chrysler,Lhs,1997
1816,Chrysler Lhs 1999,Chrysler,Lhs,1999
1817,Chrysler Lhs 2000,Chrysler,Lhs,2000
1818,Chrysler Lhs 2001,Chrysler,Lhs,2001
1819,Chrysler New Yorker 1964,Chrysler,New Yorker,1964
1820,Chrysler New Yorker 1966,Chrysler,New Yorker,1966
1821,Chrysler New Yorker 1988,Chrysler,New Yorker,1988
1822,Chrysler New Yorker 1989,Chrysler,New Yorker,1989
1823,Chrysler New Yorker 1991,Chrysler,New Yorker,1991
1824,Chrysler New Yorker 1992,Chrysler,New Yorker,1992
1825,Chrysler New Yorker 1993,Chrysler,New Yorker,1993
1826,Chrysler Newport 1963,Chrysler,Newport,1963
1827,Chrysler Newport 1978,Chrysler,Newport,1978
1828,Chrysler Pacifica 2004,Chrysler,Pacifica,2004
1829,Chrysler Pacifica 2005,Chrysler,Pacifica,2005
1830,Chrysler Pacifica 2006,Chrysler,Pacifica,2006
1831,Chrysler Pacifica 2007,Chrysler,Pacifica,2007
1832,Chrysler Pacifica 2008,Chrysler,Pacifica,2008
1833,Chrysler Pt Cruiser 2001,Chrysler,Pt Cruiser,2001
1834,Chrysler Pt Cruiser 2002,Chrysler,Pt Cruiser,2002
1835,Chrysler Pt Cruiser 2003,Chrysler,Pt Cruiser,2003
1836,Chrysler Pt Cruiser 2004,Chrysler,Pt Cruiser,2004
1837,Chrysler Pt Cruiser 2005,Chrysler,Pt Cruiser,2005
1838,Chrysler Pt Cruiser 2006,Chrysler,Pt Cruiser,2006
1839,Chrysler Pt Cruiser 2007,Chrysler,Pt Cruiser,2007
1840,Chrysler Pt Cruiser 2008,Chrysler,Pt Cruiser,2008
1841,Chrysler Pt Cruiser 2009,Chrysler,Pt Cruiser,2009
1842,Chrysler Sebring 1995,Chrysler,Sebring,1995
1843,Chrysler Sebring 1996,Chrysler,Sebring,1996
1844,Chrysler Sebring 1997,Chrysler,Sebring,1997
1845,Chrysler Sebring 1998,Chrysler,Sebring,1998
1846,Chrysler Sebring 1999,Chrysler,Sebring,1999
1847,Chrysler Sebring 2000,Chrysler,Sebring,2000
1848,Chrysler Sebring 2001,Chrysler,Sebring,2001
1849,Chrysler Sebring 2002,Chrysler,Sebring,2002
1850,Chrysler Sebring 2003,Chrysler,Sebring,2003
1851,Chrysler Sebring 2004,Chrysler,Sebring,2004
1852,Chrysler Sebring 2005,Chrysler,Sebring,2005
1853,Chrysler Sebring 2006,Chrysler,Sebring,2006
1854,Chrysler Sebring 2007,Chrysler,Sebring,2007
1855,Chrysler Sebring 2008,Chrysler,Sebring,2008
1856,Chrysler Sebring 2009,Chrysler,Sebring,2009
1857,Chrysler Sebring 2010,Chrysler,Sebring,2010
1858,Chrysler Town Country 1996,Chrysler,Town Country,1996
1859,Chrysler Town Country 1997,Chrysler,Town Country,1997
1860,Chrysler Town Country 1998,Chrysler,Town Country,1998
1861,Chrysler Town Country 1999,Chrysler,Town Country,1999
1862,Chrysler Town Country 2000,Chrysler,Town Country,2000
1863,Chrysler Town Country 2001,Chrysler,Town Country,2001
1864,Chrysler Town Country 2002,Chrysler,Town Country,2002
1865,Chrysler Town Country 2003,Chrysler,Town Country,2003
1866,Chrysler Town Country 2004,Chrysler,Town Country,2004
1867,Chrysler Town Country 2005,Chrysler,Town Country,2005
1868,Chrysler Town Country 2006,Chrysler,Town Country,2006
1869,Chrysler Town Country 2007,Chrysler,Town Country,2007
1870,Chrysler Town Country 2008,Chrysler,Town Country,2008
1871,Chrysler Town Country 2009,Chrysler,Town Country,2009
1872,Chrysler Town Country 2010,Chrysler,Town Country,2010
1873,Chrysler Town Country 2011,Chrysler,Town Country,2011
1874,Chrysler Town Country 2012,Chrysler,Town Country,2012
1875,Chrysler Town Country 2013,Chrysler,Town Country,2013
1876,Chrysler Town Country 2014,Chrysler,Town Country,2014
1877,Chrysler Voyager 2000,Chrysler,Voyager,2000
1878,Chrysler Voyager 2001,Chrysler,Voyager,2001
1879,Chrysler Voyager 2002,Chrysler,Voyager,2002
1880,Chrysler Voyager 2003,Chrysler,Voyager,2003
1881,Chrysler Windsor 1955,Chrysler,Windsor,1955
1882,Citroen Ds5 2015,Citroen,Ds5,2015
1883,Daewoo Lanos 1999,Daewoo,Lanos,1999
1884,Daewoo Lanos 2000,Daewoo,Lanos,2000
1885,Daewoo Lanos 2001,Daewoo,Lanos,2001
1886,Daewoo Lanos 2002,Daewoo,Lanos,2002
1887,Daewoo Leganza 1999,Daewoo,Leganza,1999
1888,Daewoo Leganza 2000,Daewoo,Leganza,2000
1889,Daewoo Leganza 2001,Daewoo,Leganza,2001
1890,Daewoo Leganza 2002,Daewoo,Leganza,2002
1891,Daewoo Nubira 2000,Daewoo,Nubira,2000
1892,Daewoo Nubira 2001,Daewoo,Nubira,2001
1893,Daewoo Nubira 2002,Daewoo,Nubira,2002
1894,Daihatsu Rocky 1990,Daihatsu,Rocky,1990
1895,Daihatsu Yrv 2000,Daihatsu,Yrv,2000
1896,Datsun 240Z 1971,Datsun,240Z,1971
1897,Datsun 240Z 1973,Datsun,240Z,1973
1898,Datsun 260Z 1974,Datsun,260Z,1974
1899,Datsun 280Z 1981,Datsun,280Z,1981
1900,Datsun B210 1976,Datsun,B210,1976
1901,Datsun Nissan 1982,Datsun,Nissan,1982
1902,Datsun Nissan 1984,Datsun,Nissan,1984
1903,Dodge Aspen 1979,Dodge,Aspen,1979
1904,Dodge Avenger 1995,Dodge,Avenger,1995
1905,Dodge Avenger 1996,Dodge,Avenger,1996
1906,Dodge Avenger 1997,Dodge,Avenger,1997
1907,Dodge Avenger 1998,Dodge,Avenger,1998
1908,Dodge Avenger 1999,Dodge,Avenger,1999
1909,Dodge Avenger 2008,Dodge,Avenger,2008
1910,Dodge Avenger 2009,Dodge,Avenger,2009
1911,Dodge Avenger 2010,Dodge,Avenger,2010
1912,Dodge Avenger 2011,Dodge,Avenger,2011
1913,Dodge Avenger 2012,Dodge,Avenger,2012
1914,Dodge Avenger 2013,Dodge,Avenger,2013
1915,Dodge Avenger 2014,Dodge,Avenger,2014
1916,Dodge Caliber 2007,Dodge,Caliber,2007
1917,Dodge Caliber 2008,Dodge,Caliber,2008
1918,Dodge Caliber 2009,Dodge,Caliber,2009
1919,Dodge Caliber 2010,Dodge,Caliber,2010
1920,Dodge Caliber 2011,Dodge,Caliber,2011
1921,Dodge Challenger 1970,Dodge,Challenger,1970
1922,Dodge Challenger 1972,Dodge,Challenger,1972
1923,Dodge Challenger 1973,Dodge,Challenger,1973
1924,Dodge Challenger 2008,Dodge,Challenger,2008
1925,Dodge Challenger 2009,Dodge,Challenger,2009
1926,Dodge Challenger 2010,Dodge,Challenger,2010
1927,Dodge Challenger 2011,Dodge,Challenger,2011
1928,Dodge Challenger 2012,Dodge,Challenger,2012
1929,Dodge Challenger 2013,Dodge,Challenger,2013
1930,Dodge Challenger 2014,Dodge,Challenger,2014
1931,Dodge Challenger 2015,Dodge,Challenger,2015
1932,Dodge Challenger 2016,Dodge,Challenger,2016
1933,Dodge Charger 1965,Dodge,Charger,1965
1934,Dodge Charger 1966,Dodge,Charger,1966
1935,Dodge Charger 1968,Dodge,Charger,1968
1936,Dodge Charger 1969,Dodge,Charger,1969
1937,Dodge Charger 1970,Dodge,Charger,1970
1938,Dodge Charger 1971,Dodge,Charger,1971
1939,Dodge Charger 1973,Dodge,Charger,1973
1940,Dodge Charger 1976,Dodge,Charger,1976
1941,Dodge Charger 1985,Dodge,Charger,1985
1942,Dodge Charger 1986,Dodge,Charger,1986
1943,Dodge Charger 1987,Dodge,Charger,1987
1944,Dodge Charger 1988,Dodge,Charger,1988
1945,Dodge Charger 1989,Dodge,Charger,1989
1946,Dodge Charger 1990,Dodge,Charger,1990
1947,Dodge Charger 1991,Dodge,Charger,1991
1948,Dodge Charger 1992,Dodge,Charger,1992
1949,Dodge Charger 2005,Dodge,Charger,2005
1950,Dodge Charger 2006,Dodge,Charger,2006
1951,Dodge Charger 2007,Dodge,Charger,2007
1952,Dodge Charger 2008,Dodge,Charger,2008
1953,Dodge Charger 2009,Dodge,Charger,2009
1954,Dodge Charger 2010,Dodge,Charger,2010
1955,Dodge Charger 2011,Dodge,Charger,2011
1956,Dodge Charger 2012,Dodge,Charger,2012
1957,Dodge Charger 2013,Dodge,Charger,2013
1958,Dodge Charger 2014,Dodge,Charger,2014
1959,Dodge Charger 2015,Dodge,Charger,2015
1960,Dodge Colt 1994,Dodge,Colt,1994
1961,Dodge Coronet 1966,Dodge,Coronet,1966
1962,Dodge Coronet 1967,Dodge,Coronet,1967
1963,Dodge Coronet 1968,Dodge,Coronet,1968
1964,Dodge Cummins 1992,Dodge,Cummins,1992
1965,Dodge Cummins 1993,Dodge,Cummins,1993
1966,Dodge Cummins 1994,Dodge,Cummins,1994
1967,Dodge Cummins 1997,Dodge,Cummins,1997
1968,Dodge Cummins 1998,Dodge,Cummins,1998
1969,Dodge Cummins 1999,Dodge,Cummins,1999
1970,Dodge Cummins 2002,Dodge,Cummins,2002
1971,Dodge Cummins 2003,Dodge,Cummins,2003
1972,Dodge Cummins 2005,Dodge,Cummins,2005
1973,Dodge Cummins 2007,Dodge,Cummins,2007
1974,Dodge Cummins 2008,Dodge,Cummins,2008
1975,Dodge Cummins 2012,Dodge,Cummins,2012
1976,Dodge D100 1939,Dodge,D100,1939
1977,Dodge D100 1964,Dodge,D100,1964
1978,Dodge D100 1968,Dodge,D100,1968
1979,Dodge D100 1978,Dodge,D100,1978
1980,Dodge D100 1984,Dodge,D100,1984
1981,Dodge D100 1987,Dodge,D100,1987
1982,Dodge D150 1984,Dodge,D150,1984
1983,Dodge D150 1990,Dodge,D150,1990
1984,Dodge D150 1991,Dodge,D150,1991
1985,Dodge D250 1991,Dodge,D250,1991
1986,Dodge D250 1992,Dodge,D250,1992
1987,Dodge Dakota 1987,Dodge,Dakota,1987
1988,Dodge Dakota 1988,Dodge,Dakota,1988
1989,Dodge Dakota 1989,Dodge,Dakota,1989
1990,Dodge Dakota 1990,Dodge,Dakota,1990
1991,Dodge Dakota 1991,Dodge,Dakota,1991
1992,Dodge Dakota 1992,Dodge,Dakota,1992
1993,Dodge Dakota 1993,Dodge,Dakota,1993
1994,Dodge Dakota 1994,Dodge,Dakota,1994
1995,Dodge Dakota 1995,Dodge,Dakota,1995
1996,Dodge Dakota 1996,Dodge,Dakota,1996
1997,Dodge Dakota 1997,Dodge,Dakota,1997
1998,Dodge Dakota 1998,Dodge,Dakota,1998
1999,Dodge Dakota 1999,Dodge,Dakota,1999
2000,Dodge Dakota 2000,Dodge,Dakota,2000
2001,Dodge Dakota 2001,Dodge,Dakota,2001
2002,Dodge Dakota 2002,Dodge,Dakota,2002
2003,Dodge Dakota 2003,Dodge,Dakota,2003
2004,Dodge Dakota 2004,Dodge,Dakota,2004
2005,Dodge Dakota 2005,Dodge,Dakota,2005
2006,Dodge Dakota 2006,Dodge,Dakota,2006
2007,Dodge Dakota 2007,Dodge,Dakota,2007
2008,Dodge Dakota 2008,Dodge,Dakota,2008
2009,Dodge Dakota 2009,Dodge,Dakota,2009
2010,Dodge Dakota 2010,Dodge,Dakota,2010
2011,Dodge Dakota 2011,Dodge,Dakota,2011
2012,Dodge Dart 1964,Dodge,Dart,1964
2013,Dodge Dart 1966,Dodge,Dart,1966
2014,Dodge Dart 1967,Dodge,Dart,1967
2015,Dodge Dart 1969,Dodge,Dart,1969
2016,Dodge Dart 1970,Dodge,Dart,1970
2017,Dodge Dart 1972,Dodge,Dart,1972
2018,Dodge Dart 1973,Dodge,Dart,1973
2019,Dodge Dart 1974,Dodge,Dart,1974
2020,Dodge Dart 1976,Dodge,Dart,1976
2021,Dodge Dart 2013,Dodge,Dart,2013
2022,Dodge Dart 2014,Dodge,Dart,2014
2023,Dodge Daytona 1987,Dodge,Daytona,1987
2024,Dodge Demon 1971,Dodge,Demon,1971
2025,Dodge Durango 1998,Dodge,Durango,1998
2026,Dodge Durango 1999,Dodge,Durango,1999
2027,Dodge Durango 2000,Dodge,Durango,2000
2028,Dodge Durango 2001,Dodge,Durango,2001
2029,Dodge Durango 2002,Dodge,Durango,2002
2030,Dodge Durango 2003,Dodge,Durango,2003
2031,Dodge Durango 2004,Dodge,Durango,2004
2032,Dodge Durango 2005,Dodge,Durango,2005
2033,Dodge Durango 2006,Dodge,Durango,2006
2034,Dodge Durango 2007,Dodge,Durango,2007
2035,Dodge Durango 2008,Dodge,Durango,2008
2036,Dodge Durango 2009,Dodge,Durango,2009
2037,Dodge Durango 2011,Dodge,Durango,2011
2038,Dodge Durango 2012,Dodge,Durango,2012
2039,Dodge Durango 2013,Dodge,Durango,2013
2040,Dodge Durango 2014,Dodge,Durango,2014
2041,Dodge Durango 2015,Dodge,Durango,2015
2042,Dodge Dynasty 1989,Dodge,Dynasty,1989
2043,Dodge Dynasty 1990,Dodge,Dynasty,1990
2044,Dodge Dynasty 1991,Dodge,Dynasty,1991
2045,Dodge Dynasty 1992,Dodge,Dynasty,1992
2046,Dodge Grand Caravan 1992,Dodge,Grand Caravan,1992
2047,Dodge Grand Caravan 1993,Dodge,Grand Caravan,1993
2048,Dodge Grand Caravan 1994,Dodge,Grand Caravan,1994
2049,Dodge Grand Caravan 1995,Dodge,Grand Caravan,1995
2050,Dodge Grand Caravan 1996,Dodge,Grand Caravan,1996
2051,Dodge Grand Caravan 1997,Dodge,Grand Caravan,1997
2052,Dodge Grand Caravan 1998,Dodge,Grand Caravan,1998
2053,Dodge Grand Caravan 1999,Dodge,Grand Caravan,1999
2054,Dodge Grand Caravan 2000,Dodge,Grand Caravan,2000
2055,Dodge Grand Caravan 2001,Dodge,Grand Caravan,2001
2056,Dodge Grand Caravan 2002,Dodge,Grand Caravan,2002
2057,Dodge Grand Caravan 2003,Dodge,Grand Caravan,2003
2058,Dodge Grand Caravan 2004,Dodge,Grand Caravan,2004
2059,Dodge Grand Caravan 2005,Dodge,Grand Caravan,2005
2060,Dodge Grand Caravan 2006,Dodge,Grand Caravan,2006
2061,Dodge Grand Caravan 2007,Dodge,Grand Caravan,2007
2062,Dodge Grand Caravan 2008,Dodge,Grand Caravan,2008
2063,Dodge Grand Caravan 2009,Dodge,Grand Caravan,2009
2064,Dodge Grand Caravan 2010,Dodge,Grand Caravan,2010
2065,Dodge Grand Caravan 2011,Dodge,Grand Caravan,2011
2066,Dodge Grand Caravan 2012,Dodge,Grand Caravan,2012
2067,Dodge Grand Caravan 2013,Dodge,Grand Caravan,2013
2068,Dodge Grand Caravan 2014,Dodge,Grand Caravan,2014
2069,Dodge Grand Caravan 2015,Dodge,Grand Caravan,2015
2070,Dodge Intrepid 1994,Dodge,Intrepid,1994
2071,Dodge Intrepid 1995,Dodge,Intrepid,1995
2072,Dodge Intrepid 1996,Dodge,Intrepid,1996
2073,Dodge Intrepid 1997,Dodge,Intrepid,1997
2074,Dodge Intrepid 1998,Dodge,Intrepid,1998
2075,Dodge Intrepid 1999,Dodge,Intrepid,1999
2076,Dodge Intrepid 2000,Dodge,Intrepid,2000
2077,Dodge Intrepid 2001,Dodge,Intrepid,2001
2078,Dodge Intrepid 2002,Dodge,Intrepid,2002
2079,Dodge Intrepid 2003,Dodge,Intrepid,2003
2080,Dodge Intrepid 2004,Dodge,Intrepid,2004
2081,Dodge Journey 2008,Dodge,Journey,2008
2082,Dodge Journey 2009,Dodge,Journey,2009
2083,Dodge Journey 2010,Dodge,Journey,2010
2084,Dodge Journey 2011,Dodge,Journey,2011
2085,Dodge Journey 2012,Dodge,Journey,2012
2086,Dodge Journey 2013,Dodge,Journey,2013
2087,Dodge Journey 2014,Dodge,Journey,2014
2088,Dodge Journey 2015,Dodge,Journey,2015
2089,Dodge Journey 2016,Dodge,Journey,2016
2090,Dodge Magnum 2000,Dodge,Magnum,2000
2091,Dodge Magnum 2003,Dodge,Magnum,2003
2092,Dodge Magnum 2004,Dodge,Magnum,2004
2093,Dodge Magnum 2005,Dodge,Magnum,2005
2094,Dodge Magnum 2006,Dodge,Magnum,2006
2095,Dodge Magnum 2007,Dodge,Magnum,2007
2096,Dodge Magnum 2008,Dodge,Magnum,2008
2097,Dodge Monaco 1965,Dodge,Monaco,1965
2098,Dodge Monaco 1967,Dodge,Monaco,1967
2099,Dodge Monaco 1968,Dodge,Monaco,1968
2100,Dodge Neon 1995,Dodge,Neon,1995
2101,Dodge Neon 1996,Dodge,Neon,1996
2102,Dodge Neon 1997,Dodge,Neon,1997
2103,Dodge Neon 1998,Dodge,Neon,1998
2104,Dodge Neon 1999,Dodge,Neon,1999
2105,Dodge Neon 2000,Dodge,Neon,2000
2106,Dodge Neon 2001,Dodge,Neon,2001
2107,Dodge Neon 2002,Dodge,Neon,2002
2108,Dodge Neon 2003,Dodge,Neon,2003
2109,Dodge Neon 2004,Dodge,Neon,2004
2110,Dodge Neon 2005,Dodge,Neon,2005
2111,Dodge Neon 2006,Dodge,Neon,2006
2112,Dodge Nitro 2007,Dodge,Nitro,2007
2113,Dodge Nitro 2008,Dodge,Nitro,2008
2114,Dodge Nitro 2009,Dodge,Nitro,2009
2115,Dodge Nitro 2010,Dodge,Nitro,2010
2116,Dodge Nitro 2011,Dodge,Nitro,2011
2117,Dodge Polara 1963,Dodge,Polara,1963
2118,Dodge Polara 1964,Dodge,Polara,1964
2119,Dodge Ram 1500 1975,Dodge,Ram 1500,1975
2120,Dodge Ram 1500 1985,Dodge,Ram 1500,1985
2121,Dodge Ram 1500 1987,Dodge,Ram 1500,1987
2122,Dodge Ram 1500 1989,Dodge,Ram 1500,1989
2123,Dodge Ram 1500 1990,Dodge,Ram 1500,1990
2124,Dodge Ram 1500 1991,Dodge,Ram 1500,1991
2125,Dodge Ram 1500 1992,Dodge,Ram 1500,1992
2126,Dodge Ram 1500 1994,Dodge,Ram 1500,1994
2127,Dodge Ram 1500 1995,Dodge,Ram 1500,1995
2128,Dodge Ram 1500 1996,Dodge,Ram 1500,1996
2129,Dodge Ram 1500 1997,Dodge,Ram 1500,1997
2130,Dodge Ram 1500 1998,Dodge,Ram 1500,1998
2131,Dodge Ram 1500 1999,Dodge,Ram 1500,1999
2132,Dodge Ram 1500 2000,Dodge,Ram 1500,2000
2133,Dodge Ram 1500 2001,Dodge,Ram 1500,2001
2134,Dodge Ram 1500 2002,Dodge,Ram 1500,2002
2135,Dodge Ram 1500 2003,Dodge,Ram 1500,2003
2136,Dodge Ram 1500 2004,Dodge,Ram 1500,2004
2137,Dodge Ram 1500 2005,Dodge,Ram 1500,2005
2138,Dodge Ram 1500 2006,Dodge,Ram 1500,2006
2139,Dodge Ram 1500 2007,Dodge,Ram 1500,2007
2140,Dodge Ram 1500 2008,Dodge,Ram 1500,2008
2141,Dodge Ram 1500 2009,Dodge,Ram 1500,2009
2142,Dodge Ram 1500 2010,Dodge,Ram 1500,2010
2143,Dodge Ram 1500 2011,Dodge,Ram 1500,2011
2144,Dodge Ram 1500 2012,Dodge,Ram 1500,2012
2145,Dodge Ram 1500 2013,Dodge,Ram 1500,2013
2146,Dodge Ram 1500 2014,Dodge,Ram 1500,2014
2147,Dodge Ram 1500 2015,Dodge,Ram 1500,2015
2148,Dodge Ram 1500 2016,Dodge,Ram 1500,2016
2149,Dodge Ram 2500 1988,Dodge,Ram 2500,1988
2150,Dodge Ram 2500 1990,Dodge,Ram 2500,1990
2151,Dodge Ram 2500 1991,Dodge,Ram 2500,1991
2152,Dodge Ram 2500 1992,Dodge,Ram 2500,1992
2153,Dodge Ram 2500 1993,Dodge,Ram 2500,1993
2154,Dodge Ram 2500 1994,Dodge,Ram 2500,1994
2155,Dodge Ram 2500 1995,Dodge,Ram 2500,1995
2156,Dodge Ram 2500 1996,Dodge,Ram 2500,1996
2157,Dodge Ram 2500 1997,Dodge,Ram 2500,1997
2158,Dodge Ram 2500 1998,Dodge,Ram 2500,1998
2159,Dodge Ram 2500 1999,Dodge,Ram 2500,1999
2160,Dodge Ram 2500 2000,Dodge,Ram 2500,2000
2161,Dodge Ram 2500 2001,Dodge,Ram 2500,2001
2162,Dodge Ram 2500 2002,Dodge,Ram 2500,2002
2163,Dodge Ram 2500 2003,Dodge,Ram 2500,2003
2164,Dodge Ram 2500 2004,Dodge,Ram 2500,2004
2165,Dodge Ram 2500 2005,Dodge,Ram 2500,2005
2166,Dodge Ram 2500 2006,Dodge,Ram 2500,2006
2167,Dodge Ram 2500 2007,Dodge,Ram 2500,2007
2168,Dodge Ram 2500 2008,Dodge,Ram 2500,2008
2169,Dodge Ram 2500 2009,Dodge,Ram 2500,2009
2170,Dodge Ram 2500 2010,Dodge,Ram 2500,2010
2171,Dodge Ram 2500 2011,Dodge,Ram 2500,2011
2172,Dodge Ram 2500 2012,Dodge,Ram 2500,2012
2173,Dodge Ram 2500 2013,Dodge,Ram 2500,2013
2174,Dodge Ram 2500 2014,Dodge,Ram 2500,2014
2175,Dodge Ram 2500 2015,Dodge,Ram 2500,2015
2176,Dodge Ram 3500 1992,Dodge,Ram 3500,1992
2177,Dodge Ram 3500 1994,Dodge,Ram 3500,1994
2178,Dodge Ram 3500 1995,Dodge,Ram 3500,1995
2179,Dodge Ram 3500 1996,Dodge,Ram 3500,1996
2180,Dodge Ram 3500 1997,Dodge,Ram 3500,1997
2181,Dodge Ram 3500 1998,Dodge,Ram 3500,1998
2182,Dodge Ram 3500 1999,Dodge,Ram 3500,1999
2183,Dodge Ram 3500 2000,Dodge,Ram 3500,2000
2184,Dodge Ram 3500 2001,Dodge,Ram 3500,2001
2185,Dodge Ram 3500 2002,Dodge,Ram 3500,2002
2186,Dodge Ram 3500 2003,Dodge,Ram 3500,2003
2187,Dodge Ram 3500 2004,Dodge,Ram 3500,2004
2188,Dodge Ram 3500 2005,Dodge,Ram 3500,2005
2189,Dodge Ram 3500 2006,Dodge,Ram 3500,2006
2190,Dodge Ram 3500 2007,Dodge,Ram 3500,2007
2191,Dodge Ram 3500 2008,Dodge,Ram 3500,2008
2192,Dodge Ram 3500 2009,Dodge,Ram 3500,2009
2193,Dodge Ram 3500 2010,Dodge,Ram 3500,2010
2194,Dodge Ram 3500 2011,Dodge,Ram 3500,2011
2195,Dodge Ram 3500 2012,Dodge,Ram 3500,2012
2196,Dodge Ram 3500 2014,Dodge,Ram 3500,2014
2197,Dodge Ram 5500 2008,Dodge,Ram 5500,2008
2198,Dodge Ram 5500 2012,Dodge,Ram 5500,2012
2199,Dodge Ramcharger 1979,Dodge,Ramcharger,1979
2200,Dodge Ramcharger 1984,Dodge,Ramcharger,1984
2201,Dodge Ramcharger 1985,Dodge,Ramcharger,1985
2202,Dodge Ramcharger 1987,Dodge,Ramcharger,1987
2203,Dodge Rumble Bee 2005,Dodge,Rumble Bee,2005
2204,Dodge Shadow 1989,Dodge,Shadow,1989
2205,Dodge Shadow 1991,Dodge,Shadow,1991
2206,Dodge Shadow 1993,Dodge,Shadow,1993
2207,Dodge Spirit 1989,Dodge,Spirit,1989
2208,Dodge Spirit 1990,Dodge,Spirit,1990
2209,Dodge Spirit 1994,Dodge,Spirit,1994
2210,Dodge Spirit 1995,Dodge,Spirit,1995
2211,Dodge Stealth 1991,Dodge,Stealth,1991
2212,Dodge Stealth 1992,Dodge,Stealth,1992
2213,Dodge Stealth 1993,Dodge,Stealth,1993
2214,Dodge Stealth 1994,Dodge,Stealth,1994
2215,Dodge Stealth 1995,Dodge,Stealth,1995
2216,Dodge Stratus 1996,Dodge,Stratus,1996
2217,Dodge Stratus 1997,Dodge,Stratus,1997
2218,Dodge Stratus 1998,Dodge,Stratus,1998
2219,Dodge Stratus 1999,Dodge,Stratus,1999
2220,Dodge Stratus 2000,Dodge,Stratus,2000
2221,Dodge Stratus 2001,Dodge,Stratus,2001
2222,Dodge Stratus 2002,Dodge,Stratus,2002
2223,Dodge Stratus 2003,Dodge,Stratus,2003
2224,Dodge Stratus 2004,Dodge,Stratus,2004
2225,Dodge Stratus 2005,Dodge,Stratus,2005
2226,Dodge Stratus 2006,Dodge,Stratus,2006
2227,Dodge Viper 1992,Dodge,Viper,1992
2228,Dodge Viper 1996,Dodge,Viper,1996
2229,Dodge Viper 1999,Dodge,Viper,1999
2230,Dodge Viper 2001,Dodge,Viper,2001
2231,Dodge Viper 2002,Dodge,Viper,2002
2232,Dodge Viper 2006,Dodge,Viper,2006
2233,Dodge Viper 2013,Dodge,Viper,2013
2234,Dodge Viper 2014,Dodge,Viper,2014
2235,Dodge W100 1975,Dodge,W100,1975
2236,Dodge W100 1987,Dodge,W100,1987
2237,Dodge W100 1988,Dodge,W100,1988
2238,Dodge W150 1992,Dodge,W150,1992
2239,Dodge W250 1990,Dodge,W250,1990
2240,Dodge W250 1992,Dodge,W250,1992
2241,Dodge W250 1993,Dodge,W250,1993
2242,Eagle Talon 1990,Eagle,Talon,1990
2243,Eagle Talon 1991,Eagle,Talon,1991
2244,Eagle Talon 1992,Eagle,Talon,1992
2245,Eagle Talon 1993,Eagle,Talon,1993
2246,Eagle Talon 1995,Eagle,Talon,1995
2247,Eagle Talon 1996,Eagle,Talon,1996
2248,Eagle Talon 1997,Eagle,Talon,1997
2249,Eagle Talon 1998,Eagle,Talon,1998
2250,Ferrari 360 Modena 2002,Ferrari,360 Modena,2002
2251,Ferrari Daytona 1997,Ferrari,Daytona,1997
2252,Ferrari Gtm 2008,Ferrari,Gtm,2008
2253,Ferrari Testarossa 1988,Ferrari,Testarossa,1988
2254,Fiat Doblo 2011,Fiat,Doblo,2011
2255,Fiat Five Hundred 1970,Fiat,Five Hundred,1970
2256,Fiat Five Hundred 2012,Fiat,Five Hundred,2012
2257,Fiat Five Hundred 2013,Fiat,Five Hundred,2013
2258,Fiat Five Hundred 2014,Fiat,Five Hundred,2014
2259,Fiat Five Hundred 2015,Fiat,Five Hundred,2015
2260,Fiat Five Hundred 2016,Fiat,Five Hundred,2016
2261,Fiat Spider 1969,Fiat,Spider,1969
2262,Fiat Spider 1977,Fiat,Spider,1977
2263,Fiat Spider 1981,Fiat,Spider,1981
2264,Ford Aerostar 1988,Ford,Aerostar,1988
2265,Ford Aerostar 1990,Ford,Aerostar,1990
2266,Ford Aerostar 1993,Ford,Aerostar,1993
2267,Ford Aerostar 1994,Ford,Aerostar,1994
2268,Ford Aerostar 1995,Ford,Aerostar,1995
2269,Ford Aerostar 1997,Ford,Aerostar,1997
2270,Ford Anglia 1948,Ford,Anglia,1948
2271,Ford Aspire 1994,Ford,Aspire,1994
2272,Ford Aspire 1995,Ford,Aspire,1995
2273,Ford Aspire 1997,Ford,Aspire,1997
2274,Ford Bronco 1968,Ford,Bronco,1968
2275,Ford Bronco 1969,Ford,Bronco,1969
2276,Ford Bronco 1970,Ford,Bronco,1970
2277,Ford Bronco 1971,Ford,Bronco,1971
2278,Ford Bronco 1973,Ford,Bronco,1973
2279,Ford Bronco 1975,Ford,Bronco,1975
2280,Ford Bronco 1976,Ford,Bronco,1976
2281,Ford Bronco 1977,Ford,Bronco,1977
2282,Ford Bronco 1978,Ford,Bronco,1978
2283,Ford Bronco 1979,Ford,Bronco,1979
2284,Ford Bronco 1981,Ford,Bronco,1981
2285,Ford Bronco 1982,Ford,Bronco,1982
2286,Ford Bronco 1984,Ford,Bronco,1984
2287,Ford Bronco 1985,Ford,Bronco,1985
2288,Ford Bronco 1986,Ford,Bronco,1986
2289,Ford Bronco 1987,Ford,Bronco,1987
2290,Ford Bronco 1988,Ford,Bronco,1988
2291,Ford Bronco 1989,Ford,Bronco,1989
2292,Ford Bronco 1990,Ford,Bronco,1990
2293,Ford Bronco 1991,Ford,Bronco,1991
2294,Ford Bronco 1992,Ford,Bronco,1992
2295,Ford Bronco 1993,Ford,Bronco,1993
2296,Ford Bronco 1994,Ford,Bronco,1994
2297,Ford Bronco 1995,Ford,Bronco,1995
2298,Ford Bronco 1996,Ford,Bronco,1996
2299,Ford C-Max 2013,Ford,C-Max,2013
2300,Ford Cabriolet 1929,Ford,Cabriolet,1929
2301,Ford Cabriolet 1936,Ford,Cabriolet,1936
2302,Ford Contour 1993,Ford,Contour,1993
2303,Ford Contour 1995,Ford,Contour,1995
2304,Ford Contour 1996,Ford,Contour,1996
2305,Ford Contour 1997,Ford,Contour,1997
2306,Ford Contour 1998,Ford,Contour,1998
2307,Ford Contour 1999,Ford,Contour,1999
2308,Ford Contour 2000,Ford,Contour,2000
2309,Ford Coupe 1931,Ford,Coupe,1931
2310,Ford Coupe 1932,Ford,Coupe,1932
2311,Ford Coupe 1933,Ford,Coupe,1933
2312,Ford Coupe 1934,Ford,Coupe,1934
2313,Ford Coupe 1936,Ford,Coupe,1936
2314,Ford Coupe 1939,Ford,Coupe,1939
2315,Ford Coupe 1941,Ford,Coupe,1941
2316,Ford Coupe 1946,Ford,Coupe,1946
2317,Ford Coupe 1947,Ford,Coupe,1947
2318,Ford Coupe 1950,Ford,Coupe,1950
2319,Ford Courier 1981,Ford,Courier,1981
2320,Ford Courier 2009,Ford,Courier,2009
2321,Ford Crown Victoria 1985,Ford,Crown Victoria,1985
2322,Ford Crown Victoria 1986,Ford,Crown Victoria,1986
2323,Ford Crown Victoria 1991,Ford,Crown Victoria,1991
2324,Ford Crown Victoria 1992,Ford,Crown Victoria,1992
2325,Ford Crown Victoria 1993,Ford,Crown Victoria,1993
2326,Ford Crown Victoria 1994,Ford,Crown Victoria,1994
2327,Ford Crown Victoria 1995,Ford,Crown Victoria,1995
2328,Ford Crown Victoria 1996,Ford,Crown Victoria,1996
2329,Ford Crown Victoria 1997,Ford,Crown Victoria,1997
2330,Ford Crown Victoria 1998,Ford,Crown Victoria,1998
2331,Ford Crown Victoria 1999,Ford,Crown Victoria,1999
2332,Ford Crown Victoria 2000,Ford,Crown Victoria,2000
2333,Ford Crown Victoria 2001,Ford,Crown Victoria,2001
2334,Ford Crown Victoria 2002,Ford,Crown Victoria,2002
2335,Ford Crown Victoria 2003,Ford,Crown Victoria,2003
2336,Ford Crown Victoria 2004,Ford,Crown Victoria,2004
2337,Ford Crown Victoria 2005,Ford,Crown Victoria,2005
2338,Ford Crown Victoria 2006,Ford,Crown Victoria,2006
2339,Ford Crown Victoria 2007,Ford,Crown Victoria,2007
2340,Ford Crown Victoria 2008,Ford,Crown Victoria,2008
2341,Ford Crown Victoria 2009,Ford,Crown Victoria,2009
2342,Ford Crown Victoria 2010,Ford,Crown Victoria,2010
2343,Ford Crown Victoria 2011,Ford,Crown Victoria,2011
2344,Ford Deluxe 1940,Ford,Deluxe,1940
2345,Ford E150 1992,Ford,E150,1992
2346,Ford E150 1994,Ford,E150,1994
2347,Ford E150 1997,Ford,E150,1997
2348,Ford E150 1998,Ford,E150,1998
2349,Ford E150 1999,Ford,E150,1999
2350,Ford E150 2000,Ford,E150,2000
2351,Ford E150 2001,Ford,E150,2001
2352,Ford E150 2002,Ford,E150,2002
2353,Ford E150 2004,Ford,E150,2004
2354,Ford E150 2006,Ford,E150,2006
2355,Ford E150 2010,Ford,E150,2010
2356,Ford E250 1989,Ford,E250,1989
2357,Ford E250 1992,Ford,E250,1992
2358,Ford E250 1997,Ford,E250,1997
2359,Ford E250 1999,Ford,E250,1999
2360,Ford E250 2000,Ford,E250,2000
2361,Ford E250 2001,Ford,E250,2001
2362,Ford E250 2003,Ford,E250,2003
2363,Ford E250 2004,Ford,E250,2004
2364,Ford E250 2005,Ford,E250,2005
2365,Ford E250 2006,Ford,E250,2006
2366,Ford E250 2007,Ford,E250,2007
2367,Ford E250 2008,Ford,E250,2008
2368,Ford E250 2009,Ford,E250,2009
2369,Ford E250 2010,Ford,E250,2010
2370,Ford E250 2011,Ford,E250,2011
2371,Ford E250 2013,Ford,E250,2013
2372,Ford E350 1985,Ford,E350,1985
2373,Ford E350 1989,Ford,E350,1989
2374,Ford E350 1993,Ford,E350,1993
2375,Ford E350 1994,Ford,E350,1994
2376,Ford E350 1995,Ford,E350,1995
2377,Ford E350 1997,Ford,E350,1997
2378,Ford E350 1998,Ford,E350,1998
2379,Ford E350 1999,Ford,E350,1999
2380,Ford E350 2000,Ford,E350,2000
2381,Ford E350 2001,Ford,E350,2001
2382,Ford E350 2002,Ford,E350,2002
2383,Ford E350 2003,Ford,E350,2003
2384,Ford E350 2004,Ford,E350,2004
2385,Ford E350 2005,Ford,E350,2005
2386,Ford E350 2006,Ford,E350,2006
2387,Ford E350 2007,Ford,E350,2007
2388,Ford E350 2008,Ford,E350,2008
2389,Ford E350 2009,Ford,E350,2009
2390,Ford E350 2010,Ford,E350,2010
2391,Ford E350 2011,Ford,E350,2011
2392,Ford E450 1998,Ford,E450,1998
2393,Ford E450 1999,Ford,E450,1999
2394,Ford E450 2001,Ford,E450,2001
2395,Ford E450 2002,Ford,E450,2002
2396,Ford E450 2003,Ford,E450,2003
2397,Ford E450 2004,Ford,E450,2004
2398,Ford E450 2006,Ford,E450,2006
2399,Ford Edge 2005,Ford,Edge,2005
2400,Ford Edge 2007,Ford,Edge,2007
2401,Ford Edge 2008,Ford,Edge,2008
2402,Ford Edge 2009,Ford,Edge,2009
2403,Ford Edge 2010,Ford,Edge,2010
2404,Ford Edge 2011,Ford,Edge,2011
2405,Ford Edge 2012,Ford,Edge,2012
2406,Ford Edge 2013,Ford,Edge,2013
2407,Ford Edge 2014,Ford,Edge,2014
2408,Ford Edge 2015,Ford,Edge,2015
2409,Ford Escape 2001,Ford,Escape,2001
2410,Ford Escape 2002,Ford,Escape,2002
2411,Ford Escape 2003,Ford,Escape,2003
2412,Ford Escape 2004,Ford,Escape,2004
2413,Ford Escape 2005,Ford,Escape,2005
2414,Ford Escape 2006,Ford,Escape,2006
2415,Ford Escape 2007,Ford,Escape,2007
2416,Ford Escape 2008,Ford,Escape,2008
2417,Ford Escape 2009,Ford,Escape,2009
2418,Ford Escape 2010,Ford,Escape,2010
2419,Ford Escape 2011,Ford,Escape,2011
2420,Ford Escape 2012,Ford,Escape,2012
2421,Ford Escape 2013,Ford,Escape,2013
2422,Ford Escape 2014,Ford,Escape,2014
2423,Ford Escape 2015,Ford,Escape,2015
2424,Ford Escape 2016,Ford,Escape,2016
2425,Ford Escort 1987,Ford,Escort,1987
2426,Ford Escort 1991,Ford,Escort,1991
2427,Ford Escort 1993,Ford,Escort,1993
2428,Ford Escort 1995,Ford,Escort,1995
2429,Ford Escort 1996,Ford,Escort,1996
2430,Ford Escort 1997,Ford,Escort,1997
2431,Ford Escort 1998,Ford,Escort,1998
2432,Ford Escort 1999,Ford,Escort,1999
2433,Ford Escort 2000,Ford,Escort,2000
2434,Ford Escort 2001,Ford,Escort,2001
2435,Ford Escort 2002,Ford,Escort,2002
2436,Ford Escort 2003,Ford,Escort,2003
2437,Ford Escort Wagon 1992,Ford,Escort Wagon,1992
2438,Ford Escort Wagon 1993,Ford,Escort Wagon,1993
2439,Ford Escort Wagon 1995,Ford,Escort Wagon,1995
2440,Ford Escort Wagon 1996,Ford,Escort Wagon,1996
2441,Ford Escort Wagon 1997,Ford,Escort Wagon,1997
2442,Ford Excursion 2000,Ford,Excursion,2000
2443,Ford Excursion 2001,Ford,Excursion,2001
2444,Ford Excursion 2002,Ford,Excursion,2002
2445,Ford Excursion 2003,Ford,Excursion,2003
2446,Ford Excursion 2004,Ford,Excursion,2004
2447,Ford Excursion 2005,Ford,Excursion,2005
2448,Ford Expedition 1997,Ford,Expedition,1997
2449,Ford Expedition 1998,Ford,Expedition,1998
2450,Ford Expedition 1999,Ford,Expedition,1999
2451,Ford Expedition 2000,Ford,Expedition,2000
2452,Ford Expedition 2001,Ford,Expedition,2001
2453,Ford Expedition 2002,Ford,Expedition,2002
2454,Ford Expedition 2003,Ford,Expedition,2003
2455,Ford Expedition 2004,Ford,Expedition,2004
2456,Ford Expedition 2005,Ford,Expedition,2005
2457,Ford Expedition 2006,Ford,Expedition,2006
2458,Ford Expedition 2007,Ford,Expedition,2007
2459,Ford Expedition 2008,Ford,Expedition,2008
2460,Ford Expedition 2009,Ford,Expedition,2009
2461,Ford Expedition 2010,Ford,Expedition,2010
2462,Ford Expedition 2011,Ford,Expedition,2011
2463,Ford Expedition 2012,Ford,Expedition,2012
2464,Ford Expedition 2013,Ford,Expedition,2013
2465,Ford Explorer 1991,Ford,Explorer,1991
2466,Ford Explorer 1992,Ford,Explorer,1992
2467,Ford Explorer 1993,Ford,Explorer,1993
2468,Ford Explorer 1994,Ford,Explorer,1994
2469,Ford Explorer 1995,Ford,Explorer,1995
2470,Ford Explorer 1996,Ford,Explorer,1996
2471,Ford Explorer 1997,Ford,Explorer,1997
2472,Ford Explorer 1998,Ford,Explorer,1998
2473,Ford Explorer 1999,Ford,Explorer,1999
2474,Ford Explorer 2000,Ford,Explorer,2000
2475,Ford Explorer 2001,Ford,Explorer,2001
2476,Ford Explorer 2002,Ford,Explorer,2002
2477,Ford Explorer 2003,Ford,Explorer,2003
2478,Ford Explorer 2004,Ford,Explorer,2004
2479,Ford Explorer 2005,Ford,Explorer,2005
2480,Ford Explorer 2006,Ford,Explorer,2006
2481,Ford Explorer 2007,Ford,Explorer,2007
2482,Ford Explorer 2008,Ford,Explorer,2008
2483,Ford Explorer 2009,Ford,Explorer,2009
2484,Ford Explorer 2010,Ford,Explorer,2010
2485,Ford Explorer 2011,Ford,Explorer,2011
2486,Ford Explorer 2012,Ford,Explorer,2012
2487,Ford Explorer 2013,Ford,Explorer,2013
2488,Ford Explorer 2014,Ford,Explorer,2014
2489,Ford Explorer 2015,Ford,Explorer,2015
2490,Ford F100 1948,Ford,F100,1948
2491,Ford F100 1953,Ford,F100,1953
2492,Ford F100 1954,Ford,F100,1954
2493,Ford F100 1955,Ford,F100,1955
2494,Ford F100 1956,Ford,F100,1956
2495,Ford F100 1957,Ford,F100,1957
2496,Ford F100 1959,Ford,F100,1959
2497,Ford F100 1960,Ford,F100,1960
2498,Ford F100 1961,Ford,F100,1961
2499,Ford F100 1962,Ford,F100,1962
2500,Ford F100 1963,Ford,F100,1963
2501,Ford F100 1964,Ford,F100,1964
2502,Ford F100 1965,Ford,F100,1965
2503,Ford F100 1966,Ford,F100,1966
2504,Ford F100 1967,Ford,F100,1967
2505,Ford F100 1968,Ford,F100,1968
2506,Ford F100 1969,Ford,F100,1969
2507,Ford F100 1970,Ford,F100,1970
2508,Ford F100 1971,Ford,F100,1971
2509,Ford F100 1972,Ford,F100,1972
2510,Ford F100 1973,Ford,F100,1973
2511,Ford F100 1974,Ford,F100,1974
2512,Ford F100 1975,Ford,F100,1975
2513,Ford F100 1976,Ford,F100,1976
2514,Ford F100 1977,Ford,F100,1977
2515,Ford F100 1978,Ford,F100,1978
2516,Ford F100 1979,Ford,F100,1979
2517,Ford F100 1981,Ford,F100,1981
2518,Ford F100 1982,Ford,F100,1982
2519,Ford F150 1975,Ford,F150,1975
2520,Ford F150 1976,Ford,F150,1976
2521,Ford F150 1977,Ford,F150,1977
2522,Ford F150 1978,Ford,F150,1978
2523,Ford F150 1979,Ford,F150,1979
2524,Ford F150 1981,Ford,F150,1981
2525,Ford F150 1982,Ford,F150,1982
2526,Ford F150 1983,Ford,F150,1983
2527,Ford F150 1984,Ford,F150,1984
2528,Ford F150 1985,Ford,F150,1985
2529,Ford F150 1986,Ford,F150,1986
2530,Ford F150 1987,Ford,F150,1987
2531,Ford F150 1988,Ford,F150,1988
2532,Ford F150 1989,Ford,F150,1989
2533,Ford F150 1990,Ford,F150,1990
2534,Ford F150 1991,Ford,F150,1991
2535,Ford F150 1992,Ford,F150,1992
2536,Ford F150 1993,Ford,F150,1993
2537,Ford F150 1994,Ford,F150,1994
2538,Ford F150 1995,Ford,F150,1995
2539,Ford F150 1996,Ford,F150,1996
2540,Ford F150 1997,Ford,F150,1997
2541,Ford F150 1998,Ford,F150,1998
2542,Ford F150 1999,Ford,F150,1999
2543,Ford F150 2000,Ford,F150,2000
2544,Ford F150 2001,Ford,F150,2001
2545,Ford F150 2002,Ford,F150,2002
2546,Ford F150 2003,Ford,F150,2003
2547,Ford F150 2004,Ford,F150,2004
2548,Ford F150 2005,Ford,F150,2005
2549,Ford F150 2006,Ford,F150,2006
2550,Ford F150 2007,Ford,F150,2007
2551,Ford F150 2008,Ford,F150,2008
2552,Ford F150 2009,Ford,F150,2009
2553,Ford F150 2010,Ford,F150,2010
2554,Ford F150 2011,Ford,F150,2011
2555,Ford F150 2012,Ford,F150,2012
2556,Ford F150 2013,Ford,F150,2013
2557,Ford F150 2014,Ford,F150,2014
2558,Ford F150 2015,Ford,F150,2015
2559,Ford F150 2016,Ford,F150,2016
2560,Ford F250 1955,Ford,F250,1955
2561,Ford F250 1964,Ford,F250,1964
2562,Ford F250 1966,Ford,F250,1966
2563,Ford F250 1967,Ford,F250,1967
2564,Ford F250 1968,Ford,F250,1968
2565,Ford F250 1969,Ford,F250,1969
2566,Ford F250 1970,Ford,F250,1970
2567,Ford F250 1971,Ford,F250,1971
2568,Ford F250 1972,Ford,F250,1972
2569,Ford F250 1973,Ford,F250,1973
2570,Ford F250 1975,Ford,F250,1975
2571,Ford F250 1976,Ford,F250,1976
2572,Ford F250 1977,Ford,F250,1977
2573,Ford F250 1978,Ford,F250,1978
2574,Ford F250 1979,Ford,F250,1979
2575,Ford F250 1983,Ford,F250,1983
2576,Ford F250 1984,Ford,F250,1984
2577,Ford F250 1985,Ford,F250,1985
2578,Ford F250 1986,Ford,F250,1986
2579,Ford F250 1987,Ford,F250,1987
2580,Ford F250 1988,Ford,F250,1988
2581,Ford F250 1989,Ford,F250,1989
2582,Ford F250 1990,Ford,F250,1990
2583,Ford F250 1991,Ford,F250,1991
2584,Ford F250 1992,Ford,F250,1992
2585,Ford F250 1993,Ford,F250,1993
2586,Ford F250 1994,Ford,F250,1994
2587,Ford F250 1995,Ford,F250,1995
2588,Ford F250 1996,Ford,F250,1996
2589,Ford F250 1997,Ford,F250,1997
2590,Ford F250 1998,Ford,F250,1998
2591,Ford F250 1999,Ford,F250,1999
2592,Ford F250 2000,Ford,F250,2000
2593,Ford F250 2001,Ford,F250,2001
2594,Ford F250 2002,Ford,F250,2002
2595,Ford F250 2003,Ford,F250,2003
2596,Ford F250 2004,Ford,F250,2004
2597,Ford F250 2005,Ford,F250,2005
2598,Ford F250 2006,Ford,F250,2006
2599,Ford F250 2007,Ford,F250,2007
2600,Ford F250 2008,Ford,F250,2008
2601,Ford F250 2009,Ford,F250,2009
2602,Ford F250 2010,Ford,F250,2010
2603,Ford F250 2011,Ford,F250,2011
2604,Ford F250 2012,Ford,F250,2012
2605,Ford F250 2013,Ford,F250,2013
2606,Ford F250 2014,Ford,F250,2014
2607,Ford F250 2015,Ford,F250,2015
2608,Ford F250 2016,Ford,F250,2016
2609,Ford F350 1970,Ford,F350,1970
2610,Ford F350 1972,Ford,F350,1972
2611,Ford F350 1973,Ford,F350,1973
2612,Ford F350 1976,Ford,F350,1976
2613,Ford F350 1977,Ford,F350,1977
2614,Ford F350 1980,Ford,F350,1980
2615,Ford F350 1981,Ford,F350,1981
2616,Ford F350 1985,Ford,F350,1985
2617,Ford F350 1986,Ford,F350,1986
2618,Ford F350 1988,Ford,F350,1988
2619,Ford F350 1989,Ford,F350,1989
2620,Ford F350 1990,Ford,F350,1990
2621,Ford F350 1991,Ford,F350,1991
2622,Ford F350 1992,Ford,F350,1992
2623,Ford F350 1993,Ford,F350,1993
2624,Ford F350 1994,Ford,F350,1994
2625,Ford F350 1995,Ford,F350,1995
2626,Ford F350 1996,Ford,F350,1996
2627,Ford F350 1997,Ford,F350,1997
2628,Ford F350 1998,Ford,F350,1998
2629,Ford F350 1999,Ford,F350,1999
2630,Ford F350 2000,Ford,F350,2000
2631,Ford F350 2001,Ford,F350,2001
2632,Ford F350 2002,Ford,F350,2002
2633,Ford F350 2003,Ford,F350,2003
2634,Ford F350 2004,Ford,F350,2004
2635,Ford F350 2005,Ford,F350,2005
2636,Ford F350 2006,Ford,F350,2006
2637,Ford F350 2007,Ford,F350,2007
2638,Ford F350 2008,Ford,F350,2008
2639,Ford F350 2009,Ford,F350,2009
2640,Ford F350 2010,Ford,F350,2010
2641,Ford F350 2011,Ford,F350,2011
2642,Ford F350 2012,Ford,F350,2012
2643,Ford F350 2013,Ford,F350,2013
2644,Ford F350 2014,Ford,F350,2014
2645,Ford F350 2015,Ford,F350,2015
2646,Ford F350 2016,Ford,F350,2016
2647,Ford F450 1989,Ford,F450,1989
2648,Ford F450 1995,Ford,F450,1995
2649,Ford F450 1999,Ford,F450,1999
2650,Ford F450 2000,Ford,F450,2000
2651,Ford F450 2003,Ford,F450,2003
2652,Ford F450 2004,Ford,F450,2004
2653,Ford F450 2005,Ford,F450,2005
2654,Ford F450 2006,Ford,F450,2006
2655,Ford F450 2007,Ford,F450,2007
2656,Ford F450 2008,Ford,F450,2008
2657,Ford F450 2009,Ford,F450,2009
2658,Ford F450 2012,Ford,F450,2012
2659,Ford Fairlane 1957,Ford,Fairlane,1957
2660,Ford Fairlane 1958,Ford,Fairlane,1958
2661,Ford Fairlane 1959,Ford,Fairlane,1959
2662,Ford Fairlane 1962,Ford,Fairlane,1962
2663,Ford Fairlane 1964,Ford,Fairlane,1964
2664,Ford Fairlane 1966,Ford,Fairlane,1966
2665,Ford Fairlane 1968,Ford,Fairlane,1968
2666,Ford Fairlane 1969,Ford,Fairlane,1969
2667,Ford Fairlane 1970,Ford,Fairlane,1970
2668,Ford Fairlane 1979,Ford,Fairlane,1979
2669,Ford Falcon 1960,Ford,Falcon,1960
2670,Ford Falcon 1961,Ford,Falcon,1961
2671,Ford Falcon 1962,Ford,Falcon,1962
2672,Ford Falcon 1963,Ford,Falcon,1963
2673,Ford Falcon 1965,Ford,Falcon,1965
2674,Ford Falcon 1966,Ford,Falcon,1966
2675,Ford Festiva 1988,Ford,Festiva,1988
2676,Ford Festiva 1990,Ford,Festiva,1990
2677,Ford Festiva 1993,Ford,Festiva,1993
2678,Ford Fiesta 2011,Ford,Fiesta,2011
2679,Ford Fiesta 2012,Ford,Fiesta,2012
2680,Ford Fiesta 2013,Ford,Fiesta,2013
2681,Ford Fiesta 2014,Ford,Fiesta,2014
2682,Ford Fiesta 2015,Ford,Fiesta,2015
2683,Ford Fiesta 2016,Ford,Fiesta,2016
2684,Ford Five Hundred 2005,Ford,Five Hundred,2005
2685,Ford Five Hundred 2006,Ford,Five Hundred,2006
2686,Ford Five Hundred 2007,Ford,Five Hundred,2007
2687,Ford Flex 2009,Ford,Flex,2009
2688,Ford Flex 2010,Ford,Flex,2010
2689,Ford Flex 2011,Ford,Flex,2011
2690,Ford Flex 2012,Ford,Flex,2012
2691,Ford Flex 2013,Ford,Flex,2013
2692,Ford Flex 2014,Ford,Flex,2014
2693,Ford Focus 2000,Ford,Focus,2000
2694,Ford Focus 2001,Ford,Focus,2001
2695,Ford Focus 2002,Ford,Focus,2002
2696,Ford Focus 2003,Ford,Focus,2003
2697,Ford Focus 2004,Ford,Focus,2004
2698,Ford Focus 2005,Ford,Focus,2005
2699,Ford Focus 2006,Ford,Focus,2006
2700,Ford Focus 2007,Ford,Focus,2007
2701,Ford Focus 2008,Ford,Focus,2008
2702,Ford Focus 2009,Ford,Focus,2009
2703,Ford Focus 2010,Ford,Focus,2010
2704,Ford Focus 2011,Ford,Focus,2011
2705,Ford Focus 2012,Ford,Focus,2012
2706,Ford Focus 2013,Ford,Focus,2013
2707,Ford Focus 2014,Ford,Focus,2014
2708,Ford Focus 2015,Ford,Focus,2015
2709,Ford Freestar 2004,Ford,Freestar,2004
2710,Ford Freestar 2005,Ford,Freestar,2005
2711,Ford Freestar 2006,Ford,Freestar,2006
2712,Ford Freestar 2007,Ford,Freestar,2007
2713,Ford Freestyle 2005,Ford,Freestyle,2005
2714,Ford Freestyle 2006,Ford,Freestyle,2006
2715,Ford Freestyle 2007,Ford,Freestyle,2007
2716,Ford Fusion 2004,Ford,Fusion,2004
2717,Ford Fusion 2006,Ford,Fusion,2006
2718,Ford Fusion 2007,Ford,Fusion,2007
2719,Ford Fusion 2008,Ford,Fusion,2008
2720,Ford Fusion 2009,Ford,Fusion,2009
2721,Ford Fusion 2010,Ford,Fusion,2010
2722,Ford Fusion 2011,Ford,Fusion,2011
2723,Ford Fusion 2012,Ford,Fusion,2012
2724,Ford Fusion 2013,Ford,Fusion,2013
2725,Ford Fusion 2014,Ford,Fusion,2014
2726,Ford Fusion 2015,Ford,Fusion,2015
2727,Ford Galaxie 1960,Ford,Galaxie,1960
2728,Ford Galaxie 1962,Ford,Galaxie,1962
2729,Ford Galaxie 1963,Ford,Galaxie,1963
2730,Ford Galaxie 1964,Ford,Galaxie,1964
2731,Ford Galaxie 1965,Ford,Galaxie,1965
2732,Ford Galaxie 1966,Ford,Galaxie,1966
2733,Ford Galaxie 1967,Ford,Galaxie,1967
2734,Ford Galaxie 1968,Ford,Galaxie,1968
2735,Ford Galaxie 1969,Ford,Galaxie,1969
2736,Ford Granada 1976,Ford,Granada,1976
2737,Ford Grand Torino 1971,Ford,Grand Torino,1971
2738,Ford Grand Torino 1973,Ford,Grand Torino,1973
2739,Ford Grand Torino 1975,Ford,Grand Torino,1975
2740,Ford Grand Torino 1976,Ford,Grand Torino,1976
2741,Ford Lincoln 2006,Ford,Lincoln,2006
2742,Ford Maverick 1970,Ford,Maverick,1970
2743,Ford Maverick 1972,Ford,Maverick,1972
2744,Ford Maverick 1973,Ford,Maverick,1973
2745,Ford Maverick 1974,Ford,Maverick,1974
2746,Ford Maverick 1975,Ford,Maverick,1975
2747,Ford Maverick 1977,Ford,Maverick,1977
2748,Ford Mustang 1964,Ford,Mustang,1964
2749,Ford Mustang 1965,Ford,Mustang,1965
2750,Ford Mustang 1966,Ford,Mustang,1966
2751,Ford Mustang 1967,Ford,Mustang,1967
2752,Ford Mustang 1968,Ford,Mustang,1968
2753,Ford Mustang 1969,Ford,Mustang,1969
2754,Ford Mustang 1970,Ford,Mustang,1970
2755,Ford Mustang 1971,Ford,Mustang,1971
2756,Ford Mustang 1972,Ford,Mustang,1972
2757,Ford Mustang 1973,Ford,Mustang,1973
2758,Ford Mustang 1974,Ford,Mustang,1974
2759,Ford Mustang 1978,Ford,Mustang,1978
2760,Ford Mustang 1979,Ford,Mustang,1979
2761,Ford Mustang 1980,Ford,Mustang,1980
2762,Ford Mustang 1981,Ford,Mustang,1981
2763,Ford Mustang 1982,Ford,Mustang,1982
2764,Ford Mustang 1983,Ford,Mustang,1983
2765,Ford Mustang 1984,Ford,Mustang,1984
2766,Ford Mustang 1985,Ford,Mustang,1985
2767,Ford Mustang 1986,Ford,Mustang,1986
2768,Ford Mustang 1987,Ford,Mustang,1987
2769,Ford Mustang 1988,Ford,Mustang,1988
2770,Ford Mustang 1989,Ford,Mustang,1989
2771,Ford Mustang 1990,Ford,Mustang,1990
2772,Ford Mustang 1991,Ford,Mustang,1991
2773,Ford Mustang 1992,Ford,Mustang,1992
2774,Ford Mustang 1993,Ford,Mustang,1993
2775,Ford Mustang 1994,Ford,Mustang,1994
2776,Ford Mustang 1995,Ford,Mustang,1995
2777,Ford Mustang 1996,Ford,Mustang,1996
2778,Ford Mustang 1997,Ford,Mustang,1997
2779,Ford Mustang 1998,Ford,Mustang,1998
2780,Ford Mustang 1999,Ford,Mustang,1999
2781,Ford Mustang 2000,Ford,Mustang,2000
2782,Ford Mustang 2001,Ford,Mustang,2001
2783,Ford Mustang 2002,Ford,Mustang,2002
2784,Ford Mustang 2003,Ford,Mustang,2003
2785,Ford Mustang 2004,Ford,Mustang,2004
2786,Ford Mustang 2005,Ford,Mustang,2005
2787,Ford Mustang 2006,Ford,Mustang,2006
2788,Ford Mustang 2007,Ford,Mustang,2007
2789,Ford Mustang 2008,Ford,Mustang,2008
2790,Ford Mustang 2009,Ford,Mustang,2009
2791,Ford Mustang 2010,Ford,Mustang,2010
2792,Ford Mustang 2011,Ford,Mustang,2011
2793,Ford Mustang 2012,Ford,Mustang,2012
2794,Ford Mustang 2013,Ford,Mustang,2013
2795,Ford Mustang 2014,Ford,Mustang,2014
2796,Ford Mustang 2015,Ford,Mustang,2015
2797,Ford Mustang 2016,Ford,Mustang,2016
2798,Ford Mustang Convertible 1965,Ford,Mustang Convertible,1965
2799,Ford Mustang Convertible 1967,Ford,Mustang Convertible,1967
2800,Ford Mustang Convertible 1970,Ford,Mustang Convertible,1970
2801,Ford Mustang Convertible 1972,Ford,Mustang Convertible,1972
2802,Ford Mustang Convertible 1983,Ford,Mustang Convertible,1983
2803,Ford Mustang Convertible 1986,Ford,Mustang Convertible,1986
2804,Ford Mustang Convertible 1989,Ford,Mustang Convertible,1989
2805,Ford Mustang Convertible 1991,Ford,Mustang Convertible,1991
2806,Ford Mustang Convertible 1993,Ford,Mustang Convertible,1993
2807,Ford Mustang Convertible 1994,Ford,Mustang Convertible,1994
2808,Ford Mustang Convertible 1995,Ford,Mustang Convertible,1995
2809,Ford Mustang Convertible 1996,Ford,Mustang Convertible,1996
2810,Ford Mustang Convertible 1997,Ford,Mustang Convertible,1997
2811,Ford Mustang Convertible 1998,Ford,Mustang Convertible,1998
2812,Ford Mustang Convertible 1999,Ford,Mustang Convertible,1999
2813,Ford Mustang Convertible 2000,Ford,Mustang Convertible,2000
2814,Ford Mustang Convertible 2001,Ford,Mustang Convertible,2001
2815,Ford Mustang Convertible 2002,Ford,Mustang Convertible,2002
2816,Ford Mustang Convertible 2003,Ford,Mustang Convertible,2003
2817,Ford Mustang Convertible 2004,Ford,Mustang Convertible,2004
2818,Ford Mustang Convertible 2005,Ford,Mustang Convertible,2005
2819,Ford Mustang Convertible 2006,Ford,Mustang Convertible,2006
2820,Ford Mustang Convertible 2007,Ford,Mustang Convertible,2007
2821,Ford Mustang Convertible 2009,Ford,Mustang Convertible,2009
2822,Ford Mustang Convertible 2010,Ford,Mustang Convertible,2010
2823,Ford Mustang Convertible 2012,Ford,Mustang Convertible,2012
2824,Ford Mustang Convertible 2013,Ford,Mustang Convertible,2013
2825,Ford Mustang Convertible 2014,Ford,Mustang Convertible,2014
2826,Ford Mustang Gt 1985,Ford,Mustang Gt,1985
2827,Ford Mustang Gt 1989,Ford,Mustang Gt,1989
2828,Ford Mustang Gt 1992,Ford,Mustang Gt,1992
2829,Ford Mustang Gt 1993,Ford,Mustang Gt,1993
2830,Ford Mustang Gt 1994,Ford,Mustang Gt,1994
2831,Ford Mustang Gt 1995,Ford,Mustang Gt,1995
2832,Ford Mustang Gt 1996,Ford,Mustang Gt,1996
2833,Ford Mustang Gt 1998,Ford,Mustang Gt,1998
2834,Ford Mustang Gt 1999,Ford,Mustang Gt,1999
2835,Ford Mustang Gt 2000,Ford,Mustang Gt,2000
2836,Ford Mustang Gt 2001,Ford,Mustang Gt,2001
2837,Ford Mustang Gt 2002,Ford,Mustang Gt,2002
2838,Ford Mustang Gt 2003,Ford,Mustang Gt,2003
2839,Ford Mustang Gt 2004,Ford,Mustang Gt,2004
2840,Ford Mustang Gt 2005,Ford,Mustang Gt,2005
2841,Ford Mustang Gt 2006,Ford,Mustang Gt,2006
2842,Ford Mustang Gt 2007,Ford,Mustang Gt,2007
2843,Ford Mustang Gt 2008,Ford,Mustang Gt,2008
2844,Ford Mustang Gt 2011,Ford,Mustang Gt,2011
2845,Ford Mustang Gt 2012,Ford,Mustang Gt,2012
2846,Ford Mustang Gt 2014,Ford,Mustang Gt,2014
2847,Ford Mustang Gt 2015,Ford,Mustang Gt,2015
2848,Ford Mustang Gt Convertible 1989,Ford,Mustang Gt Convertible,1989
2849,Ford Mustang Gt Convertible 1994,Ford,Mustang Gt Convertible,1994
2850,Ford Mustang Gt Convertible 1995,Ford,Mustang Gt Convertible,1995
2851,Ford Mustang Gt Convertible 1998,Ford,Mustang Gt Convertible,1998
2852,Ford Mustang Gt Convertible 2003,Ford,Mustang Gt Convertible,2003
2853,Ford Mustang Gt Convertible 2004,Ford,Mustang Gt Convertible,2004
2854,Ford Mustang Gt Convertible 2005,Ford,Mustang Gt Convertible,2005
2855,Ford Mustang Gt Convertible 2007,Ford,Mustang Gt Convertible,2007
2856,Ford Mustang Mach 1970,Ford,Mustang Mach,1970
2857,Ford Mustang Mach 1972,Ford,Mustang Mach,1972
2858,Ford Mustang Mach 1973,Ford,Mustang Mach,1973
2859,Ford Mustang Mach 2003,Ford,Mustang Mach,2003
2860,Ford Pinto 1979,Ford,Pinto,1979
2861,Ford Powerstroke 1996,Ford,Powerstroke,1996
2862,Ford Powerstroke 2003,Ford,Powerstroke,2003
2863,Ford Probe 1990,Ford,Probe,1990
2864,Ford Probe 1993,Ford,Probe,1993
2865,Ford Probe 1994,Ford,Probe,1994
2866,Ford Probe 1997,Ford,Probe,1997
2867,Ford Ranchero 1957,Ford,Ranchero,1957
2868,Ford Ranchero 1962,Ford,Ranchero,1962
2869,Ford Ranchero 1965,Ford,Ranchero,1965
2870,Ford Ranchero 1971,Ford,Ranchero,1971
2871,Ford Ranchero 1973,Ford,Ranchero,1973
2872,Ford Ranchero 1976,Ford,Ranchero,1976
2873,Ford Ranchero 1977,Ford,Ranchero,1977
2874,Ford Ranchero 1978,Ford,Ranchero,1978
2875,Ford Ranger 1969,Ford,Ranger,1969
2876,Ford Ranger 1977,Ford,Ranger,1977
2877,Ford Ranger 1983,Ford,Ranger,1983
2878,Ford Ranger 1984,Ford,Ranger,1984
2879,Ford Ranger 1985,Ford,Ranger,1985
2880,Ford Ranger 1986,Ford,Ranger,1986
2881,Ford Ranger 1987,Ford,Ranger,1987
2882,Ford Ranger 1988,Ford,Ranger,1988
2883,Ford Ranger 1989,Ford,Ranger,1989
2884,Ford Ranger 1990,Ford,Ranger,1990
2885,Ford Ranger 1991,Ford,Ranger,1991
2886,Ford Ranger 1992,Ford,Ranger,1992
2887,Ford Ranger 1993,Ford,Ranger,1993
2888,Ford Ranger 1994,Ford,Ranger,1994
2889,Ford Ranger 1995,Ford,Ranger,1995
2890,Ford Ranger 1996,Ford,Ranger,1996
2891,Ford Ranger 1997,Ford,Ranger,1997
2892,Ford Ranger 1998,Ford,Ranger,1998
2893,Ford Ranger 1999,Ford,Ranger,1999
2894,Ford Ranger 2000,Ford,Ranger,2000
2895,Ford Ranger 2001,Ford,Ranger,2001
2896,Ford Ranger 2002,Ford,Ranger,2002
2897,Ford Ranger 2003,Ford,Ranger,2003
2898,Ford Ranger 2004,Ford,Ranger,2004
2899,Ford Ranger 2005,Ford,Ranger,2005
2900,Ford Ranger 2006,Ford,Ranger,2006
2901,Ford Ranger 2007,Ford,Ranger,2007
2902,Ford Ranger 2008,Ford,Ranger,2008
2903,Ford Ranger 2009,Ford,Ranger,2009
2904,Ford Ranger 2010,Ford,Ranger,2010
2905,Ford Ranger 2011,Ford,Ranger,2011
2906,Ford Rat Rod 1926,Ford,Rat Rod,1926
2907,Ford Roadster 1923,Ford,Roadster,1923
2908,Ford Roadster 1928,Ford,Roadster,1928
2909,Ford Roadster 1930,Ford,Roadster,1930
2910,Ford Roadster 1932,Ford,Roadster,1932
2911,Ford Roadster 1935,Ford,Roadster,1935
2912,Ford Super Deluxe 1942,Ford,Super Deluxe,1942
2913,Ford Super Deluxe 1947,Ford,Super Deluxe,1947
2914,Ford Super Deluxe 1948,Ford,Super Deluxe,1948
2915,Ford Super Duty 2003,Ford,Super Duty,2003
2916,Ford T 1913,Ford,T,1913
2917,Ford T 1926,Ford,T,1926
2918,Ford T 1927,Ford,T,1927
2919,Ford Taurus 1990,Ford,Taurus,1990
2920,Ford Taurus 1992,Ford,Taurus,1992
2921,Ford Taurus 1993,Ford,Taurus,1993
2922,Ford Taurus 1994,Ford,Taurus,1994
2923,Ford Taurus 1995,Ford,Taurus,1995
2924,Ford Taurus 1996,Ford,Taurus,1996
2925,Ford Taurus 1997,Ford,Taurus,1997
2926,Ford Taurus 1998,Ford,Taurus,1998
2927,Ford Taurus 1999,Ford,Taurus,1999
2928,Ford Taurus 2000,Ford,Taurus,2000
2929,Ford Taurus 2001,Ford,Taurus,2001
2930,Ford Taurus 2002,Ford,Taurus,2002
2931,Ford Taurus 2003,Ford,Taurus,2003
2932,Ford Taurus 2004,Ford,Taurus,2004
2933,Ford Taurus 2005,Ford,Taurus,2005
2934,Ford Taurus 2006,Ford,Taurus,2006
2935,Ford Taurus 2007,Ford,Taurus,2007
2936,Ford Taurus 2008,Ford,Taurus,2008
2937,Ford Taurus 2009,Ford,Taurus,2009
2938,Ford Taurus 2010,Ford,Taurus,2010
2939,Ford Taurus 2011,Ford,Taurus,2011
2940,Ford Taurus 2012,Ford,Taurus,2012
2941,Ford Taurus 2013,Ford,Taurus,2013
2942,Ford Taurus 2014,Ford,Taurus,2014
2943,Ford Taurus 2015,Ford,Taurus,2015
2944,Ford Taurus Wagon 1996,Ford,Taurus Wagon,1996
2945,Ford Taurus Wagon 1999,Ford,Taurus Wagon,1999
2946,Ford Taurus Wagon 2002,Ford,Taurus Wagon,2002
2947,Ford Taurus Wagon 2004,Ford,Taurus Wagon,2004
2948,Ford Taurus Wagon 2005,Ford,Taurus Wagon,2005
2949,Ford Tempo 1988,Ford,Tempo,1988
2950,Ford Thunderbird 1955,Ford,Thunderbird,1955
2951,Ford Thunderbird 1956,Ford,Thunderbird,1956
2952,Ford Thunderbird 1957,Ford,Thunderbird,1957
2953,Ford Thunderbird 1959,Ford,Thunderbird,1959
2954,Ford Thunderbird 1960,Ford,Thunderbird,1960
2955,Ford Thunderbird 1962,Ford,Thunderbird,1962
2956,Ford Thunderbird 1963,Ford,Thunderbird,1963
2957,Ford Thunderbird 1964,Ford,Thunderbird,1964
2958,Ford Thunderbird 1965,Ford,Thunderbird,1965
2959,Ford Thunderbird 1966,Ford,Thunderbird,1966
2960,Ford Thunderbird 1967,Ford,Thunderbird,1967
2961,Ford Thunderbird 1968,Ford,Thunderbird,1968
2962,Ford Thunderbird 1969,Ford,Thunderbird,1969
2963,Ford Thunderbird 1971,Ford,Thunderbird,1971
2964,Ford Thunderbird 1975,Ford,Thunderbird,1975
2965,Ford Thunderbird 1976,Ford,Thunderbird,1976
2966,Ford Thunderbird 1977,Ford,Thunderbird,1977
2967,Ford Thunderbird 1979,Ford,Thunderbird,1979
2968,Ford Thunderbird 1985,Ford,Thunderbird,1985
2969,Ford Thunderbird 1987,Ford,Thunderbird,1987
2970,Ford Thunderbird 1988,Ford,Thunderbird,1988
2971,Ford Thunderbird 1989,Ford,Thunderbird,1989
2972,Ford Thunderbird 1990,Ford,Thunderbird,1990
2973,Ford Thunderbird 1991,Ford,Thunderbird,1991
2974,Ford Thunderbird 1992,Ford,Thunderbird,1992
2975,Ford Thunderbird 1993,Ford,Thunderbird,1993
2976,Ford Thunderbird 1994,Ford,Thunderbird,1994
2977,Ford Thunderbird 1995,Ford,Thunderbird,1995
2978,Ford Thunderbird 1996,Ford,Thunderbird,1996
2979,Ford Thunderbird 1997,Ford,Thunderbird,1997
2980,Ford Thunderbird 1999,Ford,Thunderbird,1999
2981,Ford Thunderbird 2002,Ford,Thunderbird,2002
2982,Ford Thunderbird 2003,Ford,Thunderbird,2003
2983,Ford Thunderbird 2004,Ford,Thunderbird,2004
2984,Ford Thunderbird 2005,Ford,Thunderbird,2005
2985,Ford Transit 2011,Ford,Transit,2011
2986,Ford Transit 2012,Ford,Transit,2012
2987,Ford Transit 2013,Ford,Transit,2013
2988,Ford Transit 2015,Ford,Transit,2015
2989,Ford Transit 2016,Ford,Transit,2016
2990,Ford Windstar 1995,Ford,Windstar,1995
2991,Ford Windstar 1996,Ford,Windstar,1996
2992,Ford Windstar 1997,Ford,Windstar,1997
2993,Ford Windstar 1998,Ford,Windstar,1998
2994,Ford Windstar 1999,Ford,Windstar,1999
2995,Ford Windstar 2000,Ford,Windstar,2000
2996,Ford Windstar 2001,Ford,Windstar,2001
2997,Ford Windstar 2002,Ford,Windstar,2002
2998,Ford Windstar 2003,Ford,Windstar,2003
2999,Ford Windstar 2004,Ford,Windstar,2004
3000,Ford Windstar 2005,Ford,Windstar,2005
3001,Ford Woody 1936,Ford,Woody,1936
3002,Gmc Acadia 2007,Gmc,Acadia,2007
3003,Gmc Acadia 2008,Gmc,Acadia,2008
3004,Gmc Acadia 2009,Gmc,Acadia,2009
3005,Gmc Acadia 2010,Gmc,Acadia,2010
3006,Gmc Acadia 2011,Gmc,Acadia,2011
3007,Gmc Acadia 2012,Gmc,Acadia,2012
3008,Gmc Acadia 2015,Gmc,Acadia,2015
3009,Gmc C1000 1961,Gmc,C1000,1961
3010,Gmc C1500 1988,Gmc,C1500,1988
3011,Gmc C1500 1997,Gmc,C1500,1997
3012,Gmc C2500 1984,Gmc,C2500,1984
3013,Gmc C4500 2003,Gmc,C4500,2003
3014,Gmc C5500 2005,Gmc,C5500,2005
3015,Gmc C7500 1997,Gmc,C7500,1997
3016,Gmc C7500 2007,Gmc,C7500,2007
3017,Gmc Caballero 1978,Gmc,Caballero,1978
3018,Gmc Caballero 1986,Gmc,Caballero,1986
3019,Gmc Canyon 2004,Gmc,Canyon,2004
3020,Gmc Canyon 2005,Gmc,Canyon,2005
3021,Gmc Canyon 2006,Gmc,Canyon,2006
3022,Gmc Canyon 2007,Gmc,Canyon,2007
3023,Gmc Canyon 2008,Gmc,Canyon,2008
3024,Gmc Canyon 2010,Gmc,Canyon,2010
3025,Gmc Denali 2000,Gmc,Denali,2000
3026,Gmc Denali 2001,Gmc,Denali,2001
3027,Gmc Denali 2002,Gmc,Denali,2002
3028,Gmc Denali 2003,Gmc,Denali,2003
3029,Gmc Denali 2004,Gmc,Denali,2004
3030,Gmc Denali 2005,Gmc,Denali,2005
3031,Gmc Denali 2006,Gmc,Denali,2006
3032,Gmc Denali 2007,Gmc,Denali,2007
3033,Gmc Denali 2011,Gmc,Denali,2011
3034,Gmc Denali 2012,Gmc,Denali,2012
3035,Gmc Denali 2015,Gmc,Denali,2015
3036,Gmc Denali 2016,Gmc,Denali,2016
3037,Gmc Envoy 1998,Gmc,Envoy,1998
3038,Gmc Envoy 1999,Gmc,Envoy,1999
3039,Gmc Envoy 2000,Gmc,Envoy,2000
3040,Gmc Envoy 2002,Gmc,Envoy,2002
3041,Gmc Envoy 2003,Gmc,Envoy,2003
3042,Gmc Envoy 2004,Gmc,Envoy,2004
3043,Gmc Envoy 2005,Gmc,Envoy,2005
3044,Gmc Envoy 2006,Gmc,Envoy,2006
3045,Gmc Envoy 2007,Gmc,Envoy,2007
3046,Gmc Envoy 2008,Gmc,Envoy,2008
3047,Gmc Envoy 2009,Gmc,Envoy,2009
3048,Gmc Envoy 2014,Gmc,Envoy,2014
3049,Gmc Jimmy 1979,Gmc,Jimmy,1979
3050,Gmc Jimmy 1983,Gmc,Jimmy,1983
3051,Gmc Jimmy 1984,Gmc,Jimmy,1984
3052,Gmc Jimmy 1987,Gmc,Jimmy,1987
3053,Gmc Jimmy 1988,Gmc,Jimmy,1988
3054,Gmc Jimmy 1989,Gmc,Jimmy,1989
3055,Gmc Jimmy 1990,Gmc,Jimmy,1990
3056,Gmc Jimmy 1991,Gmc,Jimmy,1991
3057,Gmc Jimmy 1992,Gmc,Jimmy,1992
3058,Gmc Jimmy 1994,Gmc,Jimmy,1994
3059,Gmc Jimmy 1995,Gmc,Jimmy,1995
3060,Gmc Jimmy 1996,Gmc,Jimmy,1996
3061,Gmc Jimmy 1998,Gmc,Jimmy,1998
3062,Gmc Jimmy 1999,Gmc,Jimmy,1999
3063,Gmc Jimmy 2000,Gmc,Jimmy,2000
3064,Gmc Jimmy 2001,Gmc,Jimmy,2001
3065,Gmc K1500 1989,Gmc,K1500,1989
3066,Gmc K1500 1990,Gmc,K1500,1990
3067,Gmc K1500 1996,Gmc,K1500,1996
3068,Gmc K1500 1997,Gmc,K1500,1997
3069,Gmc K1500 1999,Gmc,K1500,1999
3070,Gmc K2500 1990,Gmc,K2500,1990
3071,Gmc K3500 1994,Gmc,K3500,1994
3072,Gmc K3500 1996,Gmc,K3500,1996
3073,Gmc Safari 1993,Gmc,Safari,1993
3074,Gmc Safari 1995,Gmc,Safari,1995
3075,Gmc Safari 1996,Gmc,Safari,1996
3076,Gmc Safari 1997,Gmc,Safari,1997
3077,Gmc Safari 1998,Gmc,Safari,1998
3078,Gmc Safari 1999,Gmc,Safari,1999
3079,Gmc Safari 2000,Gmc,Safari,2000
3080,Gmc Safari 2001,Gmc,Safari,2001
3081,Gmc Safari 2002,Gmc,Safari,2002
3082,Gmc Safari 2003,Gmc,Safari,2003
3083,Gmc Safari 2004,Gmc,Safari,2004
3084,Gmc Savana 1998,Gmc,Savana,1998
3085,Gmc Savana 1999,Gmc,Savana,1999
3086,Gmc Savana 2000,Gmc,Savana,2000
3087,Gmc Savana 2001,Gmc,Savana,2001
3088,Gmc Savana 2003,Gmc,Savana,2003
3089,Gmc Savana 2004,Gmc,Savana,2004
3090,Gmc Savana 2007,Gmc,Savana,2007
3091,Gmc Savana 2008,Gmc,Savana,2008
3092,Gmc Savana 2500 2003,Gmc,Savana 2500,2003
3093,Gmc Savana 2500 2004,Gmc,Savana 2500,2004
3094,Gmc Savana 2500 2005,Gmc,Savana 2500,2005
3095,Gmc Savana 2500 2008,Gmc,Savana 2500,2008
3096,Gmc Savana 3500 2005,Gmc,Savana 3500,2005
3097,Gmc Savana 3500 2006,Gmc,Savana 3500,2006
3098,Gmc Sierra 1500 1959,Gmc,Sierra 1500,1959
3099,Gmc Sierra 1500 1966,Gmc,Sierra 1500,1966
3100,Gmc Sierra 1500 1972,Gmc,Sierra 1500,1972
3101,Gmc Sierra 1500 1978,Gmc,Sierra 1500,1978
3102,Gmc Sierra 1500 1979,Gmc,Sierra 1500,1979
3103,Gmc Sierra 1500 1985,Gmc,Sierra 1500,1985
3104,Gmc Sierra 1500 1986,Gmc,Sierra 1500,1986
3105,Gmc Sierra 1500 1987,Gmc,Sierra 1500,1987
3106,Gmc Sierra 1500 1988,Gmc,Sierra 1500,1988
3107,Gmc Sierra 1500 1989,Gmc,Sierra 1500,1989
3108,Gmc Sierra 1500 1990,Gmc,Sierra 1500,1990
3109,Gmc Sierra 1500 1991,Gmc,Sierra 1500,1991
3110,Gmc Sierra 1500 1992,Gmc,Sierra 1500,1992
3111,Gmc Sierra 1500 1993,Gmc,Sierra 1500,1993
3112,Gmc Sierra 1500 1994,Gmc,Sierra 1500,1994
3113,Gmc Sierra 1500 1995,Gmc,Sierra 1500,1995
3114,Gmc Sierra 1500 1996,Gmc,Sierra 1500,1996
3115,Gmc Sierra 1500 1997,Gmc,Sierra 1500,1997
3116,Gmc Sierra 1500 1998,Gmc,Sierra 1500,1998
3117,Gmc Sierra 1500 1999,Gmc,Sierra 1500,1999
3118,Gmc Sierra 1500 2000,Gmc,Sierra 1500,2000
3119,Gmc Sierra 1500 2001,Gmc,Sierra 1500,2001
3120,Gmc Sierra 1500 2002,Gmc,Sierra 1500,2002
3121,Gmc Sierra 1500 2003,Gmc,Sierra 1500,2003
3122,Gmc Sierra 1500 2004,Gmc,Sierra 1500,2004
3123,Gmc Sierra 1500 2005,Gmc,Sierra 1500,2005
3124,Gmc Sierra 1500 2006,Gmc,Sierra 1500,2006
3125,Gmc Sierra 1500 2007,Gmc,Sierra 1500,2007
3126,Gmc Sierra 1500 2008,Gmc,Sierra 1500,2008
3127,Gmc Sierra 1500 2009,Gmc,Sierra 1500,2009
3128,Gmc Sierra 1500 2010,Gmc,Sierra 1500,2010
3129,Gmc Sierra 1500 2011,Gmc,Sierra 1500,2011
3130,Gmc Sierra 1500 2012,Gmc,Sierra 1500,2012
3131,Gmc Sierra 1500 2013,Gmc,Sierra 1500,2013
3132,Gmc Sierra 1500 2014,Gmc,Sierra 1500,2014
3133,Gmc Sierra 2500 1988,Gmc,Sierra 2500,1988
3134,Gmc Sierra 2500 1989,Gmc,Sierra 2500,1989
3135,Gmc Sierra 2500 1991,Gmc,Sierra 2500,1991
3136,Gmc Sierra 2500 1992,Gmc,Sierra 2500,1992
3137,Gmc Sierra 2500 1995,Gmc,Sierra 2500,1995
3138,Gmc Sierra 2500 1996,Gmc,Sierra 2500,1996
3139,Gmc Sierra 2500 1997,Gmc,Sierra 2500,1997
3140,Gmc Sierra 2500 1998,Gmc,Sierra 2500,1998
3141,Gmc Sierra 2500 1999,Gmc,Sierra 2500,1999
3142,Gmc Sierra 2500 2000,Gmc,Sierra 2500,2000
3143,Gmc Sierra 2500 2002,Gmc,Sierra 2500,2002
3144,Gmc Sierra 2500 2003,Gmc,Sierra 2500,2003
3145,Gmc Sierra 2500 2004,Gmc,Sierra 2500,2004
3146,Gmc Sierra 2500 2005,Gmc,Sierra 2500,2005
3147,Gmc Sierra 2500 2006,Gmc,Sierra 2500,2006
3148,Gmc Sierra 2500 2007,Gmc,Sierra 2500,2007
3149,Gmc Sierra 2500 2008,Gmc,Sierra 2500,2008
3150,Gmc Sierra 2500 2010,Gmc,Sierra 2500,2010
3151,Gmc Sierra 2500 2011,Gmc,Sierra 2500,2011
3152,Gmc Sierra 2500 2013,Gmc,Sierra 2500,2013
3153,Gmc Sierra 2500 2014,Gmc,Sierra 2500,2014
3154,Gmc Sierra 2500 2015,Gmc,Sierra 2500,2015
3155,Gmc Sierra 3500 1973,Gmc,Sierra 3500,1973
3156,Gmc Sierra 3500 1978,Gmc,Sierra 3500,1978
3157,Gmc Sierra 3500 1984,Gmc,Sierra 3500,1984
3158,Gmc Sierra 3500 1985,Gmc,Sierra 3500,1985
3159,Gmc Sierra 3500 1991,Gmc,Sierra 3500,1991
3160,Gmc Sierra 3500 1992,Gmc,Sierra 3500,1992
3161,Gmc Sierra 3500 1993,Gmc,Sierra 3500,1993
3162,Gmc Sierra 3500 1994,Gmc,Sierra 3500,1994
3163,Gmc Sierra 3500 1995,Gmc,Sierra 3500,1995
3164,Gmc Sierra 3500 1996,Gmc,Sierra 3500,1996
3165,Gmc Sierra 3500 1998,Gmc,Sierra 3500,1998
3166,Gmc Sierra 3500 1999,Gmc,Sierra 3500,1999
3167,Gmc Sierra 3500 2000,Gmc,Sierra 3500,2000
3168,Gmc Sierra 3500 2001,Gmc,Sierra 3500,2001
3169,Gmc Sierra 3500 2002,Gmc,Sierra 3500,2002
3170,Gmc Sierra 3500 2003,Gmc,Sierra 3500,2003
3171,Gmc Sierra 3500 2004,Gmc,Sierra 3500,2004
3172,Gmc Sierra 3500 2005,Gmc,Sierra 3500,2005
3173,Gmc Sierra 3500 2006,Gmc,Sierra 3500,2006
3174,Gmc Sierra 3500 2008,Gmc,Sierra 3500,2008
3175,Gmc Sierra 3500 2011,Gmc,Sierra 3500,2011
3176,Gmc Sierra 3500 2012,Gmc,Sierra 3500,2012
3177,Gmc Sonoma 1991,Gmc,Sonoma,1991
3178,Gmc Sonoma 1992,Gmc,Sonoma,1992
3179,Gmc Sonoma 1993,Gmc,Sonoma,1993
3180,Gmc Sonoma 1994,Gmc,Sonoma,1994
3181,Gmc Sonoma 1995,Gmc,Sonoma,1995
3182,Gmc Sonoma 1996,Gmc,Sonoma,1996
3183,Gmc Sonoma 1997,Gmc,Sonoma,1997
3184,Gmc Sonoma 1998,Gmc,Sonoma,1998
3185,Gmc Sonoma 1999,Gmc,Sonoma,1999
3186,Gmc Sonoma 2000,Gmc,Sonoma,2000
3187,Gmc Sonoma 2001,Gmc,Sonoma,2001
3188,Gmc Sonoma 2002,Gmc,Sonoma,2002
3189,Gmc Sonoma 2003,Gmc,Sonoma,2003
3190,Gmc Suburban 1500 1984,Gmc,Suburban 1500,1984
3191,Gmc Suburban 1500 1988,Gmc,Suburban 1500,1988
3192,Gmc Suburban 1500 1989,Gmc,Suburban 1500,1989
3193,Gmc Suburban 1500 1990,Gmc,Suburban 1500,1990
3194,Gmc Suburban 1500 1991,Gmc,Suburban 1500,1991
3195,Gmc Suburban 1500 1992,Gmc,Suburban 1500,1992
3196,Gmc Suburban 1500 1993,Gmc,Suburban 1500,1993
3197,Gmc Suburban 1500 1994,Gmc,Suburban 1500,1994
3198,Gmc Suburban 1500 1995,Gmc,Suburban 1500,1995
3199,Gmc Suburban 1500 1996,Gmc,Suburban 1500,1996
3200,Gmc Suburban 1500 1997,Gmc,Suburban 1500,1997
3201,Gmc Suburban 1500 1998,Gmc,Suburban 1500,1998
3202,Gmc Suburban 1500 1999,Gmc,Suburban 1500,1999
3203,Gmc Suburban 2500 1992,Gmc,Suburban 2500,1992
3204,Gmc Suburban 2500 1994,Gmc,Suburban 2500,1994
3205,Gmc Suburban 2500 1996,Gmc,Suburban 2500,1996
3206,Gmc Suburban 2500 1999,Gmc,Suburban 2500,1999
3207,Gmc Terrain 2010,Gmc,Terrain,2010
3208,Gmc Terrain 2011,Gmc,Terrain,2011
3209,Gmc Terrain 2012,Gmc,Terrain,2012
3210,Gmc Terrain 2013,Gmc,Terrain,2013
3211,Gmc Terrain 2014,Gmc,Terrain,2014
3212,Gmc Terrain 2015,Gmc,Terrain,2015
3213,Gmc Topkick 1997,Gmc,Topkick,1997
3214,Gmc Vandura 1991,Gmc,Vandura,1991
3215,Gmc Yukon 1500 1992,Gmc,Yukon 1500,1992
3216,Gmc Yukon 1500 1994,Gmc,Yukon 1500,1994
3217,Gmc Yukon 1500 1995,Gmc,Yukon 1500,1995
3218,Gmc Yukon 1500 1996,Gmc,Yukon 1500,1996
3219,Gmc Yukon 1500 1997,Gmc,Yukon 1500,1997
3220,Gmc Yukon 1500 1998,Gmc,Yukon 1500,1998
3221,Gmc Yukon 1500 1999,Gmc,Yukon 1500,1999
3222,Gmc Yukon 1500 2000,Gmc,Yukon 1500,2000
3223,Gmc Yukon 1500 2001,Gmc,Yukon 1500,2001
3224,Gmc Yukon 1500 2002,Gmc,Yukon 1500,2002
3225,Gmc Yukon 1500 2003,Gmc,Yukon 1500,2003
3226,Gmc Yukon 1500 2004,Gmc,Yukon 1500,2004
3227,Gmc Yukon 1500 2005,Gmc,Yukon 1500,2005
3228,Gmc Yukon 1500 2006,Gmc,Yukon 1500,2006
3229,Gmc Yukon 1500 2007,Gmc,Yukon 1500,2007
3230,Gmc Yukon 1500 2008,Gmc,Yukon 1500,2008
3231,Gmc Yukon 1500 2009,Gmc,Yukon 1500,2009
3232,Gmc Yukon 1500 2010,Gmc,Yukon 1500,2010
3233,Gmc Yukon 1500 2011,Gmc,Yukon 1500,2011
3234,Gmc Yukon 1500 2012,Gmc,Yukon 1500,2012
3235,Gmc Yukon 1500 2013,Gmc,Yukon 1500,2013
3236,Gmc Yukon 1500 2014,Gmc,Yukon 1500,2014
3237,Gmc Yukon 1500 2015,Gmc,Yukon 1500,2015
3238,Gmc Yukon 2500 2007,Gmc,Yukon 2500,2007
3239,Gmc Yukon 2500 2008,Gmc,Yukon 2500,2008
3240,Holden Commodore 2004,Holden,Commodore,2004
3241,Holden Commodore 2013,Holden,Commodore,2013
3242,Honda Accord 1980,Honda,Accord,1980
3243,Honda Accord 1985,Honda,Accord,1985
3244,Honda Accord 1987,Honda,Accord,1987
3245,Honda Accord 1988,Honda,Accord,1988
3246,Honda Accord 1989,Honda,Accord,1989
3247,Honda Accord 1990,Honda,Accord,1990
3248,Honda Accord 1991,Honda,Accord,1991
3249,Honda Accord 1992,Honda,Accord,1992
3250,Honda Accord 1993,Honda,Accord,1993
3251,Honda Accord 1994,Honda,Accord,1994
3252,Honda Accord 1995,Honda,Accord,1995
3253,Honda Accord 1996,Honda,Accord,1996
3254,Honda Accord 1997,Honda,Accord,1997
3255,Honda Accord 1998,Honda,Accord,1998
3256,Honda Accord 1999,Honda,Accord,1999
3257,Honda Accord 2000,Honda,Accord,2000
3258,Honda Accord 2001,Honda,Accord,2001
3259,Honda Accord 2002,Honda,Accord,2002
3260,Honda Accord 2003,Honda,Accord,2003
3261,Honda Accord 2004,Honda,Accord,2004
3262,Honda Accord 2005,Honda,Accord,2005
3263,Honda Accord 2006,Honda,Accord,2006
3264,Honda Accord 2007,Honda,Accord,2007
3265,Honda Accord 2008,Honda,Accord,2008
3266,Honda Accord 2009,Honda,Accord,2009
3267,Honda Accord 2010,Honda,Accord,2010
3268,Honda Accord 2011,Honda,Accord,2011
3269,Honda Accord 2012,Honda,Accord,2012
3270,Honda Accord 2013,Honda,Accord,2013
3271,Honda Accord 2014,Honda,Accord,2014
3272,Honda Accord 2015,Honda,Accord,2015
3273,Honda Accord 2016,Honda,Accord,2016
3274,Honda Accord 2 Door 1991,Honda,Accord 2 Door,1991
3275,Honda Accord 2 Door 1995,Honda,Accord 2 Door,1995
3276,Honda Accord 2 Door 1996,Honda,Accord 2 Door,1996
3277,Honda Accord 2 Door 1998,Honda,Accord 2 Door,1998
3278,Honda Accord 2 Door 1999,Honda,Accord 2 Door,1999
3279,Honda Accord 2 Door 2000,Honda,Accord 2 Door,2000
3280,Honda Accord 2 Door 2001,Honda,Accord 2 Door,2001
3281,Honda Accord 2 Door 2002,Honda,Accord 2 Door,2002
3282,Honda Accord 2 Door 2003,Honda,Accord 2 Door,2003
3283,Honda Accord 2 Door 2004,Honda,Accord 2 Door,2004
3284,Honda Accord 2 Door 2005,Honda,Accord 2 Door,2005
3285,Honda Accord 2 Door 2006,Honda,Accord 2 Door,2006
3286,Honda Accord 2 Door 2007,Honda,Accord 2 Door,2007
3287,Honda Accord 2 Door 2008,Honda,Accord 2 Door,2008
3288,Honda Accord 2 Door 2009,Honda,Accord 2 Door,2009
3289,Honda Accord 2 Door 2010,Honda,Accord 2 Door,2010
3290,Honda Accord 2 Door 2012,Honda,Accord 2 Door,2012
3291,Honda Accord 2 Door 2016,Honda,Accord 2 Door,2016
3292,Honda Accord Wagon 1994,Honda,Accord Wagon,1994
3293,Honda Accord Wagon 1995,Honda,Accord Wagon,1995
3294,Honda Accord Wagon 1997,Honda,Accord Wagon,1997
3295,Honda Beat 1992,Honda,Beat,1992
3296,Honda City 2004,Honda,City,2004
3297,Honda Civic 1981,Honda,Civic,1981
3298,Honda Civic 1984,Honda,Civic,1984
3299,Honda Civic 1985,Honda,Civic,1985
3300,Honda Civic 1986,Honda,Civic,1986
3301,Honda Civic 1987,Honda,Civic,1987
3302,Honda Civic 1988,Honda,Civic,1988
3303,Honda Civic 1989,Honda,Civic,1989
3304,Honda Civic 1990,Honda,Civic,1990
3305,Honda Civic 1991,Honda,Civic,1991
3306,Honda Civic 1992,Honda,Civic,1992
3307,Honda Civic 1993,Honda,Civic,1993
3308,Honda Civic 1994,Honda,Civic,1994
3309,Honda Civic 1995,Honda,Civic,1995
3310,Honda Civic 1996,Honda,Civic,1996
3311,Honda Civic 1997,Honda,Civic,1997
3312,Honda Civic 1998,Honda,Civic,1998
3313,Honda Civic 1999,Honda,Civic,1999
3314,Honda Civic 2000,Honda,Civic,2000
3315,Honda Civic 2001,Honda,Civic,2001
3316,Honda Civic 2002,Honda,Civic,2002
3317,Honda Civic 2003,Honda,Civic,2003
3318,Honda Civic 2004,Honda,Civic,2004
3319,Honda Civic 2005,Honda,Civic,2005
3320,Honda Civic 2006,Honda,Civic,2006
3321,Honda Civic 2007,Honda,Civic,2007
3322,Honda Civic 2008,Honda,Civic,2008
3323,Honda Civic 2009,Honda,Civic,2009
3324,Honda Civic 2010,Honda,Civic,2010
3325,Honda Civic 2011,Honda,Civic,2011
3326,Honda Civic 2012,Honda,Civic,2012
3327,Honda Civic 2013,Honda,Civic,2013
3328,Honda Civic 2014,Honda,Civic,2014
3329,Honda Civic 2015,Honda,Civic,2015
3330,Honda Civic 2016,Honda,Civic,2016
3331,Honda Civic Coupe 1988,Honda,Civic Coupe,1988
3332,Honda Civic Coupe 1990,Honda,Civic Coupe,1990
3333,Honda Civic Coupe 1993,Honda,Civic Coupe,1993
3334,Honda Civic Coupe 1994,Honda,Civic Coupe,1994
3335,Honda Civic Coupe 1995,Honda,Civic Coupe,1995
3336,Honda Civic Coupe 1996,Honda,Civic Coupe,1996
3337,Honda Civic Coupe 1997,Honda,Civic Coupe,1997
3338,Honda Civic Coupe 1998,Honda,Civic Coupe,1998
3339,Honda Civic Coupe 1999,Honda,Civic Coupe,1999
3340,Honda Civic Coupe 2000,Honda,Civic Coupe,2000
3341,Honda Civic Coupe 2001,Honda,Civic Coupe,2001
3342,Honda Civic Coupe 2002,Honda,Civic Coupe,2002
3343,Honda Civic Coupe 2003,Honda,Civic Coupe,2003
3344,Honda Civic Coupe 2004,Honda,Civic Coupe,2004
3345,Honda Civic Coupe 2005,Honda,Civic Coupe,2005
3346,Honda Civic Coupe 2006,Honda,Civic Coupe,2006
3347,Honda Civic Coupe 2007,Honda,Civic Coupe,2007
3348,Honda Civic Coupe 2008,Honda,Civic Coupe,2008
3349,Honda Civic Coupe 2009,Honda,Civic Coupe,2009
3350,Honda Civic Coupe 2010,Honda,Civic Coupe,2010
3351,Honda Civic Coupe 2011,Honda,Civic Coupe,2011
3352,Honda Civic Coupe 2012,Honda,Civic Coupe,2012
3353,Honda Civic Coupe 2013,Honda,Civic Coupe,2013
3354,Honda Civic Coupe 2015,Honda,Civic Coupe,2015
3355,Honda Civic Hatchback 1988,Honda,Civic Hatchback,1988
3356,Honda Civic Hatchback 1989,Honda,Civic Hatchback,1989
3357,Honda Civic Hatchback 1990,Honda,Civic Hatchback,1990
3358,Honda Civic Hatchback 1991,Honda,Civic Hatchback,1991
3359,Honda Civic Hatchback 1992,Honda,Civic Hatchback,1992
3360,Honda Civic Hatchback 1993,Honda,Civic Hatchback,1993
3361,Honda Civic Hatchback 1994,Honda,Civic Hatchback,1994
3362,Honda Civic Hatchback 1995,Honda,Civic Hatchback,1995
3363,Honda Civic Hatchback 1996,Honda,Civic Hatchback,1996
3364,Honda Civic Hatchback 1997,Honda,Civic Hatchback,1997
3365,Honda Civic Hatchback 1998,Honda,Civic Hatchback,1998
3366,Honda Civic Hatchback 1999,Honda,Civic Hatchback,1999
3367,Honda Civic Hatchback 2000,Honda,Civic Hatchback,2000
3368,Honda Civic Hatchback 2002,Honda,Civic Hatchback,2002
3369,Honda Civic Hatchback 2003,Honda,Civic Hatchback,2003
3370,Honda Civic Hatchback 2004,Honda,Civic Hatchback,2004
3371,Honda Cr-V 1997,Honda,Cr-V,1997
3372,Honda Cr-V 1998,Honda,Cr-V,1998
3373,Honda Cr-V 1999,Honda,Cr-V,1999
3374,Honda Cr-V 2000,Honda,Cr-V,2000
3375,Honda Cr-V 2001,Honda,Cr-V,2001
3376,Honda Cr-V 2002,Honda,Cr-V,2002
3377,Honda Cr-V 2003,Honda,Cr-V,2003
3378,Honda Cr-V 2004,Honda,Cr-V,2004
3379,Honda Cr-V 2005,Honda,Cr-V,2005
3380,Honda Cr-V 2006,Honda,Cr-V,2006
3381,Honda Cr-V 2007,Honda,Cr-V,2007
3382,Honda Cr-V 2008,Honda,Cr-V,2008
3383,Honda Cr-V 2009,Honda,Cr-V,2009
3384,Honda Cr-V 2010,Honda,Cr-V,2010
3385,Honda Cr-V 2011,Honda,Cr-V,2011
3386,Honda Cr-V 2012,Honda,Cr-V,2012
3387,Honda Cr-V 2013,Honda,Cr-V,2013
3388,Honda Cr-V 2014,Honda,Cr-V,2014
3389,Honda Cr-V 2015,Honda,Cr-V,2015
3390,Honda Cr-V 2016,Honda,Cr-V,2016
3391,Honda Cr-Z 2011,Honda,Cr-Z,2011
3392,Honda Cr-Z 2013,Honda,Cr-Z,2013
3393,Honda Crosstour 2012,Honda,Crosstour,2012
3394,Honda Crx 1987,Honda,Crx,1987
3395,Honda Crx 1988,Honda,Crx,1988
3396,Honda Crx 1989,Honda,Crx,1989
3397,Honda Crx 1990,Honda,Crx,1990
3398,Honda Crx 1991,Honda,Crx,1991
3399,Honda Delsol 1993,Honda,Delsol,1993
3400,Honda Delsol 1994,Honda,Delsol,1994
3401,Honda Delsol 1995,Honda,Delsol,1995
3402,Honda Delsol 1997,Honda,Delsol,1997
3403,Honda Element 2003,Honda,Element,2003
3404,Honda Element 2004,Honda,Element,2004
3405,Honda Element 2005,Honda,Element,2005
3406,Honda Element 2006,Honda,Element,2006
3407,Honda Element 2007,Honda,Element,2007
3408,Honda Element 2008,Honda,Element,2008
3409,Honda Element 2009,Honda,Element,2009
3410,Honda Element 2010,Honda,Element,2010
3411,Honda Element 2011,Honda,Element,2011
3412,Honda Fit 2007,Honda,Fit,2007
3413,Honda Fit 2008,Honda,Fit,2008
3414,Honda Fit 2009,Honda,Fit,2009
3415,Honda Fit 2010,Honda,Fit,2010
3416,Honda Fit 2011,Honda,Fit,2011
3417,Honda Fit 2012,Honda,Fit,2012
3418,Honda Fit 2013,Honda,Fit,2013
3419,Honda Fit 2015,Honda,Fit,2015
3420,Honda Hr-V 2016,Honda,Hr-V,2016
3421,Honda Insight 2000,Honda,Insight,2000
3422,Honda Insight 2001,Honda,Insight,2001
3423,Honda Insight 2005,Honda,Insight,2005
3424,Honda Insight 2006,Honda,Insight,2006
3425,Honda Insight 2010,Honda,Insight,2010
3426,Honda Insight 2011,Honda,Insight,2011
3427,Honda Insight 2012,Honda,Insight,2012
3428,Honda Insight 2014,Honda,Insight,2014
3429,Honda Jazz 2009,Honda,Jazz,2009
3430,Honda Odyssey 1995,Honda,Odyssey,1995
3431,Honda Odyssey 1996,Honda,Odyssey,1996
3432,Honda Odyssey 1997,Honda,Odyssey,1997
3433,Honda Odyssey 1998,Honda,Odyssey,1998
3434,Honda Odyssey 1999,Honda,Odyssey,1999
3435,Honda Odyssey 2000,Honda,Odyssey,2000
3436,Honda Odyssey 2001,Honda,Odyssey,2001
3437,Honda Odyssey 2002,Honda,Odyssey,2002
3438,Honda Odyssey 2003,Honda,Odyssey,2003
3439,Honda Odyssey 2004,Honda,Odyssey,2004
3440,Honda Odyssey 2005,Honda,Odyssey,2005
3441,Honda Odyssey 2006,Honda,Odyssey,2006
3442,Honda Odyssey 2007,Honda,Odyssey,2007
3443,Honda Odyssey 2008,Honda,Odyssey,2008
3444,Honda Odyssey 2009,Honda,Odyssey,2009
3445,Honda Odyssey 2010,Honda,Odyssey,2010
3446,Honda Odyssey 2011,Honda,Odyssey,2011
3447,Honda Odyssey 2012,Honda,Odyssey,2012
3448,Honda Odyssey 2013,Honda,Odyssey,2013
3449,Honda Odyssey 2014,Honda,Odyssey,2014
3450,Honda Odyssey 2015,Honda,Odyssey,2015
3451,Honda Odyssey 2016,Honda,Odyssey,2016
3452,Honda Passport 1995,Honda,Passport,1995
3453,Honda Passport 1996,Honda,Passport,1996
3454,Honda Passport 1997,Honda,Passport,1997
3455,Honda Passport 1998,Honda,Passport,1998
3456,Honda Passport 1999,Honda,Passport,1999
3457,Honda Passport 2000,Honda,Passport,2000
3458,Honda Passport 2001,Honda,Passport,2001
3459,Honda Passport 2002,Honda,Passport,2002
3460,Honda Pilot 2003,Honda,Pilot,2003
3461,Honda Pilot 2004,Honda,Pilot,2004
3462,Honda Pilot 2005,Honda,Pilot,2005
3463,Honda Pilot 2006,Honda,Pilot,2006
3464,Honda Pilot 2007,Honda,Pilot,2007
3465,Honda Pilot 2008,Honda,Pilot,2008
3466,Honda Pilot 2009,Honda,Pilot,2009
3467,Honda Pilot 2010,Honda,Pilot,2010
3468,Honda Pilot 2011,Honda,Pilot,2011
3469,Honda Pilot 2012,Honda,Pilot,2012
3470,Honda Pilot 2013,Honda,Pilot,2013
3471,Honda Pilot 2014,Honda,Pilot,2014
3472,Honda Pilot 2016,Honda,Pilot,2016
3473,Honda Prelude 1984,Honda,Prelude,1984
3474,Honda Prelude 1987,Honda,Prelude,1987
3475,Honda Prelude 1988,Honda,Prelude,1988
3476,Honda Prelude 1989,Honda,Prelude,1989
3477,Honda Prelude 1990,Honda,Prelude,1990
3478,Honda Prelude 1991,Honda,Prelude,1991
3479,Honda Prelude 1992,Honda,Prelude,1992
3480,Honda Prelude 1993,Honda,Prelude,1993
3481,Honda Prelude 1994,Honda,Prelude,1994
3482,Honda Prelude 1995,Honda,Prelude,1995
3483,Honda Prelude 1996,Honda,Prelude,1996
3484,Honda Prelude 1997,Honda,Prelude,1997
3485,Honda Prelude 1998,Honda,Prelude,1998
3486,Honda Prelude 1999,Honda,Prelude,1999
3487,Honda Prelude 2000,Honda,Prelude,2000
3488,Honda Prelude 2001,Honda,Prelude,2001
3489,Honda Ridgeline 2006,Honda,Ridgeline,2006
3490,Honda Ridgeline 2007,Honda,Ridgeline,2007
3491,Honda Ridgeline 2008,Honda,Ridgeline,2008
3492,Honda Ridgeline 2009,Honda,Ridgeline,2009
3493,Honda Ridgeline 2010,Honda,Ridgeline,2010
3494,Honda Ridgeline 2011,Honda,Ridgeline,2011
3495,Honda Ridgeline 2012,Honda,Ridgeline,2012
3496,Honda Ridgeline 2013,Honda,Ridgeline,2013
3497,Honda S2000 2000,Honda,S2000,2000
3498,Honda S2000 2001,Honda,S2000,2001
3499,Honda S2000 2002,Honda,S2000,2002
3500,Honda S2000 2003,Honda,S2000,2003
3501,Honda S2000 2004,Honda,S2000,2004
3502,Honda S2000 2005,Honda,S2000,2005
3503,Honda S2000 2006,Honda,S2000,2006
3504,Honda S2000 2007,Honda,S2000,2007
3505,Honda S2000 2008,Honda,S2000,2008
3506,Hummer H1 1987,Hummer,H1,1987
3507,Hummer H2 2003,Hummer,H2,2003
3508,Hummer H2 2004,Hummer,H2,2004
3509,Hummer H2 2005,Hummer,H2,2005
3510,Hummer H2 2006,Hummer,H2,2006
3511,Hummer H2 2007,Hummer,H2,2007
3512,Hummer H2 2008,Hummer,H2,2008
3513,Hummer H2 2009,Hummer,H2,2009
3514,Hummer H3 2006,Hummer,H3,2006
3515,Hummer H3 2007,Hummer,H3,2007
3516,Hummer H3 2008,Hummer,H3,2008
3517,Hummer H3 2009,Hummer,H3,2009
3518,Hyundai Accent 1995,Hyundai,Accent,1995
3519,Hyundai Accent 1997,Hyundai,Accent,1997
3520,Hyundai Accent 1998,Hyundai,Accent,1998
3521,Hyundai Accent 1999,Hyundai,Accent,1999
3522,Hyundai Accent 2000,Hyundai,Accent,2000
3523,Hyundai Accent 2001,Hyundai,Accent,2001
3524,Hyundai Accent 2002,Hyundai,Accent,2002
3525,Hyundai Accent 2003,Hyundai,Accent,2003
3526,Hyundai Accent 2004,Hyundai,Accent,2004
3527,Hyundai Accent 2005,Hyundai,Accent,2005
3528,Hyundai Accent 2006,Hyundai,Accent,2006
3529,Hyundai Accent 2007,Hyundai,Accent,2007
3530,Hyundai Accent 2008,Hyundai,Accent,2008
3531,Hyundai Accent 2009,Hyundai,Accent,2009
3532,Hyundai Accent 2010,Hyundai,Accent,2010
3533,Hyundai Accent 2011,Hyundai,Accent,2011
3534,Hyundai Accent 2012,Hyundai,Accent,2012
3535,Hyundai Accent 2013,Hyundai,Accent,2013
3536,Hyundai Accent 2014,Hyundai,Accent,2014
3537,Hyundai Accent 2015,Hyundai,Accent,2015
3538,Hyundai Accent 2016,Hyundai,Accent,2016
3539,Hyundai Azera 2006,Hyundai,Azera,2006
3540,Hyundai Azera 2007,Hyundai,Azera,2007
3541,Hyundai Azera 2010,Hyundai,Azera,2010
3542,Hyundai Azera 2013,Hyundai,Azera,2013
3543,Hyundai Azera 2014,Hyundai,Azera,2014
3544,Hyundai Elantra 1997,Hyundai,Elantra,1997
3545,Hyundai Elantra 1998,Hyundai,Elantra,1998
3546,Hyundai Elantra 1999,Hyundai,Elantra,1999
3547,Hyundai Elantra 2000,Hyundai,Elantra,2000
3548,Hyundai Elantra 2001,Hyundai,Elantra,2001
3549,Hyundai Elantra 2002,Hyundai,Elantra,2002
3550,Hyundai Elantra 2003,Hyundai,Elantra,2003
3551,Hyundai Elantra 2004,Hyundai,Elantra,2004
3552,Hyundai Elantra 2005,Hyundai,Elantra,2005
3553,Hyundai Elantra 2006,Hyundai,Elantra,2006
3554,Hyundai Elantra 2007,Hyundai,Elantra,2007
3555,Hyundai Elantra 2008,Hyundai,Elantra,2008
3556,Hyundai Elantra 2009,Hyundai,Elantra,2009
3557,Hyundai Elantra 2010,Hyundai,Elantra,2010
3558,Hyundai Elantra 2011,Hyundai,Elantra,2011
3559,Hyundai Elantra 2012,Hyundai,Elantra,2012
3560,Hyundai Elantra 2013,Hyundai,Elantra,2013
3561,Hyundai Elantra 2014,Hyundai,Elantra,2014
3562,Hyundai Elantra 2015,Hyundai,Elantra,2015
3563,Hyundai Elantra 2016,Hyundai,Elantra,2016
3564,Hyundai Elantra Wagon 2000,Hyundai,Elantra Wagon,2000
3565,Hyundai Elantra Wagon 2010,Hyundai,Elantra Wagon,2010
3566,Hyundai Entourage 2007,Hyundai,Entourage,2007
3567,Hyundai Entourage 2008,Hyundai,Entourage,2008
3568,Hyundai Equus 2013,Hyundai,Equus,2013
3569,Hyundai Genesis 2009,Hyundai,Genesis,2009
3570,Hyundai Genesis 2010,Hyundai,Genesis,2010
3571,Hyundai Genesis 2011,Hyundai,Genesis,2011
3572,Hyundai Genesis 2012,Hyundai,Genesis,2012
3573,Hyundai Genesis 2013,Hyundai,Genesis,2013
3574,Hyundai Genesis Coupe 2010,Hyundai,Genesis Coupe,2010
3575,Hyundai Genesis Coupe 2011,Hyundai,Genesis Coupe,2011
3576,Hyundai Genesis Coupe 2012,Hyundai,Genesis Coupe,2012
3577,Hyundai Genesis Coupe 2013,Hyundai,Genesis Coupe,2013
3578,Hyundai Genesis Coupe 2015,Hyundai,Genesis Coupe,2015
3579,Hyundai Santafe 2001,Hyundai,Santafe,2001
3580,Hyundai Santafe 2002,Hyundai,Santafe,2002
3581,Hyundai Santafe 2003,Hyundai,Santafe,2003
3582,Hyundai Santafe 2004,Hyundai,Santafe,2004
3583,Hyundai Santafe 2005,Hyundai,Santafe,2005
3584,Hyundai Santafe 2006,Hyundai,Santafe,2006
3585,Hyundai Santafe 2007,Hyundai,Santafe,2007
3586,Hyundai Santafe 2008,Hyundai,Santafe,2008
3587,Hyundai Santafe 2009,Hyundai,Santafe,2009
3588,Hyundai Santafe 2010,Hyundai,Santafe,2010
3589,Hyundai Santafe 2011,Hyundai,Santafe,2011
3590,Hyundai Santafe 2012,Hyundai,Santafe,2012
3591,Hyundai Santafe 2013,Hyundai,Santafe,2013
3592,Hyundai Santafe 2014,Hyundai,Santafe,2014
3593,Hyundai Sonata 1992,Hyundai,Sonata,1992
3594,Hyundai Sonata 1998,Hyundai,Sonata,1998
3595,Hyundai Sonata 1999,Hyundai,Sonata,1999
3596,Hyundai Sonata 2000,Hyundai,Sonata,2000
3597,Hyundai Sonata 2001,Hyundai,Sonata,2001
3598,Hyundai Sonata 2002,Hyundai,Sonata,2002
3599,Hyundai Sonata 2003,Hyundai,Sonata,2003
3600,Hyundai Sonata 2004,Hyundai,Sonata,2004
3601,Hyundai Sonata 2005,Hyundai,Sonata,2005
3602,Hyundai Sonata 2006,Hyundai,Sonata,2006
3603,Hyundai Sonata 2007,Hyundai,Sonata,2007
3604,Hyundai Sonata 2008,Hyundai,Sonata,2008
3605,Hyundai Sonata 2009,Hyundai,Sonata,2009
3606,Hyundai Sonata 2010,Hyundai,Sonata,2010
3607,Hyundai Sonata 2011,Hyundai,Sonata,2011
3608,Hyundai Sonata 2012,Hyundai,Sonata,2012
3609,Hyundai Sonata 2013,Hyundai,Sonata,2013
3610,Hyundai Sonata 2014,Hyundai,Sonata,2014
3611,Hyundai Sonata 2015,Hyundai,Sonata,2015
3612,Hyundai Sonata 2016,Hyundai,Sonata,2016
3613,Hyundai Tiburon 1998,Hyundai,Tiburon,1998
3614,Hyundai Tiburon 1999,Hyundai,Tiburon,1999
3615,Hyundai Tiburon 2000,Hyundai,Tiburon,2000
3616,Hyundai Tiburon 2001,Hyundai,Tiburon,2001
3617,Hyundai Tiburon 2002,Hyundai,Tiburon,2002
3618,Hyundai Tiburon 2003,Hyundai,Tiburon,2003
3619,Hyundai Tiburon 2004,Hyundai,Tiburon,2004
3620,Hyundai Tiburon 2005,Hyundai,Tiburon,2005
3621,Hyundai Tiburon 2006,Hyundai,Tiburon,2006
3622,Hyundai Tiburon 2007,Hyundai,Tiburon,2007
3623,Hyundai Tiburon 2008,Hyundai,Tiburon,2008
3624,Hyundai Tucson 2005,Hyundai,Tucson,2005
3625,Hyundai Tucson 2006,Hyundai,Tucson,2006
3626,Hyundai Tucson 2007,Hyundai,Tucson,2007
3627,Hyundai Tucson 2009,Hyundai,Tucson,2009
3628,Hyundai Tucson 2010,Hyundai,Tucson,2010
3629,Hyundai Tucson 2011,Hyundai,Tucson,2011
3630,Hyundai Tucson 2012,Hyundai,Tucson,2012
3631,Hyundai Tucson 2013,Hyundai,Tucson,2013
3632,Hyundai Tucson 2016,Hyundai,Tucson,2016
3633,Hyundai Veloster 2012,Hyundai,Veloster,2012
3634,Hyundai Veloster 2013,Hyundai,Veloster,2013
3635,Hyundai Veloster 2014,Hyundai,Veloster,2014
3636,Hyundai Veloster 2015,Hyundai,Veloster,2015
3637,Hyundai Veracruz 2007,Hyundai,Veracruz,2007
3638,Hyundai Veracruz 2008,Hyundai,Veracruz,2008
3639,Hyundai Veracruz 2009,Hyundai,Veracruz,2009
3640,Hyundai Veracruz 2010,Hyundai,Veracruz,2010
3641,Hyundai Veracruz 2012,Hyundai,Veracruz,2012
3642,Hyundai Xg300 2001,Hyundai,Xg300,2001
3643,Hyundai Xg350 2002,Hyundai,Xg350,2002
3644,Hyundai Xg350 2003,Hyundai,Xg350,2003
3645,Hyundai Xg350 2004,Hyundai,Xg350,2004
3646,Hyundai Xg350 2005,Hyundai,Xg350,2005
3647,Infiniti Fx35 2003,Infiniti,Fx35,2003
3648,Infiniti Fx35 2004,Infiniti,Fx35,2004
3649,Infiniti Fx35 2005,Infiniti,Fx35,2005
3650,Infiniti Fx35 2006,Infiniti,Fx35,2006
3651,Infiniti Fx35 2007,Infiniti,Fx35,2007
3652,Infiniti Fx35 2008,Infiniti,Fx35,2008
3653,Infiniti Fx35 2009,Infiniti,Fx35,2009
3654,Infiniti Fx45 2003,Infiniti,Fx45,2003
3655,Infiniti Fx45 2004,Infiniti,Fx45,2004
3656,Infiniti Fx45 2005,Infiniti,Fx45,2005
3657,Infiniti Fx50S 2009,Infiniti,Fx50S,2009
3658,Infiniti G20 1993,Infiniti,G20,1993
3659,Infiniti G20 1995,Infiniti,G20,1995
3660,Infiniti G20 1996,Infiniti,G20,1996
3661,Infiniti G20 1999,Infiniti,G20,1999
3662,Infiniti G20 2000,Infiniti,G20,2000
3663,Infiniti G20 2001,Infiniti,G20,2001
3664,Infiniti G20 2002,Infiniti,G20,2002
3665,Infiniti G25 2011,Infiniti,G25,2011
3666,Infiniti G25 2012,Infiniti,G25,2012
3667,Infiniti G35 2003,Infiniti,G35,2003
3668,Infiniti G35 2004,Infiniti,G35,2004
3669,Infiniti G35 2005,Infiniti,G35,2005
3670,Infiniti G35 2006,Infiniti,G35,2006
3671,Infiniti G35 2007,Infiniti,G35,2007
3672,Infiniti G35 2008,Infiniti,G35,2008
3673,Infiniti G35 Coupe 2003,Infiniti,G35 Coupe,2003
3674,Infiniti G35 Coupe 2004,Infiniti,G35 Coupe,2004
3675,Infiniti G35 Coupe 2005,Infiniti,G35 Coupe,2005
3676,Infiniti G35 Coupe 2006,Infiniti,G35 Coupe,2006
3677,Infiniti G35 Coupe 2007,Infiniti,G35 Coupe,2007
3678,Infiniti G37 2008,Infiniti,G37,2008
3679,Infiniti G37 2009,Infiniti,G37,2009
3680,Infiniti G37 2010,Infiniti,G37,2010
3681,Infiniti G37 2011,Infiniti,G37,2011
3682,Infiniti G37 2012,Infiniti,G37,2012
3683,Infiniti G37 2013,Infiniti,G37,2013
3684,Infiniti I30 1993,Infiniti,I30,1993
3685,Infiniti I30 1996,Infiniti,I30,1996
3686,Infiniti I30 1997,Infiniti,I30,1997
3687,Infiniti I30 1998,Infiniti,I30,1998
3688,Infiniti I30 1999,Infiniti,I30,1999
3689,Infiniti I30 2000,Infiniti,I30,2000
3690,Infiniti I30 2001,Infiniti,I30,2001
3691,Infiniti I30 2002,Infiniti,I30,2002
3692,Infiniti I35 2002,Infiniti,I35,2002
3693,Infiniti I35 2003,Infiniti,I35,2003
3694,Infiniti I35 2004,Infiniti,I35,2004
3695,Infiniti J30 1993,Infiniti,J30,1993
3696,Infiniti J30 1995,Infiniti,J30,1995
3697,Infiniti J30 1996,Infiniti,J30,1996
3698,Infiniti J30 1997,Infiniti,J30,1997
3699,Infiniti J30 2001,Infiniti,J30,2001
3700,Infiniti M30 1991,Infiniti,M30,1991
3701,Infiniti M35 2003,Infiniti,M35,2003
3702,Infiniti M35 2006,Infiniti,M35,2006
3703,Infiniti M35 2007,Infiniti,M35,2007
3704,Infiniti M35 2008,Infiniti,M35,2008
3705,Infiniti M45 2003,Infiniti,M45,2003
3706,Infiniti M45 2004,Infiniti,M45,2004
3707,Infiniti M45 2006,Infiniti,M45,2006
3708,Infiniti M45 2007,Infiniti,M45,2007
3709,Infiniti Q45 1994,Infiniti,Q45,1994
3710,Infiniti Q45 1995,Infiniti,Q45,1995
3711,Infiniti Q45 1996,Infiniti,Q45,1996
3712,Infiniti Q45 1997,Infiniti,Q45,1997
3713,Infiniti Q45 1998,Infiniti,Q45,1998
3714,Infiniti Q45 1999,Infiniti,Q45,1999
3715,Infiniti Q45 2000,Infiniti,Q45,2000
3716,Infiniti Q45 2001,Infiniti,Q45,2001
3717,Infiniti Q45 2002,Infiniti,Q45,2002
3718,Infiniti Q45 2003,Infiniti,Q45,2003
3719,Infiniti Q50 2014,Infiniti,Q50,2014
3720,Infiniti Qx30 2015,Infiniti,Qx30,2015
3721,Infiniti Qx4 1997,Infiniti,Qx4,1997
3722,Infiniti Qx4 1998,Infiniti,Qx4,1998
3723,Infiniti Qx4 1999,Infiniti,Qx4,1999
3724,Infiniti Qx4 2000,Infiniti,Qx4,2000
3725,Infiniti Qx4 2001,Infiniti,Qx4,2001
3726,Infiniti Qx4 2002,Infiniti,Qx4,2002
3727,Infiniti Qx4 2003,Infiniti,Qx4,2003
3728,Infiniti Qx50 2008,Infiniti,Qx50,2008
3729,Infiniti Qx50 2010,Infiniti,Qx50,2010
3730,Infiniti Qx50 2011,Infiniti,Qx50,2011
3731,Infiniti Qx56 2004,Infiniti,Qx56,2004
3732,Infiniti Qx56 2005,Infiniti,Qx56,2005
3733,Infiniti Qx56 2006,Infiniti,Qx56,2006
3734,Infiniti Qx56 2007,Infiniti,Qx56,2007
3735,Infiniti Qx56 2008,Infiniti,Qx56,2008
3736,Infiniti Qx56 2010,Infiniti,Qx56,2010
3737,Infiniti Qx56 2011,Infiniti,Qx56,2011
3738,Infiniti Qx56 2012,Infiniti,Qx56,2012
3739,Isuzu Amigo 1994,Isuzu,Amigo,1994
3740,Isuzu Amigo 1998,Isuzu,Amigo,1998
3741,Isuzu Amigo 1999,Isuzu,Amigo,1999
3742,Isuzu Ascender 2003,Isuzu,Ascender,2003
3743,Isuzu Ascender 2004,Isuzu,Ascender,2004
3744,Isuzu Ascender 2005,Isuzu,Ascender,2005
3745,Isuzu Ascender 2006,Isuzu,Ascender,2006
3746,Isuzu Ascender 2007,Isuzu,Ascender,2007
3747,Isuzu Axiom 2002,Isuzu,Axiom,2002
3748,Isuzu Axiom 2003,Isuzu,Axiom,2003
3749,Isuzu Axiom 2004,Isuzu,Axiom,2004
3750,Isuzu Hombre 1996,Isuzu,Hombre,1996
3751,Isuzu Hombre 1998,Isuzu,Hombre,1998
3752,Isuzu Hombre 1999,Isuzu,Hombre,1999
3753,Isuzu Npr 1992,Isuzu,Npr,1992
3754,Isuzu Npr 1997,Isuzu,Npr,1997
3755,Isuzu Npr 1998,Isuzu,Npr,1998
3756,Isuzu Npr 2000,Isuzu,Npr,2000
3757,Isuzu Npr 2003,Isuzu,Npr,2003
3758,Isuzu Npr 2004,Isuzu,Npr,2004
3759,Isuzu Npr 2006,Isuzu,Npr,2006
3760,Isuzu Npr 2007,Isuzu,Npr,2007
3761,Isuzu Pickup 1989,Isuzu,Pickup,1989
3762,Isuzu Pickup 1992,Isuzu,Pickup,1992
3763,Isuzu Rodeo 1992,Isuzu,Rodeo,1992
3764,Isuzu Rodeo 1993,Isuzu,Rodeo,1993
3765,Isuzu Rodeo 1994,Isuzu,Rodeo,1994
3766,Isuzu Rodeo 1995,Isuzu,Rodeo,1995
3767,Isuzu Rodeo 1996,Isuzu,Rodeo,1996
3768,Isuzu Rodeo 1997,Isuzu,Rodeo,1997
3769,Isuzu Rodeo 1998,Isuzu,Rodeo,1998
3770,Isuzu Rodeo 1999,Isuzu,Rodeo,1999
3771,Isuzu Rodeo 2000,Isuzu,Rodeo,2000
3772,Isuzu Rodeo 2001,Isuzu,Rodeo,2001
3773,Isuzu Rodeo 2002,Isuzu,Rodeo,2002
3774,Isuzu Rodeo 2003,Isuzu,Rodeo,2003
3775,Isuzu Rodeo 2004,Isuzu,Rodeo,2004
3776,Isuzu Trooper 1989,Isuzu,Trooper,1989
3777,Isuzu Trooper 1993,Isuzu,Trooper,1993
3778,Isuzu Trooper 1994,Isuzu,Trooper,1994
3779,Isuzu Trooper 1995,Isuzu,Trooper,1995
3780,Isuzu Trooper 1996,Isuzu,Trooper,1996
3781,Isuzu Trooper 1997,Isuzu,Trooper,1997
3782,Isuzu Trooper 1998,Isuzu,Trooper,1998
3783,Isuzu Trooper 1999,Isuzu,Trooper,1999
3784,Isuzu Trooper 2000,Isuzu,Trooper,2000
3785,Isuzu Trooper 2001,Isuzu,Trooper,2001
3786,Isuzu Trooper 2002,Isuzu,Trooper,2002
3787,Isuzu Vehicross 2000,Isuzu,Vehicross,2000
3788,Isuzu Vehicross 2001,Isuzu,Vehicross,2001
3789,Jaguar S-Type 2000,Jaguar,S-Type,2000
3790,Jaguar S-Type 2001,Jaguar,S-Type,2001
3791,Jaguar S-Type 2002,Jaguar,S-Type,2002
3792,Jaguar S-Type 2003,Jaguar,S-Type,2003
3793,Jaguar S-Type 2004,Jaguar,S-Type,2004
3794,Jaguar S-Type 2005,Jaguar,S-Type,2005
3795,Jaguar S-Type 2006,Jaguar,S-Type,2006
3796,Jaguar S-Type 2007,Jaguar,S-Type,2007
3797,Jaguar Vandenplas 1996,Jaguar,Vandenplas,1996
3798,Jaguar Vandenplas 1998,Jaguar,Vandenplas,1998
3799,Jaguar Vandenplas 1999,Jaguar,Vandenplas,1999
3800,Jaguar Vandenplas 2001,Jaguar,Vandenplas,2001
3801,Jaguar X-Type 2002,Jaguar,X-Type,2002
3802,Jaguar X-Type 2003,Jaguar,X-Type,2003
3803,Jaguar X-Type 2004,Jaguar,X-Type,2004
3804,Jaguar X-Type 2005,Jaguar,X-Type,2005
3805,Jaguar X-Type 2006,Jaguar,X-Type,2006
3806,Jaguar X-Type 2007,Jaguar,X-Type,2007
3807,Jaguar Xf 2009,Jaguar,Xf,2009
3808,Jaguar Xf 2010,Jaguar,Xf,2010
3809,Jaguar Xf 2012,Jaguar,Xf,2012
3810,Jaguar Xj 1974,Jaguar,Xj,1974
3811,Jaguar Xj 1984,Jaguar,Xj,1984
3812,Jaguar Xj 1985,Jaguar,Xj,1985
3813,Jaguar Xj 1986,Jaguar,Xj,1986
3814,Jaguar Xj 1987,Jaguar,Xj,1987
3815,Jaguar Xj 1988,Jaguar,Xj,1988
3816,Jaguar Xj 1989,Jaguar,Xj,1989
3817,Jaguar Xj 1990,Jaguar,Xj,1990
3818,Jaguar Xj 1994,Jaguar,Xj,1994
3819,Jaguar Xj 1995,Jaguar,Xj,1995
3820,Jaguar Xj 1996,Jaguar,Xj,1996
3821,Jaguar Xj 1997,Jaguar,Xj,1997
3822,Jaguar Xj 1998,Jaguar,Xj,1998
3823,Jaguar Xj 1999,Jaguar,Xj,1999
3824,Jaguar Xj 2000,Jaguar,Xj,2000
3825,Jaguar Xj 2001,Jaguar,Xj,2001
3826,Jaguar Xj 2002,Jaguar,Xj,2002
3827,Jaguar Xj 2003,Jaguar,Xj,2003
3828,Jaguar Xj 2004,Jaguar,Xj,2004
3829,Jaguar Xj 2005,Jaguar,Xj,2005
3830,Jaguar Xj 2006,Jaguar,Xj,2006
3831,Jaguar Xj 2013,Jaguar,Xj,2013
3832,Jaguar Xj Convertible 1990,Jaguar,Xj Convertible,1990
3833,Jaguar Xj Convertible 1991,Jaguar,Xj Convertible,1991
3834,Jaguar Xj Convertible 1992,Jaguar,Xj Convertible,1992
3835,Jaguar Xj Convertible 1993,Jaguar,Xj Convertible,1993
3836,Jaguar Xk 1997,Jaguar,Xk,1997
3837,Jaguar Xk 1998,Jaguar,Xk,1998
3838,Jaguar Xk 1999,Jaguar,Xk,1999
3839,Jaguar Xk 2000,Jaguar,Xk,2000
3840,Jaguar Xk 2002,Jaguar,Xk,2002
3841,Jaguar Xk 2003,Jaguar,Xk,2003
3842,Jaguar Xk 2007,Jaguar,Xk,2007
3843,Jaguar Xk 2008,Jaguar,Xk,2008
3844,Jeep Cherokee 1976,Jeep,Cherokee,1976
3845,Jeep Cherokee 1979,Jeep,Cherokee,1979
3846,Jeep Cherokee 1980,Jeep,Cherokee,1980
3847,Jeep Cherokee 1984,Jeep,Cherokee,1984
3848,Jeep Cherokee 1985,Jeep,Cherokee,1985
3849,Jeep Cherokee 1986,Jeep,Cherokee,1986
3850,Jeep Cherokee 1987,Jeep,Cherokee,1987
3851,Jeep Cherokee 1988,Jeep,Cherokee,1988
3852,Jeep Cherokee 1989,Jeep,Cherokee,1989
3853,Jeep Cherokee 1990,Jeep,Cherokee,1990
3854,Jeep Cherokee 1991,Jeep,Cherokee,1991
3855,Jeep Cherokee 1992,Jeep,Cherokee,1992
3856,Jeep Cherokee 1993,Jeep,Cherokee,1993
3857,Jeep Cherokee 1994,Jeep,Cherokee,1994
3858,Jeep Cherokee 1995,Jeep,Cherokee,1995
3859,Jeep Cherokee 1996,Jeep,Cherokee,1996
3860,Jeep Cherokee 1997,Jeep,Cherokee,1997
3861,Jeep Cherokee 1998,Jeep,Cherokee,1998
3862,Jeep Cherokee 1999,Jeep,Cherokee,1999
3863,Jeep Cherokee 2000,Jeep,Cherokee,2000
3864,Jeep Cherokee 2001,Jeep,Cherokee,2001
3865,Jeep Cherokee 2002,Jeep,Cherokee,2002
3866,Jeep Cherokee 2003,Jeep,Cherokee,2003
3867,Jeep Cherokee 2004,Jeep,Cherokee,2004
3868,Jeep Cherokee 2005,Jeep,Cherokee,2005
3869,Jeep Cherokee 2006,Jeep,Cherokee,2006
3870,Jeep Cherokee 2007,Jeep,Cherokee,2007
3871,Jeep Cherokee 2014,Jeep,Cherokee,2014
3872,Jeep Cherokee 2015,Jeep,Cherokee,2015
3873,Jeep Cj5 1969,Jeep,Cj5,1969
3874,Jeep Cj5 1970,Jeep,Cj5,1970
3875,Jeep Cj5 1971,Jeep,Cj5,1971
3876,Jeep Cj5 1972,Jeep,Cj5,1972
3877,Jeep Cj5 1973,Jeep,Cj5,1973
3878,Jeep Cj5 1974,Jeep,Cj5,1974
3879,Jeep Cj5 1975,Jeep,Cj5,1975
3880,Jeep Cj5 1976,Jeep,Cj5,1976
3881,Jeep Cj5 1977,Jeep,Cj5,1977
3882,Jeep Cj5 1978,Jeep,Cj5,1978
3883,Jeep Cj5 1979,Jeep,Cj5,1979
3884,Jeep Cj5 1980,Jeep,Cj5,1980
3885,Jeep Cj5 1981,Jeep,Cj5,1981
3886,Jeep Cj7 1976,Jeep,Cj7,1976
3887,Jeep Cj7 1977,Jeep,Cj7,1977
3888,Jeep Cj7 1978,Jeep,Cj7,1978
3889,Jeep Cj7 1979,Jeep,Cj7,1979
3890,Jeep Cj7 1980,Jeep,Cj7,1980
3891,Jeep Cj7 1981,Jeep,Cj7,1981
3892,Jeep Cj7 1982,Jeep,Cj7,1982
3893,Jeep Cj7 1983,Jeep,Cj7,1983
3894,Jeep Cj7 1984,Jeep,Cj7,1984
3895,Jeep Cj7 1985,Jeep,Cj7,1985
3896,Jeep Cj7 1986,Jeep,Cj7,1986
3897,Jeep Comanche 1986,Jeep,Comanche,1986
3898,Jeep Comanche 1988,Jeep,Comanche,1988
3899,Jeep Comanche 1989,Jeep,Comanche,1989
3900,Jeep Comanche 1990,Jeep,Comanche,1990
3901,Jeep Commander 1967,Jeep,Commander,1967
3902,Jeep Commander 2006,Jeep,Commander,2006
3903,Jeep Commander 2007,Jeep,Commander,2007
3904,Jeep Commander 2008,Jeep,Commander,2008
3905,Jeep Commander 2009,Jeep,Commander,2009
3906,Jeep Commander 2010,Jeep,Commander,2010
3907,Jeep Compass 2007,Jeep,Compass,2007
3908,Jeep Compass 2008,Jeep,Compass,2008
3909,Jeep Compass 2009,Jeep,Compass,2009
3910,Jeep Compass 2010,Jeep,Compass,2010
3911,Jeep Compass 2011,Jeep,Compass,2011
3912,Jeep Compass 2012,Jeep,Compass,2012
3913,Jeep Compass 2013,Jeep,Compass,2013
3914,Jeep Compass 2014,Jeep,Compass,2014
3915,Jeep Compass 2015,Jeep,Compass,2015
3916,Jeep Gladiator 1984,Jeep,Gladiator,1984
3917,Jeep Grand Cherokee 1989,Jeep,Grand Cherokee,1989
3918,Jeep Grand Cherokee 1993,Jeep,Grand Cherokee,1993
3919,Jeep Grand Cherokee 1994,Jeep,Grand Cherokee,1994
3920,Jeep Grand Cherokee 1995,Jeep,Grand Cherokee,1995
3921,Jeep Grand Cherokee 1996,Jeep,Grand Cherokee,1996
3922,Jeep Grand Cherokee 1997,Jeep,Grand Cherokee,1997
3923,Jeep Grand Cherokee 1998,Jeep,Grand Cherokee,1998
3924,Jeep Grand Cherokee 1999,Jeep,Grand Cherokee,1999
3925,Jeep Grand Cherokee 2000,Jeep,Grand Cherokee,2000
3926,Jeep Grand Cherokee 2001,Jeep,Grand Cherokee,2001
3927,Jeep Grand Cherokee 2002,Jeep,Grand Cherokee,2002
3928,Jeep Grand Cherokee 2003,Jeep,Grand Cherokee,2003
3929,Jeep Grand Cherokee 2004,Jeep,Grand Cherokee,2004
3930,Jeep Grand Cherokee 2005,Jeep,Grand Cherokee,2005
3931,Jeep Grand Cherokee 2006,Jeep,Grand Cherokee,2006
3932,Jeep Grand Cherokee 2007,Jeep,Grand Cherokee,2007
3933,Jeep Grand Cherokee 2008,Jeep,Grand Cherokee,2008
3934,Jeep Grand Cherokee 2009,Jeep,Grand Cherokee,2009
3935,Jeep Grand Cherokee 2010,Jeep,Grand Cherokee,2010
3936,Jeep Grand Cherokee 2011,Jeep,Grand Cherokee,2011
3937,Jeep Grand Cherokee 2012,Jeep,Grand Cherokee,2012
3938,Jeep Grand Cherokee 2013,Jeep,Grand Cherokee,2013
3939,Jeep Grand Cherokee 2014,Jeep,Grand Cherokee,2014
3940,Jeep Grand Cherokee 2015,Jeep,Grand Cherokee,2015
3941,Jeep Grand Cherokee 2016,Jeep,Grand Cherokee,2016
3942,Jeep Grand Wagoneer 1984,Jeep,Grand Wagoneer,1984
3943,Jeep Grand Wagoneer 1993,Jeep,Grand Wagoneer,1993
3944,Jeep J10 1979,Jeep,J10,1979
3945,Jeep J10 1981,Jeep,J10,1981
3946,Jeep J8 2009,Jeep,J8,2009
3947,Jeep Liberty 2002,Jeep,Liberty,2002
3948,Jeep Liberty 2003,Jeep,Liberty,2003
3949,Jeep Liberty 2004,Jeep,Liberty,2004
3950,Jeep Liberty 2005,Jeep,Liberty,2005
3951,Jeep Liberty 2006,Jeep,Liberty,2006
3952,Jeep Liberty 2007,Jeep,Liberty,2007
3953,Jeep Liberty 2008,Jeep,Liberty,2008
3954,Jeep Liberty 2009,Jeep,Liberty,2009
3955,Jeep Liberty 2010,Jeep,Liberty,2010
3956,Jeep Liberty 2011,Jeep,Liberty,2011
3957,Jeep Liberty 2012,Jeep,Liberty,2012
3958,Jeep Patriot 2007,Jeep,Patriot,2007
3959,Jeep Patriot 2008,Jeep,Patriot,2008
3960,Jeep Patriot 2009,Jeep,Patriot,2009
3961,Jeep Patriot 2010,Jeep,Patriot,2010
3962,Jeep Patriot 2011,Jeep,Patriot,2011
3963,Jeep Patriot 2012,Jeep,Patriot,2012
3964,Jeep Patriot 2013,Jeep,Patriot,2013
3965,Jeep Patriot 2014,Jeep,Patriot,2014
3966,Jeep Patriot 2015,Jeep,Patriot,2015
3967,Jeep Patriot 2016,Jeep,Patriot,2016
3968,Jeep Renegade 2015,Jeep,Renegade,2015
3969,Jeep Renegade 2016,Jeep,Renegade,2016
3970,Jeep Scrambler 1981,Jeep,Scrambler,1981
3971,Jeep Wagoneer 1986,Jeep,Wagoneer,1986
3972,Jeep Wagoneer 1988,Jeep,Wagoneer,1988
3973,Jeep Wrangler 1947,Jeep,Wrangler,1947
3974,Jeep Wrangler 1982,Jeep,Wrangler,1982
3975,Jeep Wrangler 1983,Jeep,Wrangler,1983
3976,Jeep Wrangler 1985,Jeep,Wrangler,1985
3977,Jeep Wrangler 1986,Jeep,Wrangler,1986
3978,Jeep Wrangler 1987,Jeep,Wrangler,1987
3979,Jeep Wrangler 1988,Jeep,Wrangler,1988
3980,Jeep Wrangler 1989,Jeep,Wrangler,1989
3981,Jeep Wrangler 1990,Jeep,Wrangler,1990
3982,Jeep Wrangler 1991,Jeep,Wrangler,1991
3983,Jeep Wrangler 1992,Jeep,Wrangler,1992
3984,Jeep Wrangler 1993,Jeep,Wrangler,1993
3985,Jeep Wrangler 1994,Jeep,Wrangler,1994
3986,Jeep Wrangler 1995,Jeep,Wrangler,1995
3987,Jeep Wrangler 1996,Jeep,Wrangler,1996
3988,Jeep Wrangler 1997,Jeep,Wrangler,1997
3989,Jeep Wrangler 1998,Jeep,Wrangler,1998
3990,Jeep Wrangler 1999,Jeep,Wrangler,1999
3991,Jeep Wrangler 2000,Jeep,Wrangler,2000
3992,Jeep Wrangler 2001,Jeep,Wrangler,2001
3993,Jeep Wrangler 2002,Jeep,Wrangler,2002
3994,Jeep Wrangler 2003,Jeep,Wrangler,2003
3995,Jeep Wrangler 2004,Jeep,Wrangler,2004
3996,Jeep Wrangler 2005,Jeep,Wrangler,2005
3997,Jeep Wrangler 2006,Jeep,Wrangler,2006
3998,Jeep Wrangler 2007,Jeep,Wrangler,2007
3999,Jeep Wrangler 2008,Jeep,Wrangler,2008
4000,Jeep Wrangler 2009,Jeep,Wrangler,2009
4001,Jeep Wrangler 2010,Jeep,Wrangler,2010
4002,Jeep Wrangler 2011,Jeep,Wrangler,2011
4003,Jeep Wrangler 2012,Jeep,Wrangler,2012
4004,Jeep Wrangler 2013,Jeep,Wrangler,2013
4005,Jeep Wrangler 2014,Jeep,Wrangler,2014
4006,Jeep Wrangler 2015,Jeep,Wrangler,2015
4007,Jeep Wrangler 2016,Jeep,Wrangler,2016
4008,Jeep Wrangler Rubicon 2003,Jeep,Wrangler Rubicon,2003
4009,Jeep Wrangler Rubicon 2004,Jeep,Wrangler Rubicon,2004
4010,Jeep Wrangler Rubicon 2005,Jeep,Wrangler Rubicon,2005
4011,Jeep Wrangler Rubicon 2006,Jeep,Wrangler Rubicon,2006
4012,Jeep Wrangler Rubicon 2007,Jeep,Wrangler Rubicon,2007
4013,Jeep Wrangler Rubicon 2008,Jeep,Wrangler Rubicon,2008
4014,Jeep Wrangler Rubicon 2010,Jeep,Wrangler Rubicon,2010
4015,Jeep Wrangler Rubicon 2012,Jeep,Wrangler Rubicon,2012
4016,Jeep Wrangler Rubicon 2013,Jeep,Wrangler Rubicon,2013
4017,Jeep Wrangler Rubicon 2015,Jeep,Wrangler Rubicon,2015
4018,Jeep Wrangler Sahara 1993,Jeep,Wrangler Sahara,1993
4019,Jeep Wrangler Sahara 1998,Jeep,Wrangler Sahara,1998
4020,Jeep Wrangler Sahara 1999,Jeep,Wrangler Sahara,1999
4021,Jeep Wrangler Sahara 2001,Jeep,Wrangler Sahara,2001
4022,Jeep Wrangler Sahara 2002,Jeep,Wrangler Sahara,2002
4023,Jeep Wrangler Sahara 2003,Jeep,Wrangler Sahara,2003
4024,Jeep Wrangler Sahara 2004,Jeep,Wrangler Sahara,2004
4025,Jeep Wrangler Sahara 2008,Jeep,Wrangler Sahara,2008
4026,Jeep Wrangler Tj 1997,Jeep,Wrangler Tj,1997
4027,Jeep Wrangler Tj 1998,Jeep,Wrangler Tj,1998
4028,Jeep Wrangler Tj 1999,Jeep,Wrangler Tj,1999
4029,Jeep Wrangler Tj 2001,Jeep,Wrangler Tj,2001
4030,Jeep Wrangler Tj 2002,Jeep,Wrangler Tj,2002
4031,Jeep Wrangler Tj 2003,Jeep,Wrangler Tj,2003
4032,Jeep Wrangler Tj 2006,Jeep,Wrangler Tj,2006
4033,Jeep Wrangler Unlimited 1991,Jeep,Wrangler Unlimited,1991
4034,Jeep Wrangler Unlimited 2007,Jeep,Wrangler Unlimited,2007
4035,Jeep Wrangler Unlimited 2008,Jeep,Wrangler Unlimited,2008
4036,Jeep Wrangler Unlimited 2010,Jeep,Wrangler Unlimited,2010
4037,Jeep Wrangler Unlimited 2011,Jeep,Wrangler Unlimited,2011
4038,Jeep Wrangler Unlimited 2012,Jeep,Wrangler Unlimited,2012
4039,Jeep Wrangler Unlimited 2013,Jeep,Wrangler Unlimited,2013
4040,Jeep Wrangler Unlimited 2014,Jeep,Wrangler Unlimited,2014
4041,Jeep Wrangler Unlimited 2015,Jeep,Wrangler Unlimited,2015
4042,Kia Amanti 2004,Kia,Amanti,2004
4043,Kia Amanti 2005,Kia,Amanti,2005
4044,Kia Amanti 2006,Kia,Amanti,2006
4045,Kia Amanti 2007,Kia,Amanti,2007
4046,Kia Cadenza 2014,Kia,Cadenza,2014
4047,Kia Ceed 2009,Kia,Ceed,2009
4048,Kia Forte 2010,Kia,Forte,2010
4049,Kia Forte 2011,Kia,Forte,2011
4050,Kia Forte 2012,Kia,Forte,2012
4051,Kia Forte 2013,Kia,Forte,2013
4052,Kia Forte 2014,Kia,Forte,2014
4053,Kia Forte 2015,Kia,Forte,2015
4054,Kia Forte 2016,Kia,Forte,2016
4055,Kia Magentis 2001,Kia,Magentis,2001
4056,Kia Optima 2001,Kia,Optima,2001
4057,Kia Optima 2002,Kia,Optima,2002
4058,Kia Optima 2003,Kia,Optima,2003
4059,Kia Optima 2004,Kia,Optima,2004
4060,Kia Optima 2005,Kia,Optima,2005
4061,Kia Optima 2006,Kia,Optima,2006
4062,Kia Optima 2007,Kia,Optima,2007
4063,Kia Optima 2008,Kia,Optima,2008
4064,Kia Optima 2009,Kia,Optima,2009
4065,Kia Optima 2010,Kia,Optima,2010
4066,Kia Optima 2011,Kia,Optima,2011
4067,Kia Optima 2012,Kia,Optima,2012
4068,Kia Optima 2013,Kia,Optima,2013
4069,Kia Optima 2014,Kia,Optima,2014
4070,Kia Optima 2015,Kia,Optima,2015
4071,Kia Rio 2001,Kia,Rio,2001
4072,Kia Rio 2002,Kia,Rio,2002
4073,Kia Rio 2003,Kia,Rio,2003
4074,Kia Rio 2004,Kia,Rio,2004
4075,Kia Rio 2005,Kia,Rio,2005
4076,Kia Rio 2006,Kia,Rio,2006
4077,Kia Rio 2007,Kia,Rio,2007
4078,Kia Rio 2008,Kia,Rio,2008
4079,Kia Rio 2009,Kia,Rio,2009
4080,Kia Rio 2010,Kia,Rio,2010
4081,Kia Rio 2011,Kia,Rio,2011
4082,Kia Rio 2012,Kia,Rio,2012
4083,Kia Rio 2013,Kia,Rio,2013
4084,Kia Rio 2014,Kia,Rio,2014
4085,Kia Rio Wagon 2003,Kia,Rio Wagon,2003
4086,Kia Rio Wagon 2004,Kia,Rio Wagon,2004
4087,Kia Rio Wagon 2008,Kia,Rio Wagon,2008
4088,Kia Rondo 2007,Kia,Rondo,2007
4089,Kia Rondo 2008,Kia,Rondo,2008
4090,Kia Rondo 2009,Kia,Rondo,2009
4091,Kia Sedona 2001,Kia,Sedona,2001
4092,Kia Sedona 2002,Kia,Sedona,2002
4093,Kia Sedona 2003,Kia,Sedona,2003
4094,Kia Sedona 2004,Kia,Sedona,2004
4095,Kia Sedona 2005,Kia,Sedona,2005
4096,Kia Sedona 2006,Kia,Sedona,2006
4097,Kia Sedona 2007,Kia,Sedona,2007
4098,Kia Sedona 2008,Kia,Sedona,2008
4099,Kia Sedona 2009,Kia,Sedona,2009
4100,Kia Sedona 2010,Kia,Sedona,2010
4101,Kia Sedona 2011,Kia,Sedona,2011
4102,Kia Sedona 2012,Kia,Sedona,2012
4103,Kia Sephia 1998,Kia,Sephia,1998
4104,Kia Sephia 1999,Kia,Sephia,1999
4105,Kia Sephia 2000,Kia,Sephia,2000
4106,Kia Sephia 2001,Kia,Sephia,2001
4107,Kia Sorento 2003,Kia,Sorento,2003
4108,Kia Sorento 2004,Kia,Sorento,2004
4109,Kia Sorento 2005,Kia,Sorento,2005
4110,Kia Sorento 2006,Kia,Sorento,2006
4111,Kia Sorento 2007,Kia,Sorento,2007
4112,Kia Sorento 2008,Kia,Sorento,2008
4113,Kia Sorento 2009,Kia,Sorento,2009
4114,Kia Sorento 2011,Kia,Sorento,2011
4115,Kia Sorento 2012,Kia,Sorento,2012
4116,Kia Sorento 2013,Kia,Sorento,2013
4117,Kia Sorento 2014,Kia,Sorento,2014
4118,Kia Soul 2010,Kia,Soul,2010
4119,Kia Soul 2011,Kia,Soul,2011
4120,Kia Soul 2012,Kia,Soul,2012
4121,Kia Soul 2013,Kia,Soul,2013
4122,Kia Soul 2014,Kia,Soul,2014
4123,Kia Soul 2015,Kia,Soul,2015
4124,Kia Spectra5 2005,Kia,Spectra5,2005
4125,Kia Spectra5 2007,Kia,Spectra5,2007
4126,Kia Spectra5 2008,Kia,Spectra5,2008
4127,Kia Spectra 2000,Kia,Spectra,2000
4128,Kia Spectra 2001,Kia,Spectra,2001
4129,Kia Spectra 2002,Kia,Spectra,2002
4130,Kia Spectra 2003,Kia,Spectra,2003
4131,Kia Spectra 2004,Kia,Spectra,2004
4132,Kia Spectra 2005,Kia,Spectra,2005
4133,Kia Spectra 2006,Kia,Spectra,2006
4134,Kia Spectra 2007,Kia,Spectra,2007
4135,Kia Spectra 2008,Kia,Spectra,2008
4136,Kia Spectra 2009,Kia,Spectra,2009
4137,Kia Sportage 1995,Kia,Sportage,1995
4138,Kia Sportage 1997,Kia,Sportage,1997
4139,Kia Sportage 1998,Kia,Sportage,1998
4140,Kia Sportage 1999,Kia,Sportage,1999
4141,Kia Sportage 2000,Kia,Sportage,2000
4142,Kia Sportage 2001,Kia,Sportage,2001
4143,Kia Sportage 2002,Kia,Sportage,2002
4144,Kia Sportage 2005,Kia,Sportage,2005
4145,Kia Sportage 2006,Kia,Sportage,2006
4146,Kia Sportage 2007,Kia,Sportage,2007
4147,Kia Sportage 2008,Kia,Sportage,2008
4148,Kia Sportage 2009,Kia,Sportage,2009
4149,Kia Sportage 2010,Kia,Sportage,2010
4150,Kia Sportage 2011,Kia,Sportage,2011
4151,Kia Sportage 2012,Kia,Sportage,2012
4152,Kia Sportage 2013,Kia,Sportage,2013
4153,Lamborghini Gallardo 2004,Lamborghini,Gallardo,2004
4154,Landrover Defender 1988,Landrover,Defender,1988
4155,Landrover Discovery 1996,Landrover,Discovery,1996
4156,Landrover Discovery 1997,Landrover,Discovery,1997
4157,Landrover Discovery 1998,Landrover,Discovery,1998
4158,Landrover Discovery 1999,Landrover,Discovery,1999
4159,Landrover Discovery 2000,Landrover,Discovery,2000
4160,Landrover Discovery 2001,Landrover,Discovery,2001
4161,Landrover Discovery 2003,Landrover,Discovery,2003
4162,Landrover Discovery 2004,Landrover,Discovery,2004
4163,Landrover Freelander 2002,Landrover,Freelander,2002
4164,Landrover Freelander 2003,Landrover,Freelander,2003
4165,Landrover Freelander 2004,Landrover,Freelander,2004
4166,Landrover Freelander 2005,Landrover,Freelander,2005
4167,Landrover Lr2 2008,Landrover,Lr2,2008
4168,Landrover Lr3 2005,Landrover,Lr3,2005
4169,Landrover Lr3 2006,Landrover,Lr3,2006
4170,Landrover Lr3 2007,Landrover,Lr3,2007
4171,Landrover Lr3 2008,Landrover,Lr3,2008
4172,Landrover Lr4 2010,Landrover,Lr4,2010
4173,Landrover Lr4 2011,Landrover,Lr4,2011
4174,Landrover Rangerover 1989,Landrover,Rangerover,1989
4175,Landrover Rangerover 1991,Landrover,Rangerover,1991
4176,Landrover Rangerover 1992,Landrover,Rangerover,1992
4177,Landrover Rangerover 1994,Landrover,Rangerover,1994
4178,Landrover Rangerover 1997,Landrover,Rangerover,1997
4179,Landrover Rangerover 1998,Landrover,Rangerover,1998
4180,Landrover Rangerover 1999,Landrover,Rangerover,1999
4181,Landrover Rangerover 2000,Landrover,Rangerover,2000
4182,Landrover Rangerover 2002,Landrover,Rangerover,2002
4183,Landrover Rangerover 2003,Landrover,Rangerover,2003
4184,Landrover Rangerover 2004,Landrover,Rangerover,2004
4185,Landrover Rangerover 2005,Landrover,Rangerover,2005
4186,Landrover Rangerover 2006,Landrover,Rangerover,2006
4187,Landrover Rangerover 2007,Landrover,Rangerover,2007
4188,Landrover Rangerover 2008,Landrover,Rangerover,2008
4189,Landrover Rangerover 2009,Landrover,Rangerover,2009
4190,Landrover Rangerover 2011,Landrover,Rangerover,2011
4191,Landrover Rangerover 2012,Landrover,Rangerover,2012
4192,Landrover Rangerover 2013,Landrover,Rangerover,2013
4193,Landrover Rangerover 2015,Landrover,Rangerover,2015
4194,Lexus Ct 2011,Lexus,Ct,2011
4195,Lexus Ct 2012,Lexus,Ct,2012
4196,Lexus Ct 2013,Lexus,Ct,2013
4197,Lexus Es300 1992,Lexus,Es300,1992
4198,Lexus Es300 1993,Lexus,Es300,1993
4199,Lexus Es300 1994,Lexus,Es300,1994
4200,Lexus Es300 1995,Lexus,Es300,1995
4201,Lexus Es300 1996,Lexus,Es300,1996
4202,Lexus Es300 1997,Lexus,Es300,1997
4203,Lexus Es300 1998,Lexus,Es300,1998
4204,Lexus Es300 1999,Lexus,Es300,1999
4205,Lexus Es300 2000,Lexus,Es300,2000
4206,Lexus Es300 2001,Lexus,Es300,2001
4207,Lexus Es300 2002,Lexus,Es300,2002
4208,Lexus Es300 2003,Lexus,Es300,2003
4209,Lexus Es300 2013,Lexus,Es300,2013
4210,Lexus Es330 2004,Lexus,Es330,2004
4211,Lexus Es330 2005,Lexus,Es330,2005
4212,Lexus Es330 2006,Lexus,Es330,2006
4213,Lexus Es350 2005,Lexus,Es350,2005
4214,Lexus Es350 2007,Lexus,Es350,2007
4215,Lexus Es350 2008,Lexus,Es350,2008
4216,Lexus Es350 2009,Lexus,Es350,2009
4217,Lexus Es350 2010,Lexus,Es350,2010
4218,Lexus Es350 2013,Lexus,Es350,2013
4219,Lexus Es350 2015,Lexus,Es350,2015
4220,Lexus Gs300 1993,Lexus,Gs300,1993
4221,Lexus Gs300 1994,Lexus,Gs300,1994
4222,Lexus Gs300 1995,Lexus,Gs300,1995
4223,Lexus Gs300 1998,Lexus,Gs300,1998
4224,Lexus Gs300 1999,Lexus,Gs300,1999
4225,Lexus Gs300 2000,Lexus,Gs300,2000
4226,Lexus Gs300 2001,Lexus,Gs300,2001
4227,Lexus Gs300 2002,Lexus,Gs300,2002
4228,Lexus Gs300 2003,Lexus,Gs300,2003
4229,Lexus Gs300 2004,Lexus,Gs300,2004
4230,Lexus Gs300 2005,Lexus,Gs300,2005
4231,Lexus Gs300 2006,Lexus,Gs300,2006
4232,Lexus Gs300 2007,Lexus,Gs300,2007
4233,Lexus Gs300 2013,Lexus,Gs300,2013
4234,Lexus Gs350 2007,Lexus,Gs350,2007
4235,Lexus Gs350 2008,Lexus,Gs350,2008
4236,Lexus Gs350 2010,Lexus,Gs350,2010
4237,Lexus Gs350 2013,Lexus,Gs350,2013
4238,Lexus Gs400 1998,Lexus,Gs400,1998
4239,Lexus Gs400 1999,Lexus,Gs400,1999
4240,Lexus Gs400 2000,Lexus,Gs400,2000
4241,Lexus Gs430 2001,Lexus,Gs430,2001
4242,Lexus Gs430 2002,Lexus,Gs430,2002
4243,Lexus Gs430 2003,Lexus,Gs430,2003
4244,Lexus Gs430 2005,Lexus,Gs430,2005
4245,Lexus Gs430 2006,Lexus,Gs430,2006
4246,Lexus Gs450 2011,Lexus,Gs450,2011
4247,Lexus Gs460 2008,Lexus,Gs460,2008
4248,Lexus Gx450 2003,Lexus,Gx450,2003
4249,Lexus Gx460 2012,Lexus,Gx460,2012
4250,Lexus Gx470 2003,Lexus,Gx470,2003
4251,Lexus Gx470 2004,Lexus,Gx470,2004
4252,Lexus Gx470 2005,Lexus,Gx470,2005
4253,Lexus Gx470 2006,Lexus,Gx470,2006
4254,Lexus Gx470 2007,Lexus,Gx470,2007
4255,Lexus Gx470 2008,Lexus,Gx470,2008
4256,Lexus Gx470 2009,Lexus,Gx470,2009
4257,Lexus Hs250H 2010,Lexus,Hs250H,2010
4258,Lexus Hs250H 2011,Lexus,Hs250H,2011
4259,Lexus Is200 2016,Lexus,Is200,2016
4260,Lexus Is250 2006,Lexus,Is250,2006
4261,Lexus Is250 2007,Lexus,Is250,2007
4262,Lexus Is250 2008,Lexus,Is250,2008
4263,Lexus Is250 2009,Lexus,Is250,2009
4264,Lexus Is250 2010,Lexus,Is250,2010
4265,Lexus Is250 2011,Lexus,Is250,2011
4266,Lexus Is250 2012,Lexus,Is250,2012
4267,Lexus Is250 2013,Lexus,Is250,2013
4268,Lexus Is250 2014,Lexus,Is250,2014
4269,Lexus Is250 2015,Lexus,Is250,2015
4270,Lexus Is300 2001,Lexus,Is300,2001
4271,Lexus Is300 2002,Lexus,Is300,2002
4272,Lexus Is300 2003,Lexus,Is300,2003
4273,Lexus Is300 2004,Lexus,Is300,2004
4274,Lexus Is300 2005,Lexus,Is300,2005
4275,Lexus Is350 2006,Lexus,Is350,2006
4276,Lexus Is350 2007,Lexus,Is350,2007
4277,Lexus Is350 2008,Lexus,Is350,2008
4278,Lexus Is350 2009,Lexus,Is350,2009
4279,Lexus Is350 2010,Lexus,Is350,2010
4280,Lexus Is350 2015,Lexus,Is350,2015
4281,Lexus Ls400 1990,Lexus,Ls400,1990
4282,Lexus Ls400 1991,Lexus,Ls400,1991
4283,Lexus Ls400 1992,Lexus,Ls400,1992
4284,Lexus Ls400 1993,Lexus,Ls400,1993
4285,Lexus Ls400 1994,Lexus,Ls400,1994
4286,Lexus Ls400 1995,Lexus,Ls400,1995
4287,Lexus Ls400 1996,Lexus,Ls400,1996
4288,Lexus Ls400 1997,Lexus,Ls400,1997
4289,Lexus Ls400 1998,Lexus,Ls400,1998
4290,Lexus Ls400 1999,Lexus,Ls400,1999
4291,Lexus Ls400 2000,Lexus,Ls400,2000
4292,Lexus Ls400 2002,Lexus,Ls400,2002
4293,Lexus Ls430 2001,Lexus,Ls430,2001
4294,Lexus Ls430 2002,Lexus,Ls430,2002
4295,Lexus Ls430 2003,Lexus,Ls430,2003
4296,Lexus Ls430 2004,Lexus,Ls430,2004
4297,Lexus Ls430 2005,Lexus,Ls430,2005
4298,Lexus Ls430 2006,Lexus,Ls430,2006
4299,Lexus Ls460 2007,Lexus,Ls460,2007
4300,Lexus Ls460 2008,Lexus,Ls460,2008
4301,Lexus Ls460 2009,Lexus,Ls460,2009
4302,Lexus Ls460 2010,Lexus,Ls460,2010
4303,Lexus Ls460 2011,Lexus,Ls460,2011
4304,Lexus Lx450 1997,Lexus,Lx450,1997
4305,Lexus Lx470 1998,Lexus,Lx470,1998
4306,Lexus Lx470 1999,Lexus,Lx470,1999
4307,Lexus Lx470 2000,Lexus,Lx470,2000
4308,Lexus Lx470 2003,Lexus,Lx470,2003
4309,Lexus Lx470 2004,Lexus,Lx470,2004
4310,Lexus Lx470 2005,Lexus,Lx470,2005
4311,Lexus Lx470 2006,Lexus,Lx470,2006
4312,Lexus Lx570 2011,Lexus,Lx570,2011
4313,Lexus Lx570 2013,Lexus,Lx570,2013
4314,Lexus Lx570 2015,Lexus,Lx570,2015
4315,Lexus Nx200T 2015,Lexus,Nx200T,2015
4316,Lexus Rx300 1999,Lexus,Rx300,1999
4317,Lexus Rx300 2000,Lexus,Rx300,2000
4318,Lexus Rx300 2001,Lexus,Rx300,2001
4319,Lexus Rx300 2002,Lexus,Rx300,2002
4320,Lexus Rx300 2003,Lexus,Rx300,2003
4321,Lexus Rx330 2004,Lexus,Rx330,2004
4322,Lexus Rx330 2005,Lexus,Rx330,2005
4323,Lexus Rx330 2006,Lexus,Rx330,2006
4324,Lexus Rx350 2001,Lexus,Rx350,2001
4325,Lexus Rx350 2007,Lexus,Rx350,2007
4326,Lexus Rx350 2008,Lexus,Rx350,2008
4327,Lexus Rx350 2010,Lexus,Rx350,2010
4328,Lexus Rx350 2013,Lexus,Rx350,2013
4329,Lexus Rx400H 2006,Lexus,Rx400H,2006
4330,Lexus Rx400H 2007,Lexus,Rx400H,2007
4331,Lexus Rx400H 2008,Lexus,Rx400H,2008
4332,Lexus Sc300 1992,Lexus,Sc300,1992
4333,Lexus Sc300 1993,Lexus,Sc300,1993
4334,Lexus Sc300 1994,Lexus,Sc300,1994
4335,Lexus Sc300 1995,Lexus,Sc300,1995
4336,Lexus Sc300 1996,Lexus,Sc300,1996
4337,Lexus Sc300 1997,Lexus,Sc300,1997
4338,Lexus Sc300 1998,Lexus,Sc300,1998
4339,Lexus Sc300 1999,Lexus,Sc300,1999
4340,Lexus Sc400 1992,Lexus,Sc400,1992
4341,Lexus Sc400 1993,Lexus,Sc400,1993
4342,Lexus Sc400 1994,Lexus,Sc400,1994
4343,Lexus Sc400 1995,Lexus,Sc400,1995
4344,Lexus Sc400 1996,Lexus,Sc400,1996
4345,Lexus Sc400 1998,Lexus,Sc400,1998
4346,Lexus Sc400 1999,Lexus,Sc400,1999
4347,Lexus Sc430 2002,Lexus,Sc430,2002
4348,Lexus Sc430 2003,Lexus,Sc430,2003
4349,Lexus Sc430 2004,Lexus,Sc430,2004
4350,Lexus Sc430 2005,Lexus,Sc430,2005
4351,Lexus Sc430 2006,Lexus,Sc430,2006
4352,Lexus Sc430 2008,Lexus,Sc430,2008
4353,Lincoln Aviator 2003,Lincoln,Aviator,2003
4354,Lincoln Aviator 2004,Lincoln,Aviator,2004
4355,Lincoln Aviator 2005,Lincoln,Aviator,2005
4356,Lincoln Blackwood 2002,Lincoln,Blackwood,2002
4357,Lincoln Continental 1942,Lincoln,Continental,1942
4358,Lincoln Continental 1959,Lincoln,Continental,1959
4359,Lincoln Continental 1960,Lincoln,Continental,1960
4360,Lincoln Continental 1966,Lincoln,Continental,1966
4361,Lincoln Continental 1967,Lincoln,Continental,1967
4362,Lincoln Continental 1970,Lincoln,Continental,1970
4363,Lincoln Continental 1973,Lincoln,Continental,1973
4364,Lincoln Continental 1976,Lincoln,Continental,1976
4365,Lincoln Continental 1979,Lincoln,Continental,1979
4366,Lincoln Continental 1985,Lincoln,Continental,1985
4367,Lincoln Continental 1992,Lincoln,Continental,1992
4368,Lincoln Continental 1994,Lincoln,Continental,1994
4369,Lincoln Continental 1995,Lincoln,Continental,1995
4370,Lincoln Continental 1996,Lincoln,Continental,1996
4371,Lincoln Continental 1997,Lincoln,Continental,1997
4372,Lincoln Continental 1998,Lincoln,Continental,1998
4373,Lincoln Continental 1999,Lincoln,Continental,1999
4374,Lincoln Continental 2000,Lincoln,Continental,2000
4375,Lincoln Continental 2001,Lincoln,Continental,2001
4376,Lincoln Continental 2002,Lincoln,Continental,2002
4377,Lincoln Ls 2000,Lincoln,Ls,2000
4378,Lincoln Ls 2001,Lincoln,Ls,2001
4379,Lincoln Ls 2002,Lincoln,Ls,2002
4380,Lincoln Ls 2003,Lincoln,Ls,2003
4381,Lincoln Ls 2004,Lincoln,Ls,2004
4382,Lincoln Ls 2005,Lincoln,Ls,2005
4383,Lincoln Ls 2006,Lincoln,Ls,2006
4384,Lincoln Mark Iii 1970,Lincoln,Mark Iii,1970
4385,Lincoln Mark Iv 1973,Lincoln,Mark Iv,1973
4386,Lincoln Mark Iv 1974,Lincoln,Mark Iv,1974
4387,Lincoln Mark V 1977,Lincoln,Mark V,1977
4388,Lincoln Mark V 1979,Lincoln,Mark V,1979
4389,Lincoln Mark Vi 1983,Lincoln,Mark Vi,1983
4390,Lincoln Mark Vii 1984,Lincoln,Mark Vii,1984
4391,Lincoln Mark Vii 1988,Lincoln,Mark Vii,1988
4392,Lincoln Mark Vii 1991,Lincoln,Mark Vii,1991
4393,Lincoln Mark Viii 1993,Lincoln,Mark Viii,1993
4394,Lincoln Mark Viii 1994,Lincoln,Mark Viii,1994
4395,Lincoln Mark Viii 1995,Lincoln,Mark Viii,1995
4396,Lincoln Mark Viii 1996,Lincoln,Mark Viii,1996
4397,Lincoln Mark Viii 1997,Lincoln,Mark Viii,1997
4398,Lincoln Mark Viii 1998,Lincoln,Mark Viii,1998
4399,Lincoln Mks 2009,Lincoln,Mks,2009
4400,Lincoln Mks 2010,Lincoln,Mks,2010
4401,Lincoln Mks 2011,Lincoln,Mks,2011
4402,Lincoln Mks 2013,Lincoln,Mks,2013
4403,Lincoln Mks 2014,Lincoln,Mks,2014
4404,Lincoln Mkt 2010,Lincoln,Mkt,2010
4405,Lincoln Mkx 2007,Lincoln,Mkx,2007
4406,Lincoln Mkx 2008,Lincoln,Mkx,2008
4407,Lincoln Mkx 2009,Lincoln,Mkx,2009
4408,Lincoln Mkx 2010,Lincoln,Mkx,2010
4409,Lincoln Mkx 2011,Lincoln,Mkx,2011
4410,Lincoln Mkx 2012,Lincoln,Mkx,2012
4411,Lincoln Mkx 2013,Lincoln,Mkx,2013
4412,Lincoln Mkz 2007,Lincoln,Mkz,2007
4413,Lincoln Mkz 2008,Lincoln,Mkz,2008
4414,Lincoln Mkz 2009,Lincoln,Mkz,2009
4415,Lincoln Mkz 2010,Lincoln,Mkz,2010
4416,Lincoln Mkz 2013,Lincoln,Mkz,2013
4417,Lincoln Mkz 2014,Lincoln,Mkz,2014
4418,Lincoln Navigator 1998,Lincoln,Navigator,1998
4419,Lincoln Navigator 1999,Lincoln,Navigator,1999
4420,Lincoln Navigator 2000,Lincoln,Navigator,2000
4421,Lincoln Navigator 2001,Lincoln,Navigator,2001
4422,Lincoln Navigator 2002,Lincoln,Navigator,2002
4423,Lincoln Navigator 2003,Lincoln,Navigator,2003
4424,Lincoln Navigator 2004,Lincoln,Navigator,2004
4425,Lincoln Navigator 2005,Lincoln,Navigator,2005
4426,Lincoln Navigator 2006,Lincoln,Navigator,2006
4427,Lincoln Navigator 2007,Lincoln,Navigator,2007
4428,Lincoln Navigator 2008,Lincoln,Navigator,2008
4429,Lincoln Navigator 2010,Lincoln,Navigator,2010
4430,Lincoln Navigator 2011,Lincoln,Navigator,2011
4431,Lincoln Premiere 1956,Lincoln,Premiere,1956
4432,Lincoln Premiere 1957,Lincoln,Premiere,1957
4433,Lincoln Towncar 1979,Lincoln,Towncar,1979
4434,Lincoln Towncar 1984,Lincoln,Towncar,1984
4435,Lincoln Towncar 1985,Lincoln,Towncar,1985
4436,Lincoln Towncar 1986,Lincoln,Towncar,1986
4437,Lincoln Towncar 1987,Lincoln,Towncar,1987
4438,Lincoln Towncar 1988,Lincoln,Towncar,1988
4439,Lincoln Towncar 1989,Lincoln,Towncar,1989
4440,Lincoln Towncar 1990,Lincoln,Towncar,1990
4441,Lincoln Towncar 1991,Lincoln,Towncar,1991
4442,Lincoln Towncar 1992,Lincoln,Towncar,1992
4443,Lincoln Towncar 1993,Lincoln,Towncar,1993
4444,Lincoln Towncar 1994,Lincoln,Towncar,1994
4445,Lincoln Towncar 1995,Lincoln,Towncar,1995
4446,Lincoln Towncar 1996,Lincoln,Towncar,1996
4447,Lincoln Towncar 1997,Lincoln,Towncar,1997
4448,Lincoln Towncar 1998,Lincoln,Towncar,1998
4449,Lincoln Towncar 1999,Lincoln,Towncar,1999
4450,Lincoln Towncar 2000,Lincoln,Towncar,2000
4451,Lincoln Towncar 2001,Lincoln,Towncar,2001
4452,Lincoln Towncar 2002,Lincoln,Towncar,2002
4453,Lincoln Towncar 2003,Lincoln,Towncar,2003
4454,Lincoln Towncar 2004,Lincoln,Towncar,2004
4455,Lincoln Towncar 2005,Lincoln,Towncar,2005
4456,Lincoln Towncar 2006,Lincoln,Towncar,2006
4457,Lincoln Towncar 2007,Lincoln,Towncar,2007
4458,Lincoln Towncar 2008,Lincoln,Towncar,2008
4459,Lincoln Towncar 2009,Lincoln,Towncar,2009
4460,Lincoln Towncar 2010,Lincoln,Towncar,2010
4461,Lincoln Towncar 2011,Lincoln,Towncar,2011
4462,Lincoln Zephyr 2006,Lincoln,Zephyr,2006
4463,Lotus Elise 2005,Lotus,Elise,2005
4464,Lotus Esprit 1983,Lotus,Esprit,1983
4465,Maserati Biturbo 1985,Maserati,Biturbo,1985
4466,Maserati Ghibli 2014,Maserati,Ghibli,2014
4467,Maserati Granturismo 2008,Maserati,Granturismo,2008
4468,Maserati Quattroporte 2005,Maserati,Quattroporte,2005
4469,Maserati Quattroporte 2006,Maserati,Quattroporte,2006
4470,Maserati Quattroporte 2007,Maserati,Quattroporte,2007
4471,Maserati Quattroporte 2008,Maserati,Quattroporte,2008
4472,Maserati Spyder 2002,Maserati,Spyder,2002
4473,Maserati Spyder 2005,Maserati,Spyder,2005
4474,Mazda 2 2011,Mazda,2,2011
4475,Mazda 2 2012,Mazda,2,2012
4476,Mazda 2 2013,Mazda,2,2013
4477,Mazda 2 2014,Mazda,2,2014
4478,Mazda 323 1989,Mazda,323,1989
4479,Mazda 323 1990,Mazda,323,1990
4480,Mazda 3 2003,Mazda,3,2003
4481,Mazda 3 2004,Mazda,3,2004
4482,Mazda 3 2005,Mazda,3,2005
4483,Mazda 3 2006,Mazda,3,2006
4484,Mazda 3 2007,Mazda,3,2007
4485,Mazda 3 2008,Mazda,3,2008
4486,Mazda 3 2009,Mazda,3,2009
4487,Mazda 3 2010,Mazda,3,2010
4488,Mazda 3 2011,Mazda,3,2011
4489,Mazda 3 2012,Mazda,3,2012
4490,Mazda 3 2013,Mazda,3,2013
4491,Mazda 3 2014,Mazda,3,2014
4492,Mazda 3 2015,Mazda,3,2015
4493,Mazda 3 2016,Mazda,3,2016
4494,Mazda 3 Hatchback 2004,Mazda,3 Hatchback,2004
4495,Mazda 3 Hatchback 2005,Mazda,3 Hatchback,2005
4496,Mazda 3 Hatchback 2006,Mazda,3 Hatchback,2006
4497,Mazda 3 Hatchback 2007,Mazda,3 Hatchback,2007
4498,Mazda 3 Hatchback 2008,Mazda,3 Hatchback,2008
4499,Mazda 3 Hatchback 2010,Mazda,3 Hatchback,2010
4500,Mazda 3 Hatchback 2011,Mazda,3 Hatchback,2011
4501,Mazda 3 Hatchback 2012,Mazda,3 Hatchback,2012
4502,Mazda 3 Hatchback 2013,Mazda,3 Hatchback,2013
4503,Mazda 3 Hatchback 2014,Mazda,3 Hatchback,2014
4504,Mazda 5 2006,Mazda,5,2006
4505,Mazda 5 2007,Mazda,5,2007
4506,Mazda 5 2008,Mazda,5,2008
4507,Mazda 5 2009,Mazda,5,2009
4508,Mazda 5 2010,Mazda,5,2010
4509,Mazda 5 2012,Mazda,5,2012
4510,Mazda 5 2013,Mazda,5,2013
4511,Mazda 626 1989,Mazda,626,1989
4512,Mazda 626 1990,Mazda,626,1990
4513,Mazda 626 1994,Mazda,626,1994
4514,Mazda 626 1995,Mazda,626,1995
4515,Mazda 626 1996,Mazda,626,1996
4516,Mazda 626 1997,Mazda,626,1997
4517,Mazda 626 1998,Mazda,626,1998
4518,Mazda 626 1999,Mazda,626,1999
4519,Mazda 626 2000,Mazda,626,2000
4520,Mazda 626 2001,Mazda,626,2001
4521,Mazda 626 2002,Mazda,626,2002
4522,Mazda 6 2003,Mazda,6,2003
4523,Mazda 6 2004,Mazda,6,2004
4524,Mazda 6 2005,Mazda,6,2005
4525,Mazda 6 2006,Mazda,6,2006
4526,Mazda 6 2007,Mazda,6,2007
4527,Mazda 6 2008,Mazda,6,2008
4528,Mazda 6 2009,Mazda,6,2009
4529,Mazda 6 2010,Mazda,6,2010
4530,Mazda 6 2011,Mazda,6,2011
4531,Mazda 6 2012,Mazda,6,2012
4532,Mazda 6 2013,Mazda,6,2013
4533,Mazda 6 2014,Mazda,6,2014
4534,Mazda 6 2015,Mazda,6,2015
4535,Mazda 6 Wagon 2004,Mazda,6 Wagon,2004
4536,Mazda 6 Wagon 2005,Mazda,6 Wagon,2005
4537,Mazda 929 1994,Mazda,929,1994
4538,Mazda B2000 1986,Mazda,B2000,1986
4539,Mazda B2000 1987,Mazda,B2000,1987
4540,Mazda B2200 1986,Mazda,B2200,1986
4541,Mazda B2200 1990,Mazda,B2200,1990
4542,Mazda B2200 1991,Mazda,B2200,1991
4543,Mazda B2200 1992,Mazda,B2200,1992
4544,Mazda B2200 1993,Mazda,B2200,1993
4545,Mazda B2300 1994,Mazda,B2300,1994
4546,Mazda B2300 1995,Mazda,B2300,1995
4547,Mazda B2300 1996,Mazda,B2300,1996
4548,Mazda B2300 1997,Mazda,B2300,1997
4549,Mazda B2300 2002,Mazda,B2300,2002
4550,Mazda B2300 2004,Mazda,B2300,2004
4551,Mazda B2300 2005,Mazda,B2300,2005
4552,Mazda B2300 2008,Mazda,B2300,2008
4553,Mazda B2500 1998,Mazda,B2500,1998
4554,Mazda B2500 2000,Mazda,B2500,2000
4555,Mazda B2600 1990,Mazda,B2600,1990
4556,Mazda B2600 1993,Mazda,B2600,1993
4557,Mazda B3000 1994,Mazda,B3000,1994
4558,Mazda B3000 1999,Mazda,B3000,1999
4559,Mazda B3000 2000,Mazda,B3000,2000
4560,Mazda B3000 2001,Mazda,B3000,2001
4561,Mazda B3000 2002,Mazda,B3000,2002
4562,Mazda B3000 2006,Mazda,B3000,2006
4563,Mazda B3000 2008,Mazda,B3000,2008
4564,Mazda B4000 1994,Mazda,B4000,1994
4565,Mazda B4000 1995,Mazda,B4000,1995
4566,Mazda B4000 1998,Mazda,B4000,1998
4567,Mazda B4000 1999,Mazda,B4000,1999
4568,Mazda B4000 2003,Mazda,B4000,2003
4569,Mazda Cx5 2013,Mazda,Cx5,2013
4570,Mazda Cx5 2014,Mazda,Cx5,2014
4571,Mazda Cx7 2007,Mazda,Cx7,2007
4572,Mazda Cx7 2008,Mazda,Cx7,2008
4573,Mazda Cx7 2009,Mazda,Cx7,2009
4574,Mazda Cx7 2010,Mazda,Cx7,2010
4575,Mazda Cx7 2011,Mazda,Cx7,2011
4576,Mazda Cx9 2007,Mazda,Cx9,2007
4577,Mazda Cx9 2008,Mazda,Cx9,2008
4578,Mazda Cx9 2010,Mazda,Cx9,2010
4579,Mazda Cx9 2011,Mazda,Cx9,2011
4580,Mazda Cx9 2012,Mazda,Cx9,2012
4581,Mazda Millenia 1995,Mazda,Millenia,1995
4582,Mazda Millenia 1997,Mazda,Millenia,1997
4583,Mazda Millenia 1998,Mazda,Millenia,1998
4584,Mazda Millenia 1999,Mazda,Millenia,1999
4585,Mazda Millenia 2000,Mazda,Millenia,2000
4586,Mazda Millenia 2001,Mazda,Millenia,2001
4587,Mazda Millenia 2002,Mazda,Millenia,2002
4588,Mazda Mpv 1991,Mazda,Mpv,1991
4589,Mazda Mpv 1992,Mazda,Mpv,1992
4590,Mazda Mpv 1993,Mazda,Mpv,1993
4591,Mazda Mpv 1994,Mazda,Mpv,1994
4592,Mazda Mpv 1998,Mazda,Mpv,1998
4593,Mazda Mpv 2000,Mazda,Mpv,2000
4594,Mazda Mpv 2001,Mazda,Mpv,2001
4595,Mazda Mpv 2002,Mazda,Mpv,2002
4596,Mazda Mpv 2003,Mazda,Mpv,2003
4597,Mazda Mpv 2004,Mazda,Mpv,2004
4598,Mazda Mpv 2005,Mazda,Mpv,2005
4599,Mazda Mpv 2006,Mazda,Mpv,2006
4600,Mazda Mx3 1992,Mazda,Mx3,1992
4601,Mazda Mx3 1993,Mazda,Mx3,1993
4602,Mazda Mx3 1994,Mazda,Mx3,1994
4603,Mazda Mx3 2004,Mazda,Mx3,2004
4604,Mazda Mx3 2012,Mazda,Mx3,2012
4605,Mazda Mx5 Miata 1990,Mazda,Mx5 Miata,1990
4606,Mazda Mx5 Miata 1991,Mazda,Mx5 Miata,1991
4607,Mazda Mx5 Miata 1992,Mazda,Mx5 Miata,1992
4608,Mazda Mx5 Miata 1993,Mazda,Mx5 Miata,1993
4609,Mazda Mx5 Miata 1994,Mazda,Mx5 Miata,1994
4610,Mazda Mx5 Miata 1995,Mazda,Mx5 Miata,1995
4611,Mazda Mx5 Miata 1996,Mazda,Mx5 Miata,1996
4612,Mazda Mx5 Miata 1997,Mazda,Mx5 Miata,1997
4613,Mazda Mx5 Miata 1998,Mazda,Mx5 Miata,1998
4614,Mazda Mx5 Miata 1999,Mazda,Mx5 Miata,1999
4615,Mazda Mx5 Miata 2000,Mazda,Mx5 Miata,2000
4616,Mazda Mx5 Miata 2001,Mazda,Mx5 Miata,2001
4617,Mazda Mx5 Miata 2002,Mazda,Mx5 Miata,2002
4618,Mazda Mx5 Miata 2003,Mazda,Mx5 Miata,2003
4619,Mazda Mx5 Miata 2004,Mazda,Mx5 Miata,2004
4620,Mazda Mx5 Miata 2005,Mazda,Mx5 Miata,2005
4621,Mazda Mx5 Miata 2006,Mazda,Mx5 Miata,2006
4622,Mazda Mx5 Miata 2007,Mazda,Mx5 Miata,2007
4623,Mazda Mx5 Miata 2008,Mazda,Mx5 Miata,2008
4624,Mazda Mx5 Miata 2009,Mazda,Mx5 Miata,2009
4625,Mazda Mx5 Miata 2010,Mazda,Mx5 Miata,2010
4626,Mazda Mx5 Miata 2011,Mazda,Mx5 Miata,2011
4627,Mazda Mx5 Miata 2016,Mazda,Mx5 Miata,2016
4628,Mazda Mx6 1988,Mazda,Mx6,1988
4629,Mazda Mx6 1993,Mazda,Mx6,1993
4630,Mazda Mx6 1994,Mazda,Mx6,1994
4631,Mazda Mx6 1995,Mazda,Mx6,1995
4632,Mazda Mx6 1996,Mazda,Mx6,1996
4633,Mazda Mx6 2003,Mazda,Mx6,2003
4634,Mazda Mx6 2004,Mazda,Mx6,2004
4635,Mazda Mx6 2005,Mazda,Mx6,2005
4636,Mazda Mx6 2006,Mazda,Mx6,2006
4637,Mazda Mx6 2014,Mazda,Mx6,2014
4638,Mazda Protege 1990,Mazda,Protege,1990
4639,Mazda Protege 1992,Mazda,Protege,1992
4640,Mazda Protege 1993,Mazda,Protege,1993
4641,Mazda Protege 1994,Mazda,Protege,1994
4642,Mazda Protege 1995,Mazda,Protege,1995
4643,Mazda Protege 1996,Mazda,Protege,1996
4644,Mazda Protege 1997,Mazda,Protege,1997
4645,Mazda Protege 1998,Mazda,Protege,1998
4646,Mazda Protege 1999,Mazda,Protege,1999
4647,Mazda Protege 2000,Mazda,Protege,2000
4648,Mazda Protege 2001,Mazda,Protege,2001
4649,Mazda Protege 2002,Mazda,Protege,2002
4650,Mazda Protege 2003,Mazda,Protege,2003
4651,Mazda Protege 2004,Mazda,Protege,2004
4652,Mazda Rx7 1979,Mazda,Rx7,1979
4653,Mazda Rx7 1982,Mazda,Rx7,1982
4654,Mazda Rx7 1983,Mazda,Rx7,1983
4655,Mazda Rx7 1985,Mazda,Rx7,1985
4656,Mazda Rx7 1986,Mazda,Rx7,1986
4657,Mazda Rx7 1987,Mazda,Rx7,1987
4658,Mazda Rx7 1988,Mazda,Rx7,1988
4659,Mazda Rx7 1989,Mazda,Rx7,1989
4660,Mazda Rx7 1990,Mazda,Rx7,1990
4661,Mazda Rx7 1991,Mazda,Rx7,1991
4662,Mazda Rx7 1993,Mazda,Rx7,1993
4663,Mazda Rx7 1994,Mazda,Rx7,1994
4664,Mazda Rx8 2004,Mazda,Rx8,2004
4665,Mazda Rx8 2005,Mazda,Rx8,2005
4666,Mazda Rx8 2006,Mazda,Rx8,2006
4667,Mazda Rx8 2007,Mazda,Rx8,2007
4668,Mazda Rx8 2008,Mazda,Rx8,2008
4669,Mazda Rx8 2009,Mazda,Rx8,2009
4670,Mazda Rx8 2014,Mazda,Rx8,2014
4671,Mazda Speed3 2007,Mazda,Speed3,2007
4672,Mazda Speed3 2008,Mazda,Speed3,2008
4673,Mazda Speed3 2009,Mazda,Speed3,2009
4674,Mazda Speed3 2010,Mazda,Speed3,2010
4675,Mazda Speed3 2011,Mazda,Speed3,2011
4676,Mazda Speed6 2006,Mazda,Speed6,2006
4677,Mazda Tribute 2000,Mazda,Tribute,2000
4678,Mazda Tribute 2001,Mazda,Tribute,2001
4679,Mazda Tribute 2002,Mazda,Tribute,2002
4680,Mazda Tribute 2003,Mazda,Tribute,2003
4681,Mazda Tribute 2004,Mazda,Tribute,2004
4682,Mazda Tribute 2005,Mazda,Tribute,2005
4683,Mazda Tribute 2006,Mazda,Tribute,2006
4684,Mazda Tribute 2008,Mazda,Tribute,2008
4685,Mazda Tribute 2009,Mazda,Tribute,2009
4686,Mercedes Benz 190 1985,Mercedes,Benz 190,1985
4687,Mercedes Benz 190D 1987,Mercedes,Benz 190D,1987
4688,Mercedes Benz 220D 1971,Mercedes,Benz 220D,1971
4689,Mercedes Benz 240D 1979,Mercedes,Benz 240D,1979
4690,Mercedes Benz 240D 1982,Mercedes,Benz 240D,1982
4691,Mercedes Benz 240D 1983,Mercedes,Benz 240D,1983
4692,Mercedes Benz 300D 1976,Mercedes,Benz 300D,1976
4693,Mercedes Benz 300D 1978,Mercedes,Benz 300D,1978
4694,Mercedes Benz 300D 1983,Mercedes,Benz 300D,1983
4695,Mercedes Benz 300D 1984,Mercedes,Benz 300D,1984
4696,Mercedes Benz 300D 1985,Mercedes,Benz 300D,1985
4697,Mercedes Benz 300D 1987,Mercedes,Benz 300D,1987
4698,Mercedes Benz 300D 1991,Mercedes,Benz 300D,1991
4699,Mercedes Benz 300D 1993,Mercedes,Benz 300D,1993
4700,Mercedes Benz B200 2008,Mercedes,Benz B200,2008
4701,Mercedes Benz B200 2009,Mercedes,Benz B200,2009
4702,Mercedes Benz B200T 2006,Mercedes,Benz B200T,2006
4703,Mercedes Benz C220 1994,Mercedes,Benz C220,1994
4704,Mercedes Benz C220 1995,Mercedes,Benz C220,1995
4705,Mercedes Benz C220 1996,Mercedes,Benz C220,1996
4706,Mercedes Benz C230 1997,Mercedes,Benz C230,1997
4707,Mercedes Benz C230 1998,Mercedes,Benz C230,1998
4708,Mercedes Benz C230 1999,Mercedes,Benz C230,1999
4709,Mercedes Benz C230 2000,Mercedes,Benz C230,2000
4710,Mercedes Benz C230 2002,Mercedes,Benz C230,2002
4711,Mercedes Benz C230 2003,Mercedes,Benz C230,2003
4712,Mercedes Benz C230 2004,Mercedes,Benz C230,2004
4713,Mercedes Benz C230 2005,Mercedes,Benz C230,2005
4714,Mercedes Benz C230 2006,Mercedes,Benz C230,2006
4715,Mercedes Benz C230 2007,Mercedes,Benz C230,2007
4716,Mercedes Benz C230 2013,Mercedes,Benz C230,2013
4717,Mercedes Benz C240 2001,Mercedes,Benz C240,2001
4718,Mercedes Benz C240 2002,Mercedes,Benz C240,2002
4719,Mercedes Benz C240 2003,Mercedes,Benz C240,2003
4720,Mercedes Benz C240 2004,Mercedes,Benz C240,2004
4721,Mercedes Benz C240 2005,Mercedes,Benz C240,2005
4722,Mercedes Benz C250 2012,Mercedes,Benz C250,2012
4723,Mercedes Benz C250 2013,Mercedes,Benz C250,2013
4724,Mercedes Benz C250 2014,Mercedes,Benz C250,2014
4725,Mercedes Benz C250 2015,Mercedes,Benz C250,2015
4726,Mercedes Benz C280 1994,Mercedes,Benz C280,1994
4727,Mercedes Benz C280 1995,Mercedes,Benz C280,1995
4728,Mercedes Benz C280 1996,Mercedes,Benz C280,1996
4729,Mercedes Benz C280 1997,Mercedes,Benz C280,1997
4730,Mercedes Benz C280 1998,Mercedes,Benz C280,1998
4731,Mercedes Benz C280 1999,Mercedes,Benz C280,1999
4732,Mercedes Benz C280 2000,Mercedes,Benz C280,2000
4733,Mercedes Benz C280 2006,Mercedes,Benz C280,2006
4734,Mercedes Benz C280 2007,Mercedes,Benz C280,2007
4735,Mercedes Benz C300 1988,Mercedes,Benz C300,1988
4736,Mercedes Benz C300 2008,Mercedes,Benz C300,2008
4737,Mercedes Benz C300 2009,Mercedes,Benz C300,2009
4738,Mercedes Benz C300 2010,Mercedes,Benz C300,2010
4739,Mercedes Benz C300 2011,Mercedes,Benz C300,2011
4740,Mercedes Benz C300 2012,Mercedes,Benz C300,2012
4741,Mercedes Benz C300 2013,Mercedes,Benz C300,2013
4742,Mercedes Benz C300 2014,Mercedes,Benz C300,2014
4743,Mercedes Benz C320 1999,Mercedes,Benz C320,1999
4744,Mercedes Benz C320 2001,Mercedes,Benz C320,2001
4745,Mercedes Benz C320 2002,Mercedes,Benz C320,2002
4746,Mercedes Benz C320 2003,Mercedes,Benz C320,2003
4747,Mercedes Benz C320 2004,Mercedes,Benz C320,2004
4748,Mercedes Benz C320 2005,Mercedes,Benz C320,2005
4749,Mercedes Benz C32 2003,Mercedes,Benz C32,2003
4750,Mercedes Benz C350 2006,Mercedes,Benz C350,2006
4751,Mercedes Benz C350 2007,Mercedes,Benz C350,2007
4752,Mercedes Benz C350 2008,Mercedes,Benz C350,2008
4753,Mercedes Benz C350 2009,Mercedes,Benz C350,2009
4754,Mercedes Benz C350 2010,Mercedes,Benz C350,2010
4755,Mercedes Benz C55 2006,Mercedes,Benz C55,2006
4756,Mercedes Benz Cd300 1983,Mercedes,Benz Cd300,1983
4757,Mercedes Benz Ce300 1988,Mercedes,Benz Ce300,1988
4758,Mercedes Benz Ce300 1991,Mercedes,Benz Ce300,1991
4759,Mercedes Benz Ce300 1993,Mercedes,Benz Ce300,1993
4760,Mercedes Benz Cl500 2000,Mercedes,Benz Cl500,2000
4761,Mercedes Benz Cl500 2001,Mercedes,Benz Cl500,2001
4762,Mercedes Benz Cl500 2002,Mercedes,Benz Cl500,2002
4763,Mercedes Benz Cl500 2004,Mercedes,Benz Cl500,2004
4764,Mercedes Benz Cl500 2006,Mercedes,Benz Cl500,2006
4765,Mercedes Benz Cl600 2006,Mercedes,Benz Cl600,2006
4766,Mercedes Benz Cla250 2014,Mercedes,Benz Cla250,2014
4767,Mercedes Benz Clk240 2004,Mercedes,Benz Clk240,2004
4768,Mercedes Benz Clk320 1998,Mercedes,Benz Clk320,1998
4769,Mercedes Benz Clk320 1999,Mercedes,Benz Clk320,1999
4770,Mercedes Benz Clk320 2000,Mercedes,Benz Clk320,2000
4771,Mercedes Benz Clk320 2001,Mercedes,Benz Clk320,2001
4772,Mercedes Benz Clk320 2003,Mercedes,Benz Clk320,2003
4773,Mercedes Benz Clk320 2004,Mercedes,Benz Clk320,2004
4774,Mercedes Benz Clk320 2005,Mercedes,Benz Clk320,2005
4775,Mercedes Benz Clk350 2006,Mercedes,Benz Clk350,2006
4776,Mercedes Benz Clk350 2007,Mercedes,Benz Clk350,2007
4777,Mercedes Benz Clk350 2008,Mercedes,Benz Clk350,2008
4778,Mercedes Benz Clk350 2009,Mercedes,Benz Clk350,2009
4779,Mercedes Benz Clk430 1999,Mercedes,Benz Clk430,1999
4780,Mercedes Benz Clk430 2000,Mercedes,Benz Clk430,2000
4781,Mercedes Benz Clk430 2001,Mercedes,Benz Clk430,2001
4782,Mercedes Benz Clk430 2002,Mercedes,Benz Clk430,2002
4783,Mercedes Benz Clk500 2003,Mercedes,Benz Clk500,2003
4784,Mercedes Benz Clk500 2004,Mercedes,Benz Clk500,2004
4785,Mercedes Benz Clk500 2005,Mercedes,Benz Clk500,2005
4786,Mercedes Benz Clk500 2006,Mercedes,Benz Clk500,2006
4787,Mercedes Benz Clk550 2007,Mercedes,Benz Clk550,2007
4788,Mercedes Benz Clk55 2001,Mercedes,Benz Clk55,2001
4789,Mercedes Benz Clk55 2002,Mercedes,Benz Clk55,2002
4790,Mercedes Benz Clk55 2003,Mercedes,Benz Clk55,2003
4791,Mercedes Benz Clk55 2004,Mercedes,Benz Clk55,2004
4792,Mercedes Benz Cls500 2006,Mercedes,Benz Cls500,2006
4793,Mercedes Benz Cls500 2007,Mercedes,Benz Cls500,2007
4794,Mercedes Benz Cls550 2007,Mercedes,Benz Cls550,2007
4795,Mercedes Benz Cls550 2008,Mercedes,Benz Cls550,2008
4796,Mercedes Benz Cls550 2009,Mercedes,Benz Cls550,2009
4797,Mercedes Benz Cls550 2010,Mercedes,Benz Cls550,2010
4798,Mercedes Benz Cls550 2012,Mercedes,Benz Cls550,2012
4799,Mercedes Benz E190 1993,Mercedes,Benz E190,1993
4800,Mercedes Benz E300 1986,Mercedes,Benz E300,1986
4801,Mercedes Benz E300 1989,Mercedes,Benz E300,1989
4802,Mercedes Benz E300 1990,Mercedes,Benz E300,1990
4803,Mercedes Benz E300 1993,Mercedes,Benz E300,1993
4804,Mercedes Benz E300 1996,Mercedes,Benz E300,1996
4805,Mercedes Benz E300 1998,Mercedes,Benz E300,1998
4806,Mercedes Benz E300 1999,Mercedes,Benz E300,1999
4807,Mercedes Benz E300 2009,Mercedes,Benz E300,2009
4808,Mercedes Benz E320 1994,Mercedes,Benz E320,1994
4809,Mercedes Benz E320 1995,Mercedes,Benz E320,1995
4810,Mercedes Benz E320 1996,Mercedes,Benz E320,1996
4811,Mercedes Benz E320 1997,Mercedes,Benz E320,1997
4812,Mercedes Benz E320 1998,Mercedes,Benz E320,1998
4813,Mercedes Benz E320 1999,Mercedes,Benz E320,1999
4814,Mercedes Benz E320 2000,Mercedes,Benz E320,2000
4815,Mercedes Benz E320 2001,Mercedes,Benz E320,2001
4816,Mercedes Benz E320 2002,Mercedes,Benz E320,2002
4817,Mercedes Benz E320 2003,Mercedes,Benz E320,2003
4818,Mercedes Benz E320 2004,Mercedes,Benz E320,2004
4819,Mercedes Benz E320 2005,Mercedes,Benz E320,2005
4820,Mercedes Benz E320 2006,Mercedes,Benz E320,2006
4821,Mercedes Benz E320 Wagon 1995,Mercedes,Benz E320 Wagon,1995
4822,Mercedes Benz E320 Wagon 1998,Mercedes,Benz E320 Wagon,1998
4823,Mercedes Benz E320 Wagon 1999,Mercedes,Benz E320 Wagon,1999
4824,Mercedes Benz E320 Wagon 2000,Mercedes,Benz E320 Wagon,2000
4825,Mercedes Benz E320 Wagon 2001,Mercedes,Benz E320 Wagon,2001
4826,Mercedes Benz E320 Wagon 2002,Mercedes,Benz E320 Wagon,2002
4827,Mercedes Benz E320 Wagon 2004,Mercedes,Benz E320 Wagon,2004
4828,Mercedes Benz E320 Wagon 2005,Mercedes,Benz E320 Wagon,2005
4829,Mercedes Benz E350 2006,Mercedes,Benz E350,2006
4830,Mercedes Benz E350 2007,Mercedes,Benz E350,2007
4831,Mercedes Benz E350 2008,Mercedes,Benz E350,2008
4832,Mercedes Benz E350 2009,Mercedes,Benz E350,2009
4833,Mercedes Benz E350 2010,Mercedes,Benz E350,2010
4834,Mercedes Benz E350 2011,Mercedes,Benz E350,2011
4835,Mercedes Benz E350 2012,Mercedes,Benz E350,2012
4836,Mercedes Benz E350 2013,Mercedes,Benz E350,2013
4837,Mercedes Benz E350 2014,Mercedes,Benz E350,2014
4838,Mercedes Benz E420 1994,Mercedes,Benz E420,1994
4839,Mercedes Benz E420 1995,Mercedes,Benz E420,1995
4840,Mercedes Benz E420 1997,Mercedes,Benz E420,1997
4841,Mercedes Benz E430 1998,Mercedes,Benz E430,1998
4842,Mercedes Benz E430 1999,Mercedes,Benz E430,1999
4843,Mercedes Benz E430 2000,Mercedes,Benz E430,2000
4844,Mercedes Benz E430 2001,Mercedes,Benz E430,2001
4845,Mercedes Benz E430 2002,Mercedes,Benz E430,2002
4846,Mercedes Benz E500 2003,Mercedes,Benz E500,2003
4847,Mercedes Benz E500 2004,Mercedes,Benz E500,2004
4848,Mercedes Benz E500 2005,Mercedes,Benz E500,2005
4849,Mercedes Benz E500 2006,Mercedes,Benz E500,2006
4850,Mercedes Benz E550 2007,Mercedes,Benz E550,2007
4851,Mercedes Benz E55 2006,Mercedes,Benz E55,2006
4852,Mercedes Benz E63 2007,Mercedes,Benz E63,2007
4853,Mercedes Benz E63 2011,Mercedes,Benz E63,2011
4854,Mercedes Benz Gl320 2008,Mercedes,Benz Gl320,2008
4855,Mercedes Benz Gl350 2010,Mercedes,Benz Gl350,2010
4856,Mercedes Benz Gl450 2007,Mercedes,Benz Gl450,2007
4857,Mercedes Benz Gl450 2008,Mercedes,Benz Gl450,2008
4858,Mercedes Benz Gl450 2009,Mercedes,Benz Gl450,2009
4859,Mercedes Benz Gl450 2010,Mercedes,Benz Gl450,2010
4860,Mercedes Benz Gl450 2011,Mercedes,Benz Gl450,2011
4861,Mercedes Benz Gl550 2008,Mercedes,Benz Gl550,2008
4862,Mercedes Benz Gl550 2009,Mercedes,Benz Gl550,2009
4863,Mercedes Benz Gla250 2015,Mercedes,Benz Gla250,2015
4864,Mercedes Benz Gla250 2016,Mercedes,Benz Gla250,2016
4865,Mercedes Benz Gla45 2016,Mercedes,Benz Gla45,2016
4866,Mercedes Benz Glk350 2010,Mercedes,Benz Glk350,2010
4867,Mercedes Benz Glk350 2011,Mercedes,Benz Glk350,2011
4868,Mercedes Benz Glk350 2012,Mercedes,Benz Glk350,2012
4869,Mercedes Benz Glk350 2013,Mercedes,Benz Glk350,2013
4870,Mercedes Benz Glk350 2014,Mercedes,Benz Glk350,2014
4871,Mercedes Benz Ht350 2006,Mercedes,Benz Ht350,2006
4872,Mercedes Benz Ml320 1998,Mercedes,Benz Ml320,1998
4873,Mercedes Benz Ml320 1999,Mercedes,Benz Ml320,1999
4874,Mercedes Benz Ml320 2000,Mercedes,Benz Ml320,2000
4875,Mercedes Benz Ml320 2001,Mercedes,Benz Ml320,2001
4876,Mercedes Benz Ml320 2002,Mercedes,Benz Ml320,2002
4877,Mercedes Benz Ml320 2003,Mercedes,Benz Ml320,2003
4878,Mercedes Benz Ml320 2004,Mercedes,Benz Ml320,2004
4879,Mercedes Benz Ml320 2007,Mercedes,Benz Ml320,2007
4880,Mercedes Benz Ml320 2008,Mercedes,Benz Ml320,2008
4881,Mercedes Benz Ml320 2009,Mercedes,Benz Ml320,2009
4882,Mercedes Benz Ml350 2003,Mercedes,Benz Ml350,2003
4883,Mercedes Benz Ml350 2004,Mercedes,Benz Ml350,2004
4884,Mercedes Benz Ml350 2005,Mercedes,Benz Ml350,2005
4885,Mercedes Benz Ml350 2006,Mercedes,Benz Ml350,2006
4886,Mercedes Benz Ml350 2007,Mercedes,Benz Ml350,2007
4887,Mercedes Benz Ml350 2008,Mercedes,Benz Ml350,2008
4888,Mercedes Benz Ml350 2009,Mercedes,Benz Ml350,2009
4889,Mercedes Benz Ml350 2010,Mercedes,Benz Ml350,2010
4890,Mercedes Benz Ml350 2011,Mercedes,Benz Ml350,2011
4891,Mercedes Benz Ml350 2012,Mercedes,Benz Ml350,2012
4892,Mercedes Benz Ml350 2013,Mercedes,Benz Ml350,2013
4893,Mercedes Benz Ml350 2015,Mercedes,Benz Ml350,2015
4894,Mercedes Benz Ml430 1999,Mercedes,Benz Ml430,1999
4895,Mercedes Benz Ml430 2000,Mercedes,Benz Ml430,2000
4896,Mercedes Benz Ml430 2001,Mercedes,Benz Ml430,2001
4897,Mercedes Benz Ml500 2002,Mercedes,Benz Ml500,2002
4898,Mercedes Benz Ml500 2003,Mercedes,Benz Ml500,2003
4899,Mercedes Benz Ml500 2004,Mercedes,Benz Ml500,2004
4900,Mercedes Benz Ml500 2005,Mercedes,Benz Ml500,2005
4901,Mercedes Benz Ml500 2006,Mercedes,Benz Ml500,2006
4902,Mercedes Benz Ml500 2007,Mercedes,Benz Ml500,2007
4903,Mercedes Benz Ml55 2001,Mercedes,Benz Ml55,2001
4904,Mercedes Benz R350 2006,Mercedes,Benz R350,2006
4905,Mercedes Benz R350 2007,Mercedes,Benz R350,2007
4906,Mercedes Benz R350 2008,Mercedes,Benz R350,2008
4907,Mercedes Benz R350 2010,Mercedes,Benz R350,2010
4908,Mercedes Benz R350 2011,Mercedes,Benz R350,2011
4909,Mercedes Benz R500 2006,Mercedes,Benz R500,2006
4910,Mercedes Benz S320 1994,Mercedes,Benz S320,1994
4911,Mercedes Benz S320 1995,Mercedes,Benz S320,1995
4912,Mercedes Benz S320 1996,Mercedes,Benz S320,1996
4913,Mercedes Benz S320 1997,Mercedes,Benz S320,1997
4914,Mercedes Benz S320 1999,Mercedes,Benz S320,1999
4915,Mercedes Benz S350 2006,Mercedes,Benz S350,2006
4916,Mercedes Benz S350 2012,Mercedes,Benz S350,2012
4917,Mercedes Benz S420 1995,Mercedes,Benz S420,1995
4918,Mercedes Benz S420 1996,Mercedes,Benz S420,1996
4919,Mercedes Benz S420 1997,Mercedes,Benz S420,1997
4920,Mercedes Benz S420 1998,Mercedes,Benz S420,1998
4921,Mercedes Benz S420 1999,Mercedes,Benz S420,1999
4922,Mercedes Benz S430 2000,Mercedes,Benz S430,2000
4923,Mercedes Benz S430 2001,Mercedes,Benz S430,2001
4924,Mercedes Benz S430 2002,Mercedes,Benz S430,2002
4925,Mercedes Benz S430 2003,Mercedes,Benz S430,2003
4926,Mercedes Benz S430 2004,Mercedes,Benz S430,2004
4927,Mercedes Benz S430 2005,Mercedes,Benz S430,2005
4928,Mercedes Benz S430 2006,Mercedes,Benz S430,2006
4929,Mercedes Benz S500 1994,Mercedes,Benz S500,1994
4930,Mercedes Benz S500 1995,Mercedes,Benz S500,1995
4931,Mercedes Benz S500 1996,Mercedes,Benz S500,1996
4932,Mercedes Benz S500 1997,Mercedes,Benz S500,1997
4933,Mercedes Benz S500 1998,Mercedes,Benz S500,1998
4934,Mercedes Benz S500 2000,Mercedes,Benz S500,2000
4935,Mercedes Benz S500 2001,Mercedes,Benz S500,2001
4936,Mercedes Benz S500 2002,Mercedes,Benz S500,2002
4937,Mercedes Benz S500 2003,Mercedes,Benz S500,2003
4938,Mercedes Benz S500 2004,Mercedes,Benz S500,2004
4939,Mercedes Benz S500 2005,Mercedes,Benz S500,2005
4940,Mercedes Benz S550 2007,Mercedes,Benz S550,2007
4941,Mercedes Benz S550 2008,Mercedes,Benz S550,2008
4942,Mercedes Benz S550 2009,Mercedes,Benz S550,2009
4943,Mercedes Benz S550 2010,Mercedes,Benz S550,2010
4944,Mercedes Benz S550 2011,Mercedes,Benz S550,2011
4945,Mercedes Benz S550 2012,Mercedes,Benz S550,2012
4946,Mercedes Benz S55 2003,Mercedes,Benz S55,2003
4947,Mercedes Benz S55 2006,Mercedes,Benz S55,2006
4948,Mercedes Benz S600 2001,Mercedes,Benz S600,2001
4949,Mercedes Benz S600 2002,Mercedes,Benz S600,2002
4950,Mercedes Benz S600 2003,Mercedes,Benz S600,2003
4951,Mercedes Benz S600 2005,Mercedes,Benz S600,2005
4952,Mercedes Benz S600 2008,Mercedes,Benz S600,2008
4953,Mercedes Benz S65 2007,Mercedes,Benz S65,2007
4954,Mercedes Benz Sd300 1982,Mercedes,Benz Sd300,1982
4955,Mercedes Benz Sd300 1984,Mercedes,Benz Sd300,1984
4956,Mercedes Benz Sdl300 1987,Mercedes,Benz Sdl300,1987
4957,Mercedes Benz Se280 1969,Mercedes,Benz Se280,1969
4958,Mercedes Benz Se280 1978,Mercedes,Benz Se280,1978
4959,Mercedes Benz Se380 1985,Mercedes,Benz Se380,1985
4960,Mercedes Benz Se400 1992,Mercedes,Benz Se400,1992
4961,Mercedes Benz Sel600 1992,Mercedes,Benz Sel600,1992
4962,Mercedes Benz Sl300 1989,Mercedes,Benz Sl300,1989
4963,Mercedes Benz Sl300 1990,Mercedes,Benz Sl300,1990
4964,Mercedes Benz Sl300 1991,Mercedes,Benz Sl300,1991
4965,Mercedes Benz Sl320 1995,Mercedes,Benz Sl320,1995
4966,Mercedes Benz Sl320 1996,Mercedes,Benz Sl320,1996
4967,Mercedes Benz Sl380 1981,Mercedes,Benz Sl380,1981
4968,Mercedes Benz Sl380 1983,Mercedes,Benz Sl380,1983
4969,Mercedes Benz Sl380 1984,Mercedes,Benz Sl380,1984
4970,Mercedes Benz Sl380 1985,Mercedes,Benz Sl380,1985
4971,Mercedes Benz Sl450 1973,Mercedes,Benz Sl450,1973
4972,Mercedes Benz Sl450 1979,Mercedes,Benz Sl450,1979
4973,Mercedes Benz Sl450 1980,Mercedes,Benz Sl450,1980
4974,Mercedes Benz Sl500 1992,Mercedes,Benz Sl500,1992
4975,Mercedes Benz Sl500 1994,Mercedes,Benz Sl500,1994
4976,Mercedes Benz Sl500 1995,Mercedes,Benz Sl500,1995
4977,Mercedes Benz Sl500 1996,Mercedes,Benz Sl500,1996
4978,Mercedes Benz Sl500 1998,Mercedes,Benz Sl500,1998
4979,Mercedes Benz Sl500 1999,Mercedes,Benz Sl500,1999
4980,Mercedes Benz Sl500 2000,Mercedes,Benz Sl500,2000
4981,Mercedes Benz Sl500 2001,Mercedes,Benz Sl500,2001
4982,Mercedes Benz Sl500 2002,Mercedes,Benz Sl500,2002
4983,Mercedes Benz Sl500 2003,Mercedes,Benz Sl500,2003
4984,Mercedes Benz Sl500 2004,Mercedes,Benz Sl500,2004
4985,Mercedes Benz Sl500 2005,Mercedes,Benz Sl500,2005
4986,Mercedes Benz Sl500 2006,Mercedes,Benz Sl500,2006
4987,Mercedes Benz Sl550 2007,Mercedes,Benz Sl550,2007
4988,Mercedes Benz Sl550 2009,Mercedes,Benz Sl550,2009
4989,Mercedes Benz Sl55 2003,Mercedes,Benz Sl55,2003
4990,Mercedes Benz Sl560 1986,Mercedes,Benz Sl560,1986
4991,Mercedes Benz Sl560 1987,Mercedes,Benz Sl560,1987
4992,Mercedes Benz Sl560 1988,Mercedes,Benz Sl560,1988
4993,Mercedes Benz Sl560 1989,Mercedes,Benz Sl560,1989
4994,Mercedes Benz Sl600 1999,Mercedes,Benz Sl600,1999
4995,Mercedes Benz Sl600 2000,Mercedes,Benz Sl600,2000
4996,Mercedes Benz Slc450 1977,Mercedes,Benz Slc450,1977
4997,Mercedes Benz Slk230 1997,Mercedes,Benz Slk230,1997
4998,Mercedes Benz Slk230 1998,Mercedes,Benz Slk230,1998
4999,Mercedes Benz Slk230 1999,Mercedes,Benz Slk230,1999
5000,Mercedes Benz Slk230 2000,Mercedes,Benz Slk230,2000
5001,Mercedes Benz Slk230 2001,Mercedes,Benz Slk230,2001
5002,Mercedes Benz Slk230 2002,Mercedes,Benz Slk230,2002
5003,Mercedes Benz Slk230 2007,Mercedes,Benz Slk230,2007
5004,Mercedes Benz Slk280 1995,Mercedes,Benz Slk280,1995
5005,Mercedes Benz Slk280 2006,Mercedes,Benz Slk280,2006
5006,Mercedes Benz Slk280 2007,Mercedes,Benz Slk280,2007
5007,Mercedes Benz Slk320 2001,Mercedes,Benz Slk320,2001
5008,Mercedes Benz Slk320 2002,Mercedes,Benz Slk320,2002
5009,Mercedes Benz Slk320 2003,Mercedes,Benz Slk320,2003
5010,Mercedes Benz Slk320 2004,Mercedes,Benz Slk320,2004
5011,Mercedes Benz Slk320 2005,Mercedes,Benz Slk320,2005
5012,Mercedes Benz Slk350 2005,Mercedes,Benz Slk350,2005
5013,Mercedes Benz Slk350 2006,Mercedes,Benz Slk350,2006
5014,Mercedes Benz Slk350 2009,Mercedes,Benz Slk350,2009
5015,Mercedes Benz Sprinter 2008,Mercedes,Benz Sprinter,2008
5016,Mercedes Benz Sprinter 2010,Mercedes,Benz Sprinter,2010
5017,Mercedes Benz Sprinter 2013,Mercedes,Benz Sprinter,2013
5018,Mercedes Benz Sprinter 2014,Mercedes,Benz Sprinter,2014
5019,Mercedes Benz Td300 1984,Mercedes,Benz Td300,1984
5020,Mercury Capri 1982,Mercury,Capri,1982
5021,Mercury Capri 1983,Mercury,Capri,1983
5022,Mercury Capri 1986,Mercury,Capri,1986
5023,Mercury Capri 1991,Mercury,Capri,1991
5024,Mercury Capri 1992,Mercury,Capri,1992
5025,Mercury Capri 1993,Mercury,Capri,1993
5026,Mercury Comet 1964,Mercury,Comet,1964
5027,Mercury Comet 1965,Mercury,Comet,1965
5028,Mercury Comet 1966,Mercury,Comet,1966
5029,Mercury Cougar 1967,Mercury,Cougar,1967
5030,Mercury Cougar 1968,Mercury,Cougar,1968
5031,Mercury Cougar 1969,Mercury,Cougar,1969
5032,Mercury Cougar 1970,Mercury,Cougar,1970
5033,Mercury Cougar 1974,Mercury,Cougar,1974
5034,Mercury Cougar 1978,Mercury,Cougar,1978
5035,Mercury Cougar 1979,Mercury,Cougar,1979
5036,Mercury Cougar 1984,Mercury,Cougar,1984
5037,Mercury Cougar 1987,Mercury,Cougar,1987
5038,Mercury Cougar 1988,Mercury,Cougar,1988
5039,Mercury Cougar 1992,Mercury,Cougar,1992
5040,Mercury Cougar 1993,Mercury,Cougar,1993
5041,Mercury Cougar 1995,Mercury,Cougar,1995
5042,Mercury Cougar 1996,Mercury,Cougar,1996
5043,Mercury Cougar 1997,Mercury,Cougar,1997
5044,Mercury Cougar 1998,Mercury,Cougar,1998
5045,Mercury Cougar 1999,Mercury,Cougar,1999
5046,Mercury Cougar 2000,Mercury,Cougar,2000
5047,Mercury Cougar 2001,Mercury,Cougar,2001
5048,Mercury Cougar 2002,Mercury,Cougar,2002
5049,Mercury Cougar 2003,Mercury,Cougar,2003
5050,Mercury Cyclone 1969,Mercury,Cyclone,1969
5051,Mercury Grandmarquis 1973,Mercury,Grandmarquis,1973
5052,Mercury Grandmarquis 1977,Mercury,Grandmarquis,1977
5053,Mercury Grandmarquis 1983,Mercury,Grandmarquis,1983
5054,Mercury Grandmarquis 1984,Mercury,Grandmarquis,1984
5055,Mercury Grandmarquis 1985,Mercury,Grandmarquis,1985
5056,Mercury Grandmarquis 1988,Mercury,Grandmarquis,1988
5057,Mercury Grandmarquis 1989,Mercury,Grandmarquis,1989
5058,Mercury Grandmarquis 1990,Mercury,Grandmarquis,1990
5059,Mercury Grandmarquis 1991,Mercury,Grandmarquis,1991
5060,Mercury Grandmarquis 1992,Mercury,Grandmarquis,1992
5061,Mercury Grandmarquis 1993,Mercury,Grandmarquis,1993
5062,Mercury Grandmarquis 1994,Mercury,Grandmarquis,1994
5063,Mercury Grandmarquis 1995,Mercury,Grandmarquis,1995
5064,Mercury Grandmarquis 1996,Mercury,Grandmarquis,1996
5065,Mercury Grandmarquis 1997,Mercury,Grandmarquis,1997
5066,Mercury Grandmarquis 1998,Mercury,Grandmarquis,1998
5067,Mercury Grandmarquis 1999,Mercury,Grandmarquis,1999
5068,Mercury Grandmarquis 2000,Mercury,Grandmarquis,2000
5069,Mercury Grandmarquis 2001,Mercury,Grandmarquis,2001
5070,Mercury Grandmarquis 2002,Mercury,Grandmarquis,2002
5071,Mercury Grandmarquis 2003,Mercury,Grandmarquis,2003
5072,Mercury Grandmarquis 2004,Mercury,Grandmarquis,2004
5073,Mercury Grandmarquis 2005,Mercury,Grandmarquis,2005
5074,Mercury Grandmarquis 2006,Mercury,Grandmarquis,2006
5075,Mercury Grandmarquis 2007,Mercury,Grandmarquis,2007
5076,Mercury Grandmarquis 2008,Mercury,Grandmarquis,2008
5077,Mercury Grandmarquis 2010,Mercury,Grandmarquis,2010
5078,Mercury Grandmarquis 2011,Mercury,Grandmarquis,2011
5079,Mercury Marauder 2003,Mercury,Marauder,2003
5080,Mercury Marauder 2004,Mercury,Marauder,2004
5081,Mercury Mariner 2002,Mercury,Mariner,2002
5082,Mercury Mariner 2005,Mercury,Mariner,2005
5083,Mercury Mariner 2006,Mercury,Mariner,2006
5084,Mercury Mariner 2007,Mercury,Mariner,2007
5085,Mercury Mariner 2008,Mercury,Mariner,2008
5086,Mercury Mariner 2009,Mercury,Mariner,2009
5087,Mercury Mariner 2010,Mercury,Mariner,2010
5088,Mercury Mariner 2011,Mercury,Mariner,2011
5089,Mercury Milan 2006,Mercury,Milan,2006
5090,Mercury Milan 2007,Mercury,Milan,2007
5091,Mercury Milan 2008,Mercury,Milan,2008
5092,Mercury Milan 2009,Mercury,Milan,2009
5093,Mercury Milan 2010,Mercury,Milan,2010
5094,Mercury Montego 2005,Mercury,Montego,2005
5095,Mercury Montego 2006,Mercury,Montego,2006
5096,Mercury Montego 2007,Mercury,Montego,2007
5097,Mercury Monterey 1954,Mercury,Monterey,1954
5098,Mercury Monterey 1955,Mercury,Monterey,1955
5099,Mercury Monterey 1974,Mercury,Monterey,1974
5100,Mercury Monterey 2003,Mercury,Monterey,2003
5101,Mercury Monterey 2004,Mercury,Monterey,2004
5102,Mercury Mountaineer 1997,Mercury,Mountaineer,1997
5103,Mercury Mountaineer 1998,Mercury,Mountaineer,1998
5104,Mercury Mountaineer 1999,Mercury,Mountaineer,1999
5105,Mercury Mountaineer 2000,Mercury,Mountaineer,2000
5106,Mercury Mountaineer 2001,Mercury,Mountaineer,2001
5107,Mercury Mountaineer 2002,Mercury,Mountaineer,2002
5108,Mercury Mountaineer 2003,Mercury,Mountaineer,2003
5109,Mercury Mountaineer 2004,Mercury,Mountaineer,2004
5110,Mercury Mountaineer 2005,Mercury,Mountaineer,2005
5111,Mercury Mountaineer 2006,Mercury,Mountaineer,2006
5112,Mercury Mountaineer 2007,Mercury,Mountaineer,2007
5113,Mercury Mountaineer 2008,Mercury,Mountaineer,2008
5114,Mercury Mystique 1995,Mercury,Mystique,1995
5115,Mercury Mystique 1996,Mercury,Mystique,1996
5116,Mercury Mystique 1998,Mercury,Mystique,1998
5117,Mercury Mystique 1999,Mercury,Mystique,1999
5118,Mercury Mystique 2000,Mercury,Mystique,2000
5119,Mercury Parklane 1964,Mercury,Parklane,1964
5120,Mercury Sable 1992,Mercury,Sable,1992
5121,Mercury Sable 1993,Mercury,Sable,1993
5122,Mercury Sable 1994,Mercury,Sable,1994
5123,Mercury Sable 1995,Mercury,Sable,1995
5124,Mercury Sable 1996,Mercury,Sable,1996
5125,Mercury Sable 1997,Mercury,Sable,1997
5126,Mercury Sable 1998,Mercury,Sable,1998
5127,Mercury Sable 1999,Mercury,Sable,1999
5128,Mercury Sable 2000,Mercury,Sable,2000
5129,Mercury Sable 2001,Mercury,Sable,2001
5130,Mercury Sable 2002,Mercury,Sable,2002
5131,Mercury Sable 2003,Mercury,Sable,2003
5132,Mercury Sable 2004,Mercury,Sable,2004
5133,Mercury Sable 2005,Mercury,Sable,2005
5134,Mercury Sable 2008,Mercury,Sable,2008
5135,Mercury Topaz 1993,Mercury,Topaz,1993
5136,Mercury Tracer 1993,Mercury,Tracer,1993
5137,Mercury Tracer 1995,Mercury,Tracer,1995
5138,Mercury Tracer 1997,Mercury,Tracer,1997
5139,Mercury Tracer 1998,Mercury,Tracer,1998
5140,Mercury Tracer 1999,Mercury,Tracer,1999
5141,Mercury Villager 1993,Mercury,Villager,1993
5142,Mercury Villager 1994,Mercury,Villager,1994
5143,Mercury Villager 1995,Mercury,Villager,1995
5144,Mercury Villager 1996,Mercury,Villager,1996
5145,Mercury Villager 1997,Mercury,Villager,1997
5146,Mercury Villager 1998,Mercury,Villager,1998
5147,Mercury Villager 1999,Mercury,Villager,1999
5148,Mercury Villager 2000,Mercury,Villager,2000
5149,Mercury Villager 2001,Mercury,Villager,2001
5150,Mercury Villager 2002,Mercury,Villager,2002
5151,Mg Mgb 1972,Mg,Mgb,1972
5152,Mg Mgb Mk5 1976,Mg,Mgb Mk5,1976
5153,Mg Midget 1972,Mg,Midget,1972
5154,Mg Midget 1974,Mg,Midget,1974
5155,Mg Midget 1976,Mg,Midget,1976
5156,Mg Midget 1977,Mg,Midget,1977
5157,Mini Austin 1975,Mini,Austin,1975
5158,Mini Cooper 2002,Mini,Cooper,2002
5159,Mini Cooper 2003,Mini,Cooper,2003
5160,Mini Cooper 2004,Mini,Cooper,2004
5161,Mini Cooper 2005,Mini,Cooper,2005
5162,Mini Cooper 2006,Mini,Cooper,2006
5163,Mini Cooper 2007,Mini,Cooper,2007
5164,Mini Cooper 2008,Mini,Cooper,2008
5165,Mini Cooper 2009,Mini,Cooper,2009
5166,Mini Cooper 2010,Mini,Cooper,2010
5167,Mini Cooper 2011,Mini,Cooper,2011
5168,Mini Cooper 2012,Mini,Cooper,2012
5169,Mini Cooper 2013,Mini,Cooper,2013
5170,Mini Cooper 2014,Mini,Cooper,2014
5171,Mini Cooper 2015,Mini,Cooper,2015
5172,Mini Cooper Countryman 2011,Mini,Cooper Countryman,2011
5173,Mini Cooper Countryman 2012,Mini,Cooper Countryman,2012
5174,Mini Cooper Countryman 2013,Mini,Cooper Countryman,2013
5175,Mini Cooper Countryman 2014,Mini,Cooper Countryman,2014
5176,Mitsubishi 3000Gt 1991,Mitsubishi,3000Gt,1991
5177,Mitsubishi 3000Gt 1992,Mitsubishi,3000Gt,1992
5178,Mitsubishi 3000Gt 1993,Mitsubishi,3000Gt,1993
5179,Mitsubishi 3000Gt 1994,Mitsubishi,3000Gt,1994
5180,Mitsubishi 3000Gt 1995,Mitsubishi,3000Gt,1995
5181,Mitsubishi 3000Gt 1996,Mitsubishi,3000Gt,1996
5182,Mitsubishi 3000Gt 1997,Mitsubishi,3000Gt,1997
5183,Mitsubishi 3000Gt 1999,Mitsubishi,3000Gt,1999
5184,Mitsubishi Chariot 1998,Mitsubishi,Chariot,1998
5185,Mitsubishi Delica 1994,Mitsubishi,Delica,1994
5186,Mitsubishi Delica 1996,Mitsubishi,Delica,1996
5187,Mitsubishi Diamante 1997,Mitsubishi,Diamante,1997
5188,Mitsubishi Diamante 1999,Mitsubishi,Diamante,1999
5189,Mitsubishi Diamante 2000,Mitsubishi,Diamante,2000
5190,Mitsubishi Diamante 2001,Mitsubishi,Diamante,2001
5191,Mitsubishi Diamante 2002,Mitsubishi,Diamante,2002
5192,Mitsubishi Diamante 2003,Mitsubishi,Diamante,2003
5193,Mitsubishi Diamante 2004,Mitsubishi,Diamante,2004
5194,Mitsubishi Eclipse 1990,Mitsubishi,Eclipse,1990
5195,Mitsubishi Eclipse 1991,Mitsubishi,Eclipse,1991
5196,Mitsubishi Eclipse 1992,Mitsubishi,Eclipse,1992
5197,Mitsubishi Eclipse 1994,Mitsubishi,Eclipse,1994
5198,Mitsubishi Eclipse 1995,Mitsubishi,Eclipse,1995
5199,Mitsubishi Eclipse 1996,Mitsubishi,Eclipse,1996
5200,Mitsubishi Eclipse 1997,Mitsubishi,Eclipse,1997
5201,Mitsubishi Eclipse 1998,Mitsubishi,Eclipse,1998
5202,Mitsubishi Eclipse 1999,Mitsubishi,Eclipse,1999
5203,Mitsubishi Eclipse 2000,Mitsubishi,Eclipse,2000
5204,Mitsubishi Eclipse 2001,Mitsubishi,Eclipse,2001
5205,Mitsubishi Eclipse 2002,Mitsubishi,Eclipse,2002
5206,Mitsubishi Eclipse 2003,Mitsubishi,Eclipse,2003
5207,Mitsubishi Eclipse 2004,Mitsubishi,Eclipse,2004
5208,Mitsubishi Eclipse 2005,Mitsubishi,Eclipse,2005
5209,Mitsubishi Eclipse 2006,Mitsubishi,Eclipse,2006
5210,Mitsubishi Eclipse 2007,Mitsubishi,Eclipse,2007
5211,Mitsubishi Eclipse 2008,Mitsubishi,Eclipse,2008
5212,Mitsubishi Eclipse 2009,Mitsubishi,Eclipse,2009
5213,Mitsubishi Eclipse 2011,Mitsubishi,Eclipse,2011
5214,Mitsubishi Eclipse 2012,Mitsubishi,Eclipse,2012
5215,Mitsubishi Eclipse Convertible 1996,Mitsubishi,Eclipse Convertible,1996
5216,Mitsubishi Eclipse Convertible 1997,Mitsubishi,Eclipse Convertible,1997
5217,Mitsubishi Eclipse Convertible 2001,Mitsubishi,Eclipse Convertible,2001
5218,Mitsubishi Eclipse Convertible 2002,Mitsubishi,Eclipse Convertible,2002
5219,Mitsubishi Eclipse Convertible 2003,Mitsubishi,Eclipse Convertible,2003
5220,Mitsubishi Eclipse Convertible 2004,Mitsubishi,Eclipse Convertible,2004
5221,Mitsubishi Eclipse Convertible 2005,Mitsubishi,Eclipse Convertible,2005
5222,Mitsubishi Eclipse Convertible 2007,Mitsubishi,Eclipse Convertible,2007
5223,Mitsubishi Eclipse Convertible 2008,Mitsubishi,Eclipse Convertible,2008
5224,Mitsubishi Eclipse Convertible 2010,Mitsubishi,Eclipse Convertible,2010
5225,Mitsubishi Endeavor 2004,Mitsubishi,Endeavor,2004
5226,Mitsubishi Endeavor 2005,Mitsubishi,Endeavor,2005
5227,Mitsubishi Endeavor 2006,Mitsubishi,Endeavor,2006
5228,Mitsubishi Endeavor 2007,Mitsubishi,Endeavor,2007
5229,Mitsubishi Endeavor 2008,Mitsubishi,Endeavor,2008
5230,Mitsubishi Endeavor 2010,Mitsubishi,Endeavor,2010
5231,Mitsubishi Endeavor 2011,Mitsubishi,Endeavor,2011
5232,Mitsubishi Fuso 1998,Mitsubishi,Fuso,1998
5233,Mitsubishi Fuso 2006,Mitsubishi,Fuso,2006
5234,Mitsubishi Galant 1991,Mitsubishi,Galant,1991
5235,Mitsubishi Galant 1994,Mitsubishi,Galant,1994
5236,Mitsubishi Galant 1995,Mitsubishi,Galant,1995
5237,Mitsubishi Galant 1996,Mitsubishi,Galant,1996
5238,Mitsubishi Galant 1997,Mitsubishi,Galant,1997
5239,Mitsubishi Galant 1998,Mitsubishi,Galant,1998
5240,Mitsubishi Galant 1999,Mitsubishi,Galant,1999
5241,Mitsubishi Galant 2000,Mitsubishi,Galant,2000
5242,Mitsubishi Galant 2001,Mitsubishi,Galant,2001
5243,Mitsubishi Galant 2002,Mitsubishi,Galant,2002
5244,Mitsubishi Galant 2003,Mitsubishi,Galant,2003
5245,Mitsubishi Galant 2004,Mitsubishi,Galant,2004
5246,Mitsubishi Galant 2005,Mitsubishi,Galant,2005
5247,Mitsubishi Galant 2006,Mitsubishi,Galant,2006
5248,Mitsubishi Galant 2007,Mitsubishi,Galant,2007
5249,Mitsubishi Galant 2008,Mitsubishi,Galant,2008
5250,Mitsubishi Galant 2009,Mitsubishi,Galant,2009
5251,Mitsubishi Galant 2010,Mitsubishi,Galant,2010
5252,Mitsubishi Galant 2011,Mitsubishi,Galant,2011
5253,Mitsubishi Galant 2012,Mitsubishi,Galant,2012
5254,Mitsubishi Lancer 2002,Mitsubishi,Lancer,2002
5255,Mitsubishi Lancer 2003,Mitsubishi,Lancer,2003
5256,Mitsubishi Lancer 2004,Mitsubishi,Lancer,2004
5257,Mitsubishi Lancer 2005,Mitsubishi,Lancer,2005
5258,Mitsubishi Lancer 2006,Mitsubishi,Lancer,2006
5259,Mitsubishi Lancer 2007,Mitsubishi,Lancer,2007
5260,Mitsubishi Lancer 2008,Mitsubishi,Lancer,2008
5261,Mitsubishi Lancer 2009,Mitsubishi,Lancer,2009
5262,Mitsubishi Lancer 2010,Mitsubishi,Lancer,2010
5263,Mitsubishi Lancer 2011,Mitsubishi,Lancer,2011
5264,Mitsubishi Lancer 2012,Mitsubishi,Lancer,2012
5265,Mitsubishi Lancer 2014,Mitsubishi,Lancer,2014
5266,Mitsubishi Lancer 2015,Mitsubishi,Lancer,2015
5267,Mitsubishi Mighty Max 1988,Mitsubishi,Mighty Max,1988
5268,Mitsubishi Mighty Max 1991,Mitsubishi,Mighty Max,1991
5269,Mitsubishi Mirage 1989,Mitsubishi,Mirage,1989
5270,Mitsubishi Mirage 1997,Mitsubishi,Mirage,1997
5271,Mitsubishi Mirage 1998,Mitsubishi,Mirage,1998
5272,Mitsubishi Mirage 1999,Mitsubishi,Mirage,1999
5273,Mitsubishi Mirage 2000,Mitsubishi,Mirage,2000
5274,Mitsubishi Mirage 2001,Mitsubishi,Mirage,2001
5275,Mitsubishi Mirage 2002,Mitsubishi,Mirage,2002
5276,Mitsubishi Mirage 2014,Mitsubishi,Mirage,2014
5277,Mitsubishi Mirage 2015,Mitsubishi,Mirage,2015
5278,Mitsubishi Montero 1991,Mitsubishi,Montero,1991
5279,Mitsubishi Montero 1992,Mitsubishi,Montero,1992
5280,Mitsubishi Montero 1994,Mitsubishi,Montero,1994
5281,Mitsubishi Montero 1997,Mitsubishi,Montero,1997
5282,Mitsubishi Montero 1998,Mitsubishi,Montero,1998
5283,Mitsubishi Montero 1999,Mitsubishi,Montero,1999
5284,Mitsubishi Montero 2000,Mitsubishi,Montero,2000
5285,Mitsubishi Montero 2001,Mitsubishi,Montero,2001
5286,Mitsubishi Montero 2002,Mitsubishi,Montero,2002
5287,Mitsubishi Montero 2003,Mitsubishi,Montero,2003
5288,Mitsubishi Montero 2004,Mitsubishi,Montero,2004
5289,Mitsubishi Montero 2006,Mitsubishi,Montero,2006
5290,Mitsubishi Outlander 2003,Mitsubishi,Outlander,2003
5291,Mitsubishi Outlander 2004,Mitsubishi,Outlander,2004
5292,Mitsubishi Outlander 2005,Mitsubishi,Outlander,2005
5293,Mitsubishi Outlander 2006,Mitsubishi,Outlander,2006
5294,Mitsubishi Outlander 2007,Mitsubishi,Outlander,2007
5295,Mitsubishi Outlander 2008,Mitsubishi,Outlander,2008
5296,Mitsubishi Outlander 2010,Mitsubishi,Outlander,2010
5297,Mitsubishi Outlander 2011,Mitsubishi,Outlander,2011
5298,Mitsubishi Outlander 2012,Mitsubishi,Outlander,2012
5299,Mitsubishi Outlander 2013,Mitsubishi,Outlander,2013
5300,Mitsubishi Outlander 2014,Mitsubishi,Outlander,2014
5301,Mitsubishi Outlander 2015,Mitsubishi,Outlander,2015
5302,Mitsubishi Raider 2006,Mitsubishi,Raider,2006
5303,Mitsubishi Starion 1988,Mitsubishi,Starion,1988
5304,Nissan 200Sx 1995,Nissan,200Sx,1995
5305,Nissan 200Sx 1996,Nissan,200Sx,1996
5306,Nissan 200Sx 1997,Nissan,200Sx,1997
5307,Nissan 200Sx 1998,Nissan,200Sx,1998
5308,Nissan 240Sx 1989,Nissan,240Sx,1989
5309,Nissan 240Sx 1990,Nissan,240Sx,1990
5310,Nissan 240Sx 1991,Nissan,240Sx,1991
5311,Nissan 240Sx 1992,Nissan,240Sx,1992
5312,Nissan 240Sx 1993,Nissan,240Sx,1993
5313,Nissan 240Sx 1994,Nissan,240Sx,1994
5314,Nissan 240Sx 1995,Nissan,240Sx,1995
5315,Nissan 240Sx 1996,Nissan,240Sx,1996
5316,Nissan 240Sx 1997,Nissan,240Sx,1997
5317,Nissan 240Sx 1998,Nissan,240Sx,1998
5318,Nissan 300Zx 1984,Nissan,300Zx,1984
5319,Nissan 300Zx 1985,Nissan,300Zx,1985
5320,Nissan 300Zx 1986,Nissan,300Zx,1986
5321,Nissan 300Zx 1987,Nissan,300Zx,1987
5322,Nissan 300Zx 1988,Nissan,300Zx,1988
5323,Nissan 300Zx 1990,Nissan,300Zx,1990
5324,Nissan 300Zx 1991,Nissan,300Zx,1991
5325,Nissan 300Zx 1992,Nissan,300Zx,1992
5326,Nissan 300Zx 1993,Nissan,300Zx,1993
5327,Nissan 300Zx 1994,Nissan,300Zx,1994
5328,Nissan 300Zx 1996,Nissan,300Zx,1996
5329,Nissan 350Z 2003,Nissan,350Z,2003
5330,Nissan 350Z 2004,Nissan,350Z,2004
5331,Nissan 350Z 2005,Nissan,350Z,2005
5332,Nissan 350Z 2006,Nissan,350Z,2006
5333,Nissan 350Z 2007,Nissan,350Z,2007
5334,Nissan 350Z 2008,Nissan,350Z,2008
5335,Nissan 370Z 2009,Nissan,370Z,2009
5336,Nissan 370Z 2010,Nissan,370Z,2010
5337,Nissan 370Z 2011,Nissan,370Z,2011
5338,Nissan 370Z 2012,Nissan,370Z,2012
5339,Nissan 370Z 2013,Nissan,370Z,2013
5340,Nissan 370Z 2014,Nissan,370Z,2014
5341,Nissan 370Z 2015,Nissan,370Z,2015
5342,Nissan 720 1985,Nissan,720,1985
5343,Nissan 720 1986,Nissan,720,1986
5344,Nissan Altima 1993,Nissan,Altima,1993
5345,Nissan Altima 1994,Nissan,Altima,1994
5346,Nissan Altima 1995,Nissan,Altima,1995
5347,Nissan Altima 1996,Nissan,Altima,1996
5348,Nissan Altima 1997,Nissan,Altima,1997
5349,Nissan Altima 1998,Nissan,Altima,1998
5350,Nissan Altima 1999,Nissan,Altima,1999
5351,Nissan Altima 2000,Nissan,Altima,2000
5352,Nissan Altima 2001,Nissan,Altima,2001
5353,Nissan Altima 2002,Nissan,Altima,2002
5354,Nissan Altima 2003,Nissan,Altima,2003
5355,Nissan Altima 2004,Nissan,Altima,2004
5356,Nissan Altima 2005,Nissan,Altima,2005
5357,Nissan Altima 2006,Nissan,Altima,2006
5358,Nissan Altima 2007,Nissan,Altima,2007
5359,Nissan Altima 2008,Nissan,Altima,2008
5360,Nissan Altima 2009,Nissan,Altima,2009
5361,Nissan Altima 2010,Nissan,Altima,2010
5362,Nissan Altima 2011,Nissan,Altima,2011
5363,Nissan Altima 2012,Nissan,Altima,2012
5364,Nissan Altima 2013,Nissan,Altima,2013
5365,Nissan Altima 2014,Nissan,Altima,2014
5366,Nissan Altima 2015,Nissan,Altima,2015
5367,Nissan Altima 2016,Nissan,Altima,2016
5368,Nissan Armada 2004,Nissan,Armada,2004
5369,Nissan Armada 2005,Nissan,Armada,2005
5370,Nissan Armada 2006,Nissan,Armada,2006
5371,Nissan Armada 2007,Nissan,Armada,2007
5372,Nissan Armada 2008,Nissan,Armada,2008
5373,Nissan Armada 2009,Nissan,Armada,2009
5374,Nissan Armada 2010,Nissan,Armada,2010
5375,Nissan Armada 2011,Nissan,Armada,2011
5376,Nissan Armada 2012,Nissan,Armada,2012
5377,Nissan Armada 2013,Nissan,Armada,2013
5378,Nissan Cima 2001,Nissan,Cima,2001
5379,Nissan Cube 2009,Nissan,Cube,2009
5380,Nissan Cube 2010,Nissan,Cube,2010
5381,Nissan Cube 2012,Nissan,Cube,2012
5382,Nissan Cube 2013,Nissan,Cube,2013
5383,Nissan D21 1986,Nissan,D21,1986
5384,Nissan D21 1996,Nissan,D21,1996
5385,Nissan Frontier 1991,Nissan,Frontier,1991
5386,Nissan Frontier 1992,Nissan,Frontier,1992
5387,Nissan Frontier 1994,Nissan,Frontier,1994
5388,Nissan Frontier 1996,Nissan,Frontier,1996
5389,Nissan Frontier 1997,Nissan,Frontier,1997
5390,Nissan Frontier 1998,Nissan,Frontier,1998
5391,Nissan Frontier 1999,Nissan,Frontier,1999
5392,Nissan Frontier 2000,Nissan,Frontier,2000
5393,Nissan Frontier 2001,Nissan,Frontier,2001
5394,Nissan Frontier 2002,Nissan,Frontier,2002
5395,Nissan Frontier 2003,Nissan,Frontier,2003
5396,Nissan Frontier 2004,Nissan,Frontier,2004
5397,Nissan Frontier 2005,Nissan,Frontier,2005
5398,Nissan Frontier 2006,Nissan,Frontier,2006
5399,Nissan Frontier 2007,Nissan,Frontier,2007
5400,Nissan Frontier 2008,Nissan,Frontier,2008
5401,Nissan Frontier 2010,Nissan,Frontier,2010
5402,Nissan Frontier 2011,Nissan,Frontier,2011
5403,Nissan Frontier 2012,Nissan,Frontier,2012
5404,Nissan Frontier 2013,Nissan,Frontier,2013
5405,Nissan Frontier 2014,Nissan,Frontier,2014
5406,Nissan Gtr 2009,Nissan,Gtr,2009
5407,Nissan Gtr 2010,Nissan,Gtr,2010
5408,Nissan Hardbody 1988,Nissan,Hardbody,1988
5409,Nissan Hardbody 1995,Nissan,Hardbody,1995
5410,Nissan Hardbody 1997,Nissan,Hardbody,1997
5411,Nissan Juke 2011,Nissan,Juke,2011
5412,Nissan Juke 2012,Nissan,Juke,2012
5413,Nissan Juke 2013,Nissan,Juke,2013
5414,Nissan Juke 2014,Nissan,Juke,2014
5415,Nissan Juke 2015,Nissan,Juke,2015
5416,Nissan Leaf 2013,Nissan,Leaf,2013
5417,Nissan Maxima 1987,Nissan,Maxima,1987
5418,Nissan Maxima 1989,Nissan,Maxima,1989
5419,Nissan Maxima 1990,Nissan,Maxima,1990
5420,Nissan Maxima 1991,Nissan,Maxima,1991
5421,Nissan Maxima 1992,Nissan,Maxima,1992
5422,Nissan Maxima 1993,Nissan,Maxima,1993
5423,Nissan Maxima 1994,Nissan,Maxima,1994
5424,Nissan Maxima 1995,Nissan,Maxima,1995
5425,Nissan Maxima 1996,Nissan,Maxima,1996
5426,Nissan Maxima 1997,Nissan,Maxima,1997
5427,Nissan Maxima 1998,Nissan,Maxima,1998
5428,Nissan Maxima 1999,Nissan,Maxima,1999
5429,Nissan Maxima 2000,Nissan,Maxima,2000
5430,Nissan Maxima 2001,Nissan,Maxima,2001
5431,Nissan Maxima 2002,Nissan,Maxima,2002
5432,Nissan Maxima 2003,Nissan,Maxima,2003
5433,Nissan Maxima 2004,Nissan,Maxima,2004
5434,Nissan Maxima 2005,Nissan,Maxima,2005
5435,Nissan Maxima 2006,Nissan,Maxima,2006
5436,Nissan Maxima 2007,Nissan,Maxima,2007
5437,Nissan Maxima 2008,Nissan,Maxima,2008
5438,Nissan Maxima 2009,Nissan,Maxima,2009
5439,Nissan Maxima 2010,Nissan,Maxima,2010
5440,Nissan Maxima 2011,Nissan,Maxima,2011
5441,Nissan Maxima 2012,Nissan,Maxima,2012
5442,Nissan Maxima 2013,Nissan,Maxima,2013
5443,Nissan Maxima 2016,Nissan,Maxima,2016
5444,Nissan Murano 2003,Nissan,Murano,2003
5445,Nissan Murano 2004,Nissan,Murano,2004
5446,Nissan Murano 2005,Nissan,Murano,2005
5447,Nissan Murano 2006,Nissan,Murano,2006
5448,Nissan Murano 2007,Nissan,Murano,2007
5449,Nissan Murano 2009,Nissan,Murano,2009
5450,Nissan Murano 2010,Nissan,Murano,2010
5451,Nissan Murano 2011,Nissan,Murano,2011
5452,Nissan Murano 2012,Nissan,Murano,2012
5453,Nissan Murano 2013,Nissan,Murano,2013
5454,Nissan Murano 2014,Nissan,Murano,2014
5455,Nissan Murano 2016,Nissan,Murano,2016
5456,Nissan Nv200 2013,Nissan,Nv200,2013
5457,Nissan Pathfinder 1987,Nissan,Pathfinder,1987
5458,Nissan Pathfinder 1990,Nissan,Pathfinder,1990
5459,Nissan Pathfinder 1991,Nissan,Pathfinder,1991
5460,Nissan Pathfinder 1992,Nissan,Pathfinder,1992
5461,Nissan Pathfinder 1993,Nissan,Pathfinder,1993
5462,Nissan Pathfinder 1994,Nissan,Pathfinder,1994
5463,Nissan Pathfinder 1995,Nissan,Pathfinder,1995
5464,Nissan Pathfinder 1996,Nissan,Pathfinder,1996
5465,Nissan Pathfinder 1997,Nissan,Pathfinder,1997
5466,Nissan Pathfinder 1998,Nissan,Pathfinder,1998
5467,Nissan Pathfinder 1999,Nissan,Pathfinder,1999
5468,Nissan Pathfinder 2000,Nissan,Pathfinder,2000
5469,Nissan Pathfinder 2001,Nissan,Pathfinder,2001
5470,Nissan Pathfinder 2002,Nissan,Pathfinder,2002
5471,Nissan Pathfinder 2003,Nissan,Pathfinder,2003
5472,Nissan Pathfinder 2004,Nissan,Pathfinder,2004
5473,Nissan Pathfinder 2005,Nissan,Pathfinder,2005
5474,Nissan Pathfinder 2006,Nissan,Pathfinder,2006
5475,Nissan Pathfinder 2007,Nissan,Pathfinder,2007
5476,Nissan Pathfinder 2008,Nissan,Pathfinder,2008
5477,Nissan Pathfinder 2009,Nissan,Pathfinder,2009
5478,Nissan Pathfinder 2010,Nissan,Pathfinder,2010
5479,Nissan Pathfinder 2011,Nissan,Pathfinder,2011
5480,Nissan Pathfinder 2012,Nissan,Pathfinder,2012
5481,Nissan Pathfinder 2013,Nissan,Pathfinder,2013
5482,Nissan Pathfinder 2014,Nissan,Pathfinder,2014
5483,Nissan Pathfinder 2015,Nissan,Pathfinder,2015
5484,Nissan Quest 1993,Nissan,Quest,1993
5485,Nissan Quest 1994,Nissan,Quest,1994
5486,Nissan Quest 1995,Nissan,Quest,1995
5487,Nissan Quest 1996,Nissan,Quest,1996
5488,Nissan Quest 1997,Nissan,Quest,1997
5489,Nissan Quest 1998,Nissan,Quest,1998
5490,Nissan Quest 1999,Nissan,Quest,1999
5491,Nissan Quest 2000,Nissan,Quest,2000
5492,Nissan Quest 2001,Nissan,Quest,2001
5493,Nissan Quest 2002,Nissan,Quest,2002
5494,Nissan Quest 2004,Nissan,Quest,2004
5495,Nissan Quest 2005,Nissan,Quest,2005
5496,Nissan Quest 2006,Nissan,Quest,2006
5497,Nissan Quest 2007,Nissan,Quest,2007
5498,Nissan Quest 2008,Nissan,Quest,2008
5499,Nissan Quest 2009,Nissan,Quest,2009
5500,Nissan Quest 2011,Nissan,Quest,2011
5501,Nissan Quest 2012,Nissan,Quest,2012
5502,Nissan Quest 2013,Nissan,Quest,2013
5503,Nissan Rogue 2008,Nissan,Rogue,2008
5504,Nissan Rogue 2009,Nissan,Rogue,2009
5505,Nissan Rogue 2010,Nissan,Rogue,2010
5506,Nissan Rogue 2011,Nissan,Rogue,2011
5507,Nissan Rogue 2012,Nissan,Rogue,2012
5508,Nissan Rogue 2013,Nissan,Rogue,2013
5509,Nissan Rogue 2014,Nissan,Rogue,2014
5510,Nissan Rogue 2015,Nissan,Rogue,2015
5511,Nissan Rogue 2016,Nissan,Rogue,2016
5512,Nissan Sentra 1989,Nissan,Sentra,1989
5513,Nissan Sentra 1990,Nissan,Sentra,1990
5514,Nissan Sentra 1991,Nissan,Sentra,1991
5515,Nissan Sentra 1992,Nissan,Sentra,1992
5516,Nissan Sentra 1993,Nissan,Sentra,1993
5517,Nissan Sentra 1994,Nissan,Sentra,1994
5518,Nissan Sentra 1995,Nissan,Sentra,1995
5519,Nissan Sentra 1996,Nissan,Sentra,1996
5520,Nissan Sentra 1997,Nissan,Sentra,1997
5521,Nissan Sentra 1998,Nissan,Sentra,1998
5522,Nissan Sentra 1999,Nissan,Sentra,1999
5523,Nissan Sentra 2000,Nissan,Sentra,2000
5524,Nissan Sentra 2001,Nissan,Sentra,2001
5525,Nissan Sentra 2002,Nissan,Sentra,2002
5526,Nissan Sentra 2003,Nissan,Sentra,2003
5527,Nissan Sentra 2004,Nissan,Sentra,2004
5528,Nissan Sentra 2005,Nissan,Sentra,2005
5529,Nissan Sentra 2006,Nissan,Sentra,2006
5530,Nissan Sentra 2007,Nissan,Sentra,2007
5531,Nissan Sentra 2008,Nissan,Sentra,2008
5532,Nissan Sentra 2009,Nissan,Sentra,2009
5533,Nissan Sentra 2010,Nissan,Sentra,2010
5534,Nissan Sentra 2011,Nissan,Sentra,2011
5535,Nissan Sentra 2012,Nissan,Sentra,2012
5536,Nissan Sentra 2013,Nissan,Sentra,2013
5537,Nissan Sentra 2014,Nissan,Sentra,2014
5538,Nissan Sentra 2015,Nissan,Sentra,2015
5539,Nissan Sentra 2016,Nissan,Sentra,2016
5540,Nissan Skyline 1989,Nissan,Skyline,1989
5541,Nissan Skyline 1990,Nissan,Skyline,1990
5542,Nissan Stanza 1991,Nissan,Stanza,1991
5543,Nissan Titan 2004,Nissan,Titan,2004
5544,Nissan Titan 2005,Nissan,Titan,2005
5545,Nissan Titan 2006,Nissan,Titan,2006
5546,Nissan Titan 2007,Nissan,Titan,2007
5547,Nissan Titan 2008,Nissan,Titan,2008
5548,Nissan Titan 2009,Nissan,Titan,2009
5549,Nissan Titan 2010,Nissan,Titan,2010
5550,Nissan Titan 2011,Nissan,Titan,2011
5551,Nissan Titan 2012,Nissan,Titan,2012
5552,Nissan Titan 2013,Nissan,Titan,2013
5553,Nissan Titan 2014,Nissan,Titan,2014
5554,Nissan Truck 1990,Nissan,Truck,1990
5555,Nissan Truck 1991,Nissan,Truck,1991
5556,Nissan Truck 1992,Nissan,Truck,1992
5557,Nissan Truck 1994,Nissan,Truck,1994
5558,Nissan Truck 1997,Nissan,Truck,1997
5559,Nissan Versa 2003,Nissan,Versa,2003
5560,Nissan Versa 2007,Nissan,Versa,2007
5561,Nissan Versa 2008,Nissan,Versa,2008
5562,Nissan Versa 2009,Nissan,Versa,2009
5563,Nissan Versa 2010,Nissan,Versa,2010
5564,Nissan Versa 2011,Nissan,Versa,2011
5565,Nissan Versa 2012,Nissan,Versa,2012
5566,Nissan Versa 2013,Nissan,Versa,2013
5567,Nissan Versa 2014,Nissan,Versa,2014
5568,Nissan Versa 2015,Nissan,Versa,2015
5569,Nissan Versa 2016,Nissan,Versa,2016
5570,Nissan X-Trail 2006,Nissan,X-Trail,2006
5571,Nissan Xterra 2000,Nissan,Xterra,2000
5572,Nissan Xterra 2001,Nissan,Xterra,2001
5573,Nissan Xterra 2002,Nissan,Xterra,2002
5574,Nissan Xterra 2003,Nissan,Xterra,2003
5575,Nissan Xterra 2004,Nissan,Xterra,2004
5576,Nissan Xterra 2005,Nissan,Xterra,2005
5577,Nissan Xterra 2006,Nissan,Xterra,2006
5578,Nissan Xterra 2007,Nissan,Xterra,2007
5579,Nissan Xterra 2008,Nissan,Xterra,2008
5580,Nissan Xterra 2009,Nissan,Xterra,2009
5581,Nissan Xterra 2010,Nissan,Xterra,2010
5582,Nissan Xterra 2011,Nissan,Xterra,2011
5583,Nissan Xterra 2012,Nissan,Xterra,2012
5584,Nissan Xterra 2014,Nissan,Xterra,2014
5585,Nissan Xterra 2015,Nissan,Xterra,2015
5586,Oldsmobile 442 1968,Oldsmobile,442,1968
5587,Oldsmobile 442 1969,Oldsmobile,442,1969
5588,Oldsmobile Achieva 1998,Oldsmobile,Achieva,1998
5589,Oldsmobile Alero 1999,Oldsmobile,Alero,1999
5590,Oldsmobile Alero 2000,Oldsmobile,Alero,2000
5591,Oldsmobile Alero 2001,Oldsmobile,Alero,2001
5592,Oldsmobile Alero 2002,Oldsmobile,Alero,2002
5593,Oldsmobile Alero 2003,Oldsmobile,Alero,2003
5594,Oldsmobile Alero 2004,Oldsmobile,Alero,2004
5595,Oldsmobile Aurora 1995,Oldsmobile,Aurora,1995
5596,Oldsmobile Aurora 1997,Oldsmobile,Aurora,1997
5597,Oldsmobile Aurora 1998,Oldsmobile,Aurora,1998
5598,Oldsmobile Aurora 1999,Oldsmobile,Aurora,1999
5599,Oldsmobile Aurora 2000,Oldsmobile,Aurora,2000
5600,Oldsmobile Aurora 2001,Oldsmobile,Aurora,2001
5601,Oldsmobile Aurora 2002,Oldsmobile,Aurora,2002
5602,Oldsmobile Aurora 2003,Oldsmobile,Aurora,2003
5603,Oldsmobile Bravada 1996,Oldsmobile,Bravada,1996
5604,Oldsmobile Bravada 1997,Oldsmobile,Bravada,1997
5605,Oldsmobile Bravada 1998,Oldsmobile,Bravada,1998
5606,Oldsmobile Bravada 1999,Oldsmobile,Bravada,1999
5607,Oldsmobile Bravada 2000,Oldsmobile,Bravada,2000
5608,Oldsmobile Bravada 2001,Oldsmobile,Bravada,2001
5609,Oldsmobile Bravada 2002,Oldsmobile,Bravada,2002
5610,Oldsmobile Bravada 2003,Oldsmobile,Bravada,2003
5611,Oldsmobile Bravada 2004,Oldsmobile,Bravada,2004
5612,Oldsmobile Cutlass 1967,Oldsmobile,Cutlass,1967
5613,Oldsmobile Cutlass 1970,Oldsmobile,Cutlass,1970
5614,Oldsmobile Cutlass 1972,Oldsmobile,Cutlass,1972
5615,Oldsmobile Cutlass 1973,Oldsmobile,Cutlass,1973
5616,Oldsmobile Cutlass 1977,Oldsmobile,Cutlass,1977
5617,Oldsmobile Cutlass 1978,Oldsmobile,Cutlass,1978
5618,Oldsmobile Cutlass 1979,Oldsmobile,Cutlass,1979
5619,Oldsmobile Cutlass 1980,Oldsmobile,Cutlass,1980
5620,Oldsmobile Cutlass 1981,Oldsmobile,Cutlass,1981
5621,Oldsmobile Cutlass 1982,Oldsmobile,Cutlass,1982
5622,Oldsmobile Cutlass 1983,Oldsmobile,Cutlass,1983
5623,Oldsmobile Cutlass 1984,Oldsmobile,Cutlass,1984
5624,Oldsmobile Cutlass 1985,Oldsmobile,Cutlass,1985
5625,Oldsmobile Cutlass 1986,Oldsmobile,Cutlass,1986
5626,Oldsmobile Cutlass 1987,Oldsmobile,Cutlass,1987
5627,Oldsmobile Cutlass 1991,Oldsmobile,Cutlass,1991
5628,Oldsmobile Cutlass 1993,Oldsmobile,Cutlass,1993
5629,Oldsmobile Cutlass 1994,Oldsmobile,Cutlass,1994
5630,Oldsmobile Cutlass 1995,Oldsmobile,Cutlass,1995
5631,Oldsmobile Cutlass 1996,Oldsmobile,Cutlass,1996
5632,Oldsmobile Cutlass 1997,Oldsmobile,Cutlass,1997
5633,Oldsmobile Cutlass 1998,Oldsmobile,Cutlass,1998
5634,Oldsmobile Cutlass 1999,Oldsmobile,Cutlass,1999
5635,Oldsmobile Eightyeight 1961,Oldsmobile,Eightyeight,1961
5636,Oldsmobile Eightyeight 1966,Oldsmobile,Eightyeight,1966
5637,Oldsmobile Eightyeight 1973,Oldsmobile,Eightyeight,1973
5638,Oldsmobile Eightyeight 1975,Oldsmobile,Eightyeight,1975
5639,Oldsmobile Eightyeight 1989,Oldsmobile,Eightyeight,1989
5640,Oldsmobile Eightyeight 1993,Oldsmobile,Eightyeight,1993
5641,Oldsmobile Eightyeight 1994,Oldsmobile,Eightyeight,1994
5642,Oldsmobile Eightyeight 1996,Oldsmobile,Eightyeight,1996
5643,Oldsmobile Eightyeight 1997,Oldsmobile,Eightyeight,1997
5644,Oldsmobile Eightyeight 1998,Oldsmobile,Eightyeight,1998
5645,Oldsmobile Eightyeight 1999,Oldsmobile,Eightyeight,1999
5646,Oldsmobile Intrigue 1998,Oldsmobile,Intrigue,1998
5647,Oldsmobile Intrigue 1999,Oldsmobile,Intrigue,1999
5648,Oldsmobile Intrigue 2000,Oldsmobile,Intrigue,2000
5649,Oldsmobile Intrigue 2001,Oldsmobile,Intrigue,2001
5650,Oldsmobile Intrigue 2002,Oldsmobile,Intrigue,2002
5651,Oldsmobile Ninetyeight 1940,Oldsmobile,Ninetyeight,1940
5652,Oldsmobile Ninetyeight 1954,Oldsmobile,Ninetyeight,1954
5653,Oldsmobile Ninetyeight 1957,Oldsmobile,Ninetyeight,1957
5654,Oldsmobile Ninetyeight 1964,Oldsmobile,Ninetyeight,1964
5655,Oldsmobile Ninetyeight 1965,Oldsmobile,Ninetyeight,1965
5656,Oldsmobile Ninetyeight 1987,Oldsmobile,Ninetyeight,1987
5657,Oldsmobile Ninetyeight 1988,Oldsmobile,Ninetyeight,1988
5658,Oldsmobile Ninetyeight 1990,Oldsmobile,Ninetyeight,1990
5659,Oldsmobile Ninetyeight 1995,Oldsmobile,Ninetyeight,1995
5660,Oldsmobile Silhouette 1997,Oldsmobile,Silhouette,1997
5661,Oldsmobile Silhouette 1998,Oldsmobile,Silhouette,1998
5662,Oldsmobile Silhouette 1999,Oldsmobile,Silhouette,1999
5663,Oldsmobile Silhouette 2000,Oldsmobile,Silhouette,2000
5664,Oldsmobile Silhouette 2001,Oldsmobile,Silhouette,2001
5665,Oldsmobile Silhouette 2002,Oldsmobile,Silhouette,2002
5666,Oldsmobile Silhouette 2003,Oldsmobile,Silhouette,2003
5667,Oldsmobile Silhouette 2004,Oldsmobile,Silhouette,2004
5668,Oldsmobile Starfire 1964,Oldsmobile,Starfire,1964
5669,Oldsmobile Toronado 1966,Oldsmobile,Toronado,1966
5670,Oldsmobile Toronado 1969,Oldsmobile,Toronado,1969
5671,Oldsmobile Toronado 1985,Oldsmobile,Toronado,1985
5672,Opel Gt 1973,Opel,Gt,1973
5673,Opel Kadett 1969,Opel,Kadett,1969
5674,Packard Super8 1938,Packard,Super8,1938
5675,Peugeot 407 Wagon 2005,Peugeot,407 Wagon,2005
5676,Plymouth Barracuda 1964,Plymouth,Barracuda,1964
5677,Plymouth Barracuda 1966,Plymouth,Barracuda,1966
5678,Plymouth Barracuda 1967,Plymouth,Barracuda,1967
5679,Plymouth Barracuda 1968,Plymouth,Barracuda,1968
5680,Plymouth Belvedere 1954,Plymouth,Belvedere,1954
5681,Plymouth Belvedere 1966,Plymouth,Belvedere,1966
5682,Plymouth Breeze 1996,Plymouth,Breeze,1996
5683,Plymouth Breeze 1997,Plymouth,Breeze,1997
5684,Plymouth Breeze 1998,Plymouth,Breeze,1998
5685,Plymouth Breeze 1999,Plymouth,Breeze,1999
5686,Plymouth Breeze 2000,Plymouth,Breeze,2000
5687,Plymouth Cranbrook 1951,Plymouth,Cranbrook,1951
5688,Plymouth Deluxe 1935,Plymouth,Deluxe,1935
5689,Plymouth Deluxe 1950,Plymouth,Deluxe,1950
5690,Plymouth Duster 1970,Plymouth,Duster,1970
5691,Plymouth Duster 1971,Plymouth,Duster,1971
5692,Plymouth Duster 1972,Plymouth,Duster,1972
5693,Plymouth Duster 1973,Plymouth,Duster,1973
5694,Plymouth Duster 1974,Plymouth,Duster,1974
5695,Plymouth Fury 1964,Plymouth,Fury,1964
5696,Plymouth Fury 1965,Plymouth,Fury,1965
5697,Plymouth Fury 1968,Plymouth,Fury,1968
5698,Plymouth Fury 1975,Plymouth,Fury,1975
5699,Plymouth Gtx 1968,Plymouth,Gtx,1968
5700,Plymouth Gtx 1969,Plymouth,Gtx,1969
5701,Plymouth Laser 1992,Plymouth,Laser,1992
5702,Plymouth Neon 1995,Plymouth,Neon,1995
5703,Plymouth Neon 1996,Plymouth,Neon,1996
5704,Plymouth Neon 1997,Plymouth,Neon,1997
5705,Plymouth Neon 1998,Plymouth,Neon,1998
5706,Plymouth Neon 1999,Plymouth,Neon,1999
5707,Plymouth Neon 2000,Plymouth,Neon,2000
5708,Plymouth Neon 2001,Plymouth,Neon,2001
5709,Plymouth Prowler 2000,Plymouth,Prowler,2000
5710,Plymouth Reliant 1985,Plymouth,Reliant,1985
5711,Plymouth Roadrunner 1969,Plymouth,Roadrunner,1969
5712,Plymouth Roadrunner 1970,Plymouth,Roadrunner,1970
5713,Plymouth Roadrunner 1974,Plymouth,Roadrunner,1974
5714,Plymouth Roadrunner 1978,Plymouth,Roadrunner,1978
5715,Plymouth Satellite 1967,Plymouth,Satellite,1967
5716,Plymouth Satellite 1971,Plymouth,Satellite,1971
5717,Plymouth Satellite 1973,Plymouth,Satellite,1973
5718,Plymouth Savoy 1957,Plymouth,Savoy,1957
5719,Plymouth Valiant 1960,Plymouth,Valiant,1960
5720,Plymouth Valiant 1963,Plymouth,Valiant,1963
5721,Plymouth Valiant 1964,Plymouth,Valiant,1964
5722,Plymouth Valiant 1965,Plymouth,Valiant,1965
5723,Plymouth Voyager 1989,Plymouth,Voyager,1989
5724,Plymouth Voyager 1994,Plymouth,Voyager,1994
5725,Plymouth Voyager 1995,Plymouth,Voyager,1995
5726,Plymouth Voyager 1996,Plymouth,Voyager,1996
5727,Plymouth Voyager 1997,Plymouth,Voyager,1997
5728,Plymouth Voyager 1998,Plymouth,Voyager,1998
5729,Plymouth Voyager 1999,Plymouth,Voyager,1999
5730,Plymouth Voyager 2000,Plymouth,Voyager,2000
5731,Polaris Slingshot 2015,Polaris,Slingshot,2015
5732,Pontiac Aztek 2001,Pontiac,Aztek,2001
5733,Pontiac Aztek 2002,Pontiac,Aztek,2002
5734,Pontiac Aztek 2003,Pontiac,Aztek,2003
5735,Pontiac Aztek 2004,Pontiac,Aztek,2004
5736,Pontiac Bonneville 1964,Pontiac,Bonneville,1964
5737,Pontiac Bonneville 1976,Pontiac,Bonneville,1976
5738,Pontiac Bonneville 1983,Pontiac,Bonneville,1983
5739,Pontiac Bonneville 1991,Pontiac,Bonneville,1991
5740,Pontiac Bonneville 1992,Pontiac,Bonneville,1992
5741,Pontiac Bonneville 1993,Pontiac,Bonneville,1993
5742,Pontiac Bonneville 1994,Pontiac,Bonneville,1994
5743,Pontiac Bonneville 1995,Pontiac,Bonneville,1995
5744,Pontiac Bonneville 1996,Pontiac,Bonneville,1996
5745,Pontiac Bonneville 1997,Pontiac,Bonneville,1997
5746,Pontiac Bonneville 1998,Pontiac,Bonneville,1998
5747,Pontiac Bonneville 1999,Pontiac,Bonneville,1999
5748,Pontiac Bonneville 2000,Pontiac,Bonneville,2000
5749,Pontiac Bonneville 2001,Pontiac,Bonneville,2001
5750,Pontiac Bonneville 2002,Pontiac,Bonneville,2002
5751,Pontiac Bonneville 2003,Pontiac,Bonneville,2003
5752,Pontiac Bonneville 2004,Pontiac,Bonneville,2004
5753,Pontiac Bonneville 2005,Pontiac,Bonneville,2005
5754,Pontiac Catalina 1960,Pontiac,Catalina,1960
5755,Pontiac Catalina 1962,Pontiac,Catalina,1962
5756,Pontiac Catalina 1963,Pontiac,Catalina,1963
5757,Pontiac Catalina 1966,Pontiac,Catalina,1966
5758,Pontiac Catalina 1970,Pontiac,Catalina,1970
5759,Pontiac Catalina 1978,Pontiac,Catalina,1978
5760,Pontiac Chieftain 1957,Pontiac,Chieftain,1957
5761,Pontiac Fiero 1984,Pontiac,Fiero,1984
5762,Pontiac Fiero 1985,Pontiac,Fiero,1985
5763,Pontiac Fiero 1986,Pontiac,Fiero,1986
5764,Pontiac Fiero 1987,Pontiac,Fiero,1987
5765,Pontiac Fiero 1988,Pontiac,Fiero,1988
5766,Pontiac Firebird 1967,Pontiac,Firebird,1967
5767,Pontiac Firebird 1968,Pontiac,Firebird,1968
5768,Pontiac Firebird 1969,Pontiac,Firebird,1969
5769,Pontiac Firebird 1971,Pontiac,Firebird,1971
5770,Pontiac Firebird 1972,Pontiac,Firebird,1972
5771,Pontiac Firebird 1974,Pontiac,Firebird,1974
5772,Pontiac Firebird 1976,Pontiac,Firebird,1976
5773,Pontiac Firebird 1979,Pontiac,Firebird,1979
5774,Pontiac Firebird 1980,Pontiac,Firebird,1980
5775,Pontiac Firebird 1981,Pontiac,Firebird,1981
5776,Pontiac Firebird 1982,Pontiac,Firebird,1982
5777,Pontiac Firebird 1985,Pontiac,Firebird,1985
5778,Pontiac Firebird 1986,Pontiac,Firebird,1986
5779,Pontiac Firebird 1987,Pontiac,Firebird,1987
5780,Pontiac Firebird 1988,Pontiac,Firebird,1988
5781,Pontiac Firebird 1989,Pontiac,Firebird,1989
5782,Pontiac Firebird 1991,Pontiac,Firebird,1991
5783,Pontiac Firebird 1992,Pontiac,Firebird,1992
5784,Pontiac Firebird 1993,Pontiac,Firebird,1993
5785,Pontiac Firebird 1994,Pontiac,Firebird,1994
5786,Pontiac Firebird 1995,Pontiac,Firebird,1995
5787,Pontiac Firebird 1996,Pontiac,Firebird,1996
5788,Pontiac Firebird 1997,Pontiac,Firebird,1997
5789,Pontiac Firebird 1998,Pontiac,Firebird,1998
5790,Pontiac Firebird 1999,Pontiac,Firebird,1999
5791,Pontiac Firebird 2000,Pontiac,Firebird,2000
5792,Pontiac Firebird 2001,Pontiac,Firebird,2001
5793,Pontiac Firebird 2002,Pontiac,Firebird,2002
5794,Pontiac G39 2009,Pontiac,G39,2009
5795,Pontiac G5 2007,Pontiac,G5,2007
5796,Pontiac G5 2008,Pontiac,G5,2008
5797,Pontiac G5 2009,Pontiac,G5,2009
5798,Pontiac G6 2004,Pontiac,G6,2004
5799,Pontiac G6 2005,Pontiac,G6,2005
5800,Pontiac G6 2006,Pontiac,G6,2006
5801,Pontiac G6 2007,Pontiac,G6,2007
5802,Pontiac G6 2008,Pontiac,G6,2008
5803,Pontiac G6 2009,Pontiac,G6,2009
5804,Pontiac G6 2010,Pontiac,G6,2010
5805,Pontiac G6 2016,Pontiac,G6,2016
5806,Pontiac G8 2008,Pontiac,G8,2008
5807,Pontiac G8 2009,Pontiac,G8,2009
5808,Pontiac Grandam 1991,Pontiac,Grandam,1991
5809,Pontiac Grandam 1993,Pontiac,Grandam,1993
5810,Pontiac Grandam 1994,Pontiac,Grandam,1994
5811,Pontiac Grandam 1995,Pontiac,Grandam,1995
5812,Pontiac Grandam 1996,Pontiac,Grandam,1996
5813,Pontiac Grandam 1997,Pontiac,Grandam,1997
5814,Pontiac Grandam 1998,Pontiac,Grandam,1998
5815,Pontiac Grandam 1999,Pontiac,Grandam,1999
5816,Pontiac Grandam 2000,Pontiac,Grandam,2000
5817,Pontiac Grandam 2001,Pontiac,Grandam,2001
5818,Pontiac Grandam 2002,Pontiac,Grandam,2002
5819,Pontiac Grandam 2003,Pontiac,Grandam,2003
5820,Pontiac Grandam 2004,Pontiac,Grandam,2004
5821,Pontiac Grandam 2005,Pontiac,Grandam,2005
5822,Pontiac Grandprix 1964,Pontiac,Grandprix,1964
5823,Pontiac Grandprix 1967,Pontiac,Grandprix,1967
5824,Pontiac Grandprix 1969,Pontiac,Grandprix,1969
5825,Pontiac Grandprix 1972,Pontiac,Grandprix,1972
5826,Pontiac Grandprix 1973,Pontiac,Grandprix,1973
5827,Pontiac Grandprix 1977,Pontiac,Grandprix,1977
5828,Pontiac Grandprix 1979,Pontiac,Grandprix,1979
5829,Pontiac Grandprix 1983,Pontiac,Grandprix,1983
5830,Pontiac Grandprix 1985,Pontiac,Grandprix,1985
5831,Pontiac Grandprix 1986,Pontiac,Grandprix,1986
5832,Pontiac Grandprix 1987,Pontiac,Grandprix,1987
5833,Pontiac Grandprix 1988,Pontiac,Grandprix,1988
5834,Pontiac Grandprix 1991,Pontiac,Grandprix,1991
5835,Pontiac Grandprix 1994,Pontiac,Grandprix,1994
5836,Pontiac Grandprix 1995,Pontiac,Grandprix,1995
5837,Pontiac Grandprix 1997,Pontiac,Grandprix,1997
5838,Pontiac Grandprix 1998,Pontiac,Grandprix,1998
5839,Pontiac Grandprix 1999,Pontiac,Grandprix,1999
5840,Pontiac Grandprix 2000,Pontiac,Grandprix,2000
5841,Pontiac Grandprix 2001,Pontiac,Grandprix,2001
5842,Pontiac Grandprix 2002,Pontiac,Grandprix,2002
5843,Pontiac Grandprix 2003,Pontiac,Grandprix,2003
5844,Pontiac Grandprix 2004,Pontiac,Grandprix,2004
5845,Pontiac Grandprix 2005,Pontiac,Grandprix,2005
5846,Pontiac Grandprix 2006,Pontiac,Grandprix,2006
5847,Pontiac Grandprix 2007,Pontiac,Grandprix,2007
5848,Pontiac Grandprix 2008,Pontiac,Grandprix,2008
5849,Pontiac Grandville 1973,Pontiac,Grandville,1973
5850,Pontiac Gto 1965,Pontiac,Gto,1965
5851,Pontiac Gto 1966,Pontiac,Gto,1966
5852,Pontiac Gto 1968,Pontiac,Gto,1968
5853,Pontiac Gto 1969,Pontiac,Gto,1969
5854,Pontiac Gto 1970,Pontiac,Gto,1970
5855,Pontiac Gto 1993,Pontiac,Gto,1993
5856,Pontiac Gto 1997,Pontiac,Gto,1997
5857,Pontiac Gto 2004,Pontiac,Gto,2004
5858,Pontiac Gto 2005,Pontiac,Gto,2005
5859,Pontiac Gto 2006,Pontiac,Gto,2006
5860,Pontiac Lemans 1967,Pontiac,Lemans,1967
5861,Pontiac Lemans 1971,Pontiac,Lemans,1971
5862,Pontiac Lemans 1972,Pontiac,Lemans,1972
5863,Pontiac Lemans 1991,Pontiac,Lemans,1991
5864,Pontiac Montana 1998,Pontiac,Montana,1998
5865,Pontiac Montana 1999,Pontiac,Montana,1999
5866,Pontiac Montana 2000,Pontiac,Montana,2000
5867,Pontiac Montana 2001,Pontiac,Montana,2001
5868,Pontiac Montana 2002,Pontiac,Montana,2002
5869,Pontiac Montana 2003,Pontiac,Montana,2003
5870,Pontiac Montana 2004,Pontiac,Montana,2004
5871,Pontiac Montana 2005,Pontiac,Montana,2005
5872,Pontiac Montana 2006,Pontiac,Montana,2006
5873,Pontiac Montana 2007,Pontiac,Montana,2007
5874,Pontiac Parisienne 1965,Pontiac,Parisienne,1965
5875,Pontiac Parisienne 1985,Pontiac,Parisienne,1985
5876,Pontiac Pursuit 2005,Pontiac,Pursuit,2005
5877,Pontiac Pursuit 2006,Pontiac,Pursuit,2006
5878,Pontiac Solstice 2006,Pontiac,Solstice,2006
5879,Pontiac Solstice 2007,Pontiac,Solstice,2007
5880,Pontiac Solstice 2008,Pontiac,Solstice,2008
5881,Pontiac Starchief 1954,Pontiac,Starchief,1954
5882,Pontiac Sunbird 1989,Pontiac,Sunbird,1989
5883,Pontiac Sunbird 1991,Pontiac,Sunbird,1991
5884,Pontiac Sunbird 1992,Pontiac,Sunbird,1992
5885,Pontiac Sunfire 1995,Pontiac,Sunfire,1995
5886,Pontiac Sunfire 1996,Pontiac,Sunfire,1996
5887,Pontiac Sunfire 1997,Pontiac,Sunfire,1997
5888,Pontiac Sunfire 1998,Pontiac,Sunfire,1998
5889,Pontiac Sunfire 1999,Pontiac,Sunfire,1999
5890,Pontiac Sunfire 2000,Pontiac,Sunfire,2000
5891,Pontiac Sunfire 2001,Pontiac,Sunfire,2001
5892,Pontiac Sunfire 2002,Pontiac,Sunfire,2002
5893,Pontiac Sunfire 2003,Pontiac,Sunfire,2003
5894,Pontiac Sunfire 2004,Pontiac,Sunfire,2004
5895,Pontiac Sunfire 2005,Pontiac,Sunfire,2005
5896,Pontiac Tempest 1965,Pontiac,Tempest,1965
5897,Pontiac Torrent 2006,Pontiac,Torrent,2006
5898,Pontiac Torrent 2007,Pontiac,Torrent,2007
5899,Pontiac Torrent 2008,Pontiac,Torrent,2008
5900,Pontiac Torrent 2009,Pontiac,Torrent,2009
5901,Pontiac Transam 1975,Pontiac,Transam,1975
5902,Pontiac Transam 1976,Pontiac,Transam,1976
5903,Pontiac Transam 1977,Pontiac,Transam,1977
5904,Pontiac Transam 1978,Pontiac,Transam,1978
5905,Pontiac Transam 1979,Pontiac,Transam,1979
5906,Pontiac Transam 1980,Pontiac,Transam,1980
5907,Pontiac Transam 1981,Pontiac,Transam,1981
5908,Pontiac Transam 1984,Pontiac,Transam,1984
5909,Pontiac Transam 1985,Pontiac,Transam,1985
5910,Pontiac Transam 1986,Pontiac,Transam,1986
5911,Pontiac Transam 1987,Pontiac,Transam,1987
5912,Pontiac Transam 1989,Pontiac,Transam,1989
5913,Pontiac Transam 1990,Pontiac,Transam,1990
5914,Pontiac Transam 1991,Pontiac,Transam,1991
5915,Pontiac Transam 1992,Pontiac,Transam,1992
5916,Pontiac Transam 1993,Pontiac,Transam,1993
5917,Pontiac Transam 1994,Pontiac,Transam,1994
5918,Pontiac Transam 1995,Pontiac,Transam,1995
5919,Pontiac Transam 1996,Pontiac,Transam,1996
5920,Pontiac Transam 1997,Pontiac,Transam,1997
5921,Pontiac Transam 1998,Pontiac,Transam,1998
5922,Pontiac Transam 1999,Pontiac,Transam,1999
5923,Pontiac Transam 2000,Pontiac,Transam,2000
5924,Pontiac Transam 2001,Pontiac,Transam,2001
5925,Pontiac Transam 2002,Pontiac,Transam,2002
5926,Pontiac Transam 2003,Pontiac,Transam,2003
5927,Pontiac Ventura 1967,Pontiac,Ventura,1967
5928,Pontiac Vibe 2003,Pontiac,Vibe,2003
5929,Pontiac Vibe 2004,Pontiac,Vibe,2004
5930,Pontiac Vibe 2005,Pontiac,Vibe,2005
5931,Pontiac Vibe 2006,Pontiac,Vibe,2006
5932,Pontiac Vibe 2007,Pontiac,Vibe,2007
5933,Pontiac Vibe 2008,Pontiac,Vibe,2008
5934,Pontiac Vibe 2009,Pontiac,Vibe,2009
5935,Pontiac Vibe 2010,Pontiac,Vibe,2010
5936,Pontiac Wave 2008,Pontiac,Wave,2008
5937,Pontiac Wave 2009,Pontiac,Wave,2009
5938,Porsche 911 1980,Porsche,911,1980
5939,Porsche 911 1982,Porsche,911,1982
5940,Porsche 911 1985,Porsche,911,1985
5941,Porsche 911 1991,Porsche,911,1991
5942,Porsche 911 1996,Porsche,911,1996
5943,Porsche 911 1999,Porsche,911,1999
5944,Porsche 911 2000,Porsche,911,2000
5945,Porsche 911 2001,Porsche,911,2001
5946,Porsche 911 2002,Porsche,911,2002
5947,Porsche 911 2003,Porsche,911,2003
5948,Porsche 911 2004,Porsche,911,2004
5949,Porsche 911 2006,Porsche,911,2006
5950,Porsche 911 2007,Porsche,911,2007
5951,Porsche 911 2008,Porsche,911,2008
5952,Porsche 911 2013,Porsche,911,2013
5953,Porsche 912 1976,Porsche,912,1976
5954,Porsche 914 1972,Porsche,914,1972
5955,Porsche 914 1973,Porsche,914,1973
5956,Porsche 924 1978,Porsche,924,1978
5957,Porsche 924 1979,Porsche,924,1979
5958,Porsche 928 1979,Porsche,928,1979
5959,Porsche 928 1980,Porsche,928,1980
5960,Porsche 928 1981,Porsche,928,1981
5961,Porsche 928 1983,Porsche,928,1983
5962,Porsche 928 1984,Porsche,928,1984
5963,Porsche 928 1985,Porsche,928,1985
5964,Porsche 930 1982,Porsche,930,1982
5965,Porsche 944 1983,Porsche,944,1983
5966,Porsche 944 1984,Porsche,944,1984
5967,Porsche 944 1985,Porsche,944,1985
5968,Porsche 944 1986,Porsche,944,1986
5969,Porsche 944 1987,Porsche,944,1987
5970,Porsche 944 1988,Porsche,944,1988
5971,Porsche 944 1990,Porsche,944,1990
5972,Porsche 997 2008,Porsche,997,2008
5973,Porsche Boxster 1997,Porsche,Boxster,1997
5974,Porsche Boxster 1998,Porsche,Boxster,1998
5975,Porsche Boxster 1999,Porsche,Boxster,1999
5976,Porsche Boxster 2000,Porsche,Boxster,2000
5977,Porsche Boxster 2001,Porsche,Boxster,2001
5978,Porsche Boxster 2002,Porsche,Boxster,2002
5979,Porsche Boxster 2003,Porsche,Boxster,2003
5980,Porsche Boxster 2004,Porsche,Boxster,2004
5981,Porsche Boxster 2005,Porsche,Boxster,2005
5982,Porsche Boxster 2006,Porsche,Boxster,2006
5983,Porsche Boxster 2007,Porsche,Boxster,2007
5984,Porsche Boxster 2008,Porsche,Boxster,2008
5985,Porsche Boxster 2013,Porsche,Boxster,2013
5986,Porsche Cayenne 2004,Porsche,Cayenne,2004
5987,Porsche Cayenne 2005,Porsche,Cayenne,2005
5988,Porsche Cayenne 2006,Porsche,Cayenne,2006
5989,Porsche Cayenne 2008,Porsche,Cayenne,2008
5990,Porsche Cayenne 2009,Porsche,Cayenne,2009
5991,Porsche Cayenne 2010,Porsche,Cayenne,2010
5992,Porsche Cayenne 2011,Porsche,Cayenne,2011
5993,Porsche Cayenne 2012,Porsche,Cayenne,2012
5994,Porsche Cayman 2007,Porsche,Cayman,2007
5995,Porsche Panamera 2011,Porsche,Panamera,2011
5996,Porsche Panamera 2012,Porsche,Panamera,2012
5997,Porsche Panamera 2014,Porsche,Panamera,2014
5998,Ram 1500 2003,Ram,1500,2003
5999,Ram 1500 2008,Ram,1500,2008
6000,Ram 1500 2011,Ram,1500,2011
6001,Ram 1500 2012,Ram,1500,2012
6002,Ram 1500 2013,Ram,1500,2013
6003,Ram 1500 2014,Ram,1500,2014
6004,Ram 1500 2015,Ram,1500,2015
6005,Ram 1500 2016,Ram,1500,2016
6006,Ram 2500 2001,Ram,2500,2001
6007,Ram 2500 2011,Ram,2500,2011
6008,Ram 2500 2012,Ram,2500,2012
6009,Ram 2500 2013,Ram,2500,2013
6010,Ram 2500 2014,Ram,2500,2014
6011,Ram 2500 2015,Ram,2500,2015
6012,Ram 2500 2016,Ram,2500,2016
6013,Ram 3500 2005,Ram,3500,2005
6014,Ram 3500 2007,Ram,3500,2007
6015,Ram 3500 2008,Ram,3500,2008
6016,Ram 3500 2011,Ram,3500,2011
6017,Ram 3500 2012,Ram,3500,2012
6018,Ram 3500 2013,Ram,3500,2013
6019,Ram 3500 2015,Ram,3500,2015
6020,Rambler American 1959,Rambler,American,1959
6021,Rambler Rogue 1966,Rambler,Rogue,1966
6022,Renault Captur 2015,Renault,Captur,2015
6023,Rollsroyce Corniche 1989,Rollsroyce,Corniche,1989
6024,Rollsroyce Silvershadow 1972,Rollsroyce,Silvershadow,1972
6025,Rollsroyce Silverspur 1989,Rollsroyce,Silverspur,1989
6026,Saab 9-2 2005,Saab,9-2,2005
6027,Saab 9-2 2006,Saab,9-2,2006
6028,Saab 9-3 1999,Saab,9-3,1999
6029,Saab 9-3 2000,Saab,9-3,2000
6030,Saab 9-3 2001,Saab,9-3,2001
6031,Saab 9-3 2002,Saab,9-3,2002
6032,Saab 9-3 2003,Saab,9-3,2003
6033,Saab 9-3 2004,Saab,9-3,2004
6034,Saab 9-3 2005,Saab,9-3,2005
6035,Saab 9-3 2006,Saab,9-3,2006
6036,Saab 9-3 2007,Saab,9-3,2007
6037,Saab 9-3 2008,Saab,9-3,2008
6038,Saab 9-3 Convertible 1999,Saab,9-3 Convertible,1999
6039,Saab 9-3 Convertible 2000,Saab,9-3 Convertible,2000
6040,Saab 9-3 Convertible 2002,Saab,9-3 Convertible,2002
6041,Saab 9-3 Convertible 2003,Saab,9-3 Convertible,2003
6042,Saab 9-3 Convertible 2004,Saab,9-3 Convertible,2004
6043,Saab 9-3 Convertible 2005,Saab,9-3 Convertible,2005
6044,Saab 9-3 Convertible 2006,Saab,9-3 Convertible,2006
6045,Saab 9-3 Convertible 2007,Saab,9-3 Convertible,2007
6046,Saab 9-5 1999,Saab,9-5,1999
6047,Saab 9-5 2000,Saab,9-5,2000
6048,Saab 9-5 2001,Saab,9-5,2001
6049,Saab 9-5 2002,Saab,9-5,2002
6050,Saab 9-5 2003,Saab,9-5,2003
6051,Saab 9-5 2004,Saab,9-5,2004
6052,Saab 9-5 2006,Saab,9-5,2006
6053,Saab 9-5 2007,Saab,9-5,2007
6054,Saab 9-5 2011,Saab,9-5,2011
6055,Saab 9-6 1973,Saab,9-6,1973
6056,Saab 9-7 2006,Saab,9-7,2006
6057,Saab 9-7 2008,Saab,9-7,2008
6058,Saab 900 1988,Saab,900,1988
6059,Saab 900 1990,Saab,900,1990
6060,Saab 900 1991,Saab,900,1991
6061,Saab 900 1994,Saab,900,1994
6062,Saab 900 1995,Saab,900,1995
6063,Saab 900 1996,Saab,900,1996
6064,Saab 900 1997,Saab,900,1997
6065,Saab 900 1998,Saab,900,1998
6066,Saturn Astra 2008,Saturn,Astra,2008
6067,Saturn Aura 2007,Saturn,Aura,2007
6068,Saturn Aura 2008,Saturn,Aura,2008
6069,Saturn Aura 2009,Saturn,Aura,2009
6070,Saturn Ion 2002,Saturn,Ion,2002
6071,Saturn Ion 2003,Saturn,Ion,2003
6072,Saturn Ion 2004,Saturn,Ion,2004
6073,Saturn Ion 2005,Saturn,Ion,2005
6074,Saturn Ion 2006,Saturn,Ion,2006
6075,Saturn Ion 2007,Saturn,Ion,2007
6076,Saturn L100 2001,Saturn,L100,2001
6077,Saturn L100 2002,Saturn,L100,2002
6078,Saturn L200 2000,Saturn,L200,2000
6079,Saturn L200 2001,Saturn,L200,2001
6080,Saturn L200 2002,Saturn,L200,2002
6081,Saturn L200 2003,Saturn,L200,2003
6082,Saturn L300 2001,Saturn,L300,2001
6083,Saturn L300 2002,Saturn,L300,2002
6084,Saturn L300 2003,Saturn,L300,2003
6085,Saturn L300 2004,Saturn,L300,2004
6086,Saturn L300 2005,Saturn,L300,2005
6087,Saturn Ls 1999,Saturn,Ls,1999
6088,Saturn Ls 2000,Saturn,Ls,2000
6089,Saturn Ls 2001,Saturn,Ls,2001
6090,Saturn Ls 2002,Saturn,Ls,2002
6091,Saturn Lw200 2000,Saturn,Lw200,2000
6092,Saturn Lw200 2003,Saturn,Lw200,2003
6093,Saturn Lw300 2001,Saturn,Lw300,2001
6094,Saturn Lw300 2002,Saturn,Lw300,2002
6095,Saturn Lw300 2003,Saturn,Lw300,2003
6096,Saturn Outlook 2007,Saturn,Outlook,2007
6097,Saturn Outlook 2008,Saturn,Outlook,2008
6098,Saturn Outlook 2009,Saturn,Outlook,2009
6099,Saturn Outlook 2010,Saturn,Outlook,2010
6100,Saturn Relay 2005,Saturn,Relay,2005
6101,Saturn Relay 2006,Saturn,Relay,2006
6102,Saturn Relay 2007,Saturn,Relay,2007
6103,Saturn Sc1 2000,Saturn,Sc1,2000
6104,Saturn Sc1 2001,Saturn,Sc1,2001
6105,Saturn Sc1 2002,Saturn,Sc1,2002
6106,Saturn Sc2 1992,Saturn,Sc2,1992
6107,Saturn Sc2 1996,Saturn,Sc2,1996
6108,Saturn Sc2 1997,Saturn,Sc2,1997
6109,Saturn Sc2 1998,Saturn,Sc2,1998
6110,Saturn Sc2 1999,Saturn,Sc2,1999
6111,Saturn Sc2 2001,Saturn,Sc2,2001
6112,Saturn Sc2 2002,Saturn,Sc2,2002
6113,Saturn Sky 2007,Saturn,Sky,2007
6114,Saturn Sky 2008,Saturn,Sky,2008
6115,Saturn Sky 2009,Saturn,Sky,2009
6116,Saturn Sl1 1994,Saturn,Sl1,1994
6117,Saturn Sl1 1995,Saturn,Sl1,1995
6118,Saturn Sl1 1997,Saturn,Sl1,1997
6119,Saturn Sl1 1998,Saturn,Sl1,1998
6120,Saturn Sl1 1999,Saturn,Sl1,1999
6121,Saturn Sl1 2000,Saturn,Sl1,2000
6122,Saturn Sl1 2001,Saturn,Sl1,2001
6123,Saturn Sl1 2002,Saturn,Sl1,2002
6124,Saturn Sl2 1993,Saturn,Sl2,1993
6125,Saturn Sl2 1994,Saturn,Sl2,1994
6126,Saturn Sl2 1995,Saturn,Sl2,1995
6127,Saturn Sl2 1996,Saturn,Sl2,1996
6128,Saturn Sl2 1997,Saturn,Sl2,1997
6129,Saturn Sl2 1998,Saturn,Sl2,1998
6130,Saturn Sl2 1999,Saturn,Sl2,1999
6131,Saturn Sl2 2000,Saturn,Sl2,2000
6132,Saturn Sl2 2001,Saturn,Sl2,2001
6133,Saturn Sl2 2002,Saturn,Sl2,2002
6134,Saturn Sl2 Wagon 2000,Saturn,Sl2 Wagon,2000
6135,Saturn Sl 1993,Saturn,Sl,1993
6136,Saturn Sl 1995,Saturn,Sl,1995
6137,Saturn Sl 1996,Saturn,Sl,1996
6138,Saturn Sl 1997,Saturn,Sl,1997
6139,Saturn Sl 1998,Saturn,Sl,1998
6140,Saturn Sl 2002,Saturn,Sl,2002
6141,Saturn Sw2 1994,Saturn,Sw2,1994
6142,Saturn Sw2 1995,Saturn,Sw2,1995
6143,Saturn Sw2 1996,Saturn,Sw2,1996
6144,Saturn Sw2 1997,Saturn,Sw2,1997
6145,Saturn Sw2 1998,Saturn,Sw2,1998
6146,Saturn Sw2 2000,Saturn,Sw2,2000
6147,Saturn Sw2 2001,Saturn,Sw2,2001
6148,Saturn Vue 2002,Saturn,Vue,2002
6149,Saturn Vue 2003,Saturn,Vue,2003
6150,Saturn Vue 2004,Saturn,Vue,2004
6151,Saturn Vue 2005,Saturn,Vue,2005
6152,Saturn Vue 2006,Saturn,Vue,2006
6153,Saturn Vue 2007,Saturn,Vue,2007
6154,Saturn Vue 2008,Saturn,Vue,2008
6155,Saturn Vue 2009,Saturn,Vue,2009
6156,Scion Frs 2013,Scion,Frs,2013
6157,Scion Iq 2012,Scion,Iq,2012
6158,Scion Iq 2013,Scion,Iq,2013
6159,Scion Tc 2005,Scion,Tc,2005
6160,Scion Tc 2006,Scion,Tc,2006
6161,Scion Tc 2007,Scion,Tc,2007
6162,Scion Tc 2008,Scion,Tc,2008
6163,Scion Tc 2009,Scion,Tc,2009
6164,Scion Tc 2010,Scion,Tc,2010
6165,Scion Tc 2011,Scion,Tc,2011
6166,Scion Tc 2012,Scion,Tc,2012
6167,Scion Tc 2013,Scion,Tc,2013
6168,Scion Tc 2014,Scion,Tc,2014
6169,Scion Xa 2004,Scion,Xa,2004
6170,Scion Xa 2005,Scion,Xa,2005
6171,Scion Xa 2006,Scion,Xa,2006
6172,Scion Xb 2004,Scion,Xb,2004
6173,Scion Xb 2005,Scion,Xb,2005
6174,Scion Xb 2006,Scion,Xb,2006
6175,Scion Xb 2008,Scion,Xb,2008
6176,Scion Xb 2009,Scion,Xb,2009
6177,Scion Xb 2010,Scion,Xb,2010
6178,Scion Xb 2011,Scion,Xb,2011
6179,Scion Xb 2012,Scion,Xb,2012
6180,Scion Xb 2013,Scion,Xb,2013
6181,Scion Xd 2008,Scion,Xd,2008
6182,Scion Xd 2009,Scion,Xd,2009
6183,Scion Xd 2010,Scion,Xd,2010
6184,Scion Xd 2011,Scion,Xd,2011
6185,Scion Xd 2012,Scion,Xd,2012
6186,Scion Xd 2013,Scion,Xd,2013
6187,Scion Xd 2014,Scion,Xd,2014
6188,Smart Fortwo 2008,Smart,Fortwo,2008
6189,Smart Fortwo 2009,Smart,Fortwo,2009
6190,Smart Fortwo 2011,Smart,Fortwo,2011
6191,Smart Fortwo 2012,Smart,Fortwo,2012
6192,Smart Fortwo 2013,Smart,Fortwo,2013
6193,Smart Fortwo 2014,Smart,Fortwo,2014
6194,Smart Fortwo 2015,Smart,Fortwo,2015
6195,Studebaker Champion 1950,Studebaker,Champion,1950
6196,Studebaker Champion 1953,Studebaker,Champion,1953
6197,Studebaker Commander 1939,Studebaker,Commander,1939
6198,Studebaker Lark 1963,Studebaker,Lark,1963
6199,Subaru Baja 2003,Subaru,Baja,2003
6200,Subaru Baja 2004,Subaru,Baja,2004
6201,Subaru Baja 2005,Subaru,Baja,2005
6202,Subaru Baja 2006,Subaru,Baja,2006
6203,Subaru Brat 1978,Subaru,Brat,1978
6204,Subaru Brz 2013,Subaru,Brz,2013
6205,Subaru Brz 2014,Subaru,Brz,2014
6206,Subaru Brz 2015,Subaru,Brz,2015
6207,Subaru Crosstrek 2013,Subaru,Crosstrek,2013
6208,Subaru Crosstrek 2015,Subaru,Crosstrek,2015
6209,Subaru Forester 1998,Subaru,Forester,1998
6210,Subaru Forester 1999,Subaru,Forester,1999
6211,Subaru Forester 2000,Subaru,Forester,2000
6212,Subaru Forester 2001,Subaru,Forester,2001
6213,Subaru Forester 2002,Subaru,Forester,2002
6214,Subaru Forester 2003,Subaru,Forester,2003
6215,Subaru Forester 2004,Subaru,Forester,2004
6216,Subaru Forester 2005,Subaru,Forester,2005
6217,Subaru Forester 2006,Subaru,Forester,2006
6218,Subaru Forester 2007,Subaru,Forester,2007
6219,Subaru Forester 2008,Subaru,Forester,2008
6220,Subaru Forester 2009,Subaru,Forester,2009
6221,Subaru Forester 2010,Subaru,Forester,2010
6222,Subaru Forester 2011,Subaru,Forester,2011
6223,Subaru Forester 2012,Subaru,Forester,2012
6224,Subaru Forester 2013,Subaru,Forester,2013
6225,Subaru Forester 2014,Subaru,Forester,2014
6226,Subaru Forester 2015,Subaru,Forester,2015
6227,Subaru Forester 2016,Subaru,Forester,2016
6228,Subaru Impreza 1993,Subaru,Impreza,1993
6229,Subaru Impreza 1994,Subaru,Impreza,1994
6230,Subaru Impreza 1995,Subaru,Impreza,1995
6231,Subaru Impreza 1996,Subaru,Impreza,1996
6232,Subaru Impreza 1997,Subaru,Impreza,1997
6233,Subaru Impreza 1998,Subaru,Impreza,1998
6234,Subaru Impreza 1999,Subaru,Impreza,1999
6235,Subaru Impreza 2000,Subaru,Impreza,2000
6236,Subaru Impreza 2001,Subaru,Impreza,2001
6237,Subaru Impreza 2002,Subaru,Impreza,2002
6238,Subaru Impreza 2003,Subaru,Impreza,2003
6239,Subaru Impreza 2004,Subaru,Impreza,2004
6240,Subaru Impreza 2005,Subaru,Impreza,2005
6241,Subaru Impreza 2006,Subaru,Impreza,2006
6242,Subaru Impreza 2007,Subaru,Impreza,2007
6243,Subaru Impreza 2008,Subaru,Impreza,2008
6244,Subaru Impreza 2009,Subaru,Impreza,2009
6245,Subaru Impreza 2010,Subaru,Impreza,2010
6246,Subaru Impreza 2011,Subaru,Impreza,2011
6247,Subaru Impreza 2012,Subaru,Impreza,2012
6248,Subaru Impreza 2013,Subaru,Impreza,2013
6249,Subaru Impreza 2014,Subaru,Impreza,2014
6250,Subaru Impreza Wagon 2000,Subaru,Impreza Wagon,2000
6251,Subaru Impreza Wagon 2002,Subaru,Impreza Wagon,2002
6252,Subaru Impreza Wagon 2004,Subaru,Impreza Wagon,2004
6253,Subaru Impreza Wagon 2005,Subaru,Impreza Wagon,2005
6254,Subaru Impreza Wagon 2006,Subaru,Impreza Wagon,2006
6255,Subaru Impreza Wagon 2007,Subaru,Impreza Wagon,2007
6256,Subaru Impreza Wagon 2008,Subaru,Impreza Wagon,2008
6257,Subaru Impreza Wagon 2010,Subaru,Impreza Wagon,2010
6258,Subaru Impreza Wagon 2012,Subaru,Impreza Wagon,2012
6259,Subaru Impreza Wagon 2013,Subaru,Impreza Wagon,2013
6260,Subaru Impreza Wagon 2015,Subaru,Impreza Wagon,2015
6261,Subaru Legacy 1990,Subaru,Legacy,1990
6262,Subaru Legacy 1991,Subaru,Legacy,1991
6263,Subaru Legacy 1993,Subaru,Legacy,1993
6264,Subaru Legacy 1995,Subaru,Legacy,1995
6265,Subaru Legacy 1997,Subaru,Legacy,1997
6266,Subaru Legacy 1998,Subaru,Legacy,1998
6267,Subaru Legacy 1999,Subaru,Legacy,1999
6268,Subaru Legacy 2000,Subaru,Legacy,2000
6269,Subaru Legacy 2001,Subaru,Legacy,2001
6270,Subaru Legacy 2002,Subaru,Legacy,2002
6271,Subaru Legacy 2003,Subaru,Legacy,2003
6272,Subaru Legacy 2004,Subaru,Legacy,2004
6273,Subaru Legacy 2005,Subaru,Legacy,2005
6274,Subaru Legacy 2006,Subaru,Legacy,2006
6275,Subaru Legacy 2007,Subaru,Legacy,2007
6276,Subaru Legacy 2008,Subaru,Legacy,2008
6277,Subaru Legacy 2009,Subaru,Legacy,2009
6278,Subaru Legacy 2010,Subaru,Legacy,2010
6279,Subaru Legacy 2011,Subaru,Legacy,2011
6280,Subaru Legacy 2012,Subaru,Legacy,2012
6281,Subaru Legacy 2013,Subaru,Legacy,2013
6282,Subaru Legacy 2015,Subaru,Legacy,2015
6283,Subaru Legacy 2016,Subaru,Legacy,2016
6284,Subaru Outback 1991,Subaru,Outback,1991
6285,Subaru Outback 1993,Subaru,Outback,1993
6286,Subaru Outback 1996,Subaru,Outback,1996
6287,Subaru Outback 1997,Subaru,Outback,1997
6288,Subaru Outback 1998,Subaru,Outback,1998
6289,Subaru Outback 1999,Subaru,Outback,1999
6290,Subaru Outback 2000,Subaru,Outback,2000
6291,Subaru Outback 2001,Subaru,Outback,2001
6292,Subaru Outback 2002,Subaru,Outback,2002
6293,Subaru Outback 2003,Subaru,Outback,2003
6294,Subaru Outback 2004,Subaru,Outback,2004
6295,Subaru Outback 2005,Subaru,Outback,2005
6296,Subaru Outback 2006,Subaru,Outback,2006
6297,Subaru Outback 2007,Subaru,Outback,2007
6298,Subaru Outback 2008,Subaru,Outback,2008
6299,Subaru Outback 2009,Subaru,Outback,2009
6300,Subaru Outback 2010,Subaru,Outback,2010
6301,Subaru Outback 2011,Subaru,Outback,2011
6302,Subaru Outback 2012,Subaru,Outback,2012
6303,Subaru Outback 2013,Subaru,Outback,2013
6304,Subaru Outback 2014,Subaru,Outback,2014
6305,Subaru Outback 2015,Subaru,Outback,2015
6306,Subaru Svx 1992,Subaru,Svx,1992
6307,Subaru Tribeca 2006,Subaru,Tribeca,2006
6308,Subaru Tribeca 2007,Subaru,Tribeca,2007
6309,Subaru Tribeca 2008,Subaru,Tribeca,2008
6310,Subaru Wrx 2002,Subaru,Wrx,2002
6311,Subaru Wrx 2004,Subaru,Wrx,2004
6312,Subaru Wrx 2005,Subaru,Wrx,2005
6313,Subaru Wrx 2006,Subaru,Wrx,2006
6314,Subaru Wrx 2007,Subaru,Wrx,2007
6315,Subaru Wrx 2008,Subaru,Wrx,2008
6316,Subaru Wrx 2009,Subaru,Wrx,2009
6317,Subaru Wrx 2010,Subaru,Wrx,2010
6318,Subaru Wrx 2011,Subaru,Wrx,2011
6319,Subaru Wrx 2012,Subaru,Wrx,2012
6320,Subaru Wrx 2013,Subaru,Wrx,2013
6321,Subaru Wrx 2015,Subaru,Wrx,2015
6322,Subaru Wrx 2016,Subaru,Wrx,2016
6323,Sunbeam Rapier 1958,Sunbeam,Rapier,1958
6324,Suzuki Aerio 2002,Suzuki,Aerio,2002
6325,Suzuki Aerio 2003,Suzuki,Aerio,2003
6326,Suzuki Aerio 2004,Suzuki,Aerio,2004
6327,Suzuki Aerio 2005,Suzuki,Aerio,2005
6328,Suzuki Aerio 2006,Suzuki,Aerio,2006
6329,Suzuki Aerio 2007,Suzuki,Aerio,2007
6330,Suzuki Boulevard 2005,Suzuki,Boulevard,2005
6331,Suzuki Boulevard 2006,Suzuki,Boulevard,2006
6332,Suzuki Equator 2012,Suzuki,Equator,2012
6333,Suzuki Esteem 1998,Suzuki,Esteem,1998
6334,Suzuki Esteem 2000,Suzuki,Esteem,2000
6335,Suzuki Esteem 2001,Suzuki,Esteem,2001
6336,Suzuki Esteem Wagon 2001,Suzuki,Esteem Wagon,2001
6337,Suzuki Forenza 2004,Suzuki,Forenza,2004
6338,Suzuki Forenza 2005,Suzuki,Forenza,2005
6339,Suzuki Forenza 2006,Suzuki,Forenza,2006
6340,Suzuki Forenza 2007,Suzuki,Forenza,2007
6341,Suzuki Forenza 2008,Suzuki,Forenza,2008
6342,Suzuki Grand Vitara 1999,Suzuki,Grand Vitara,1999
6343,Suzuki Grand Vitara 2000,Suzuki,Grand Vitara,2000
6344,Suzuki Grand Vitara 2001,Suzuki,Grand Vitara,2001
6345,Suzuki Grand Vitara 2002,Suzuki,Grand Vitara,2002
6346,Suzuki Grand Vitara 2003,Suzuki,Grand Vitara,2003
6347,Suzuki Grand Vitara 2006,Suzuki,Grand Vitara,2006
6348,Suzuki Grand Vitara 2007,Suzuki,Grand Vitara,2007
6349,Suzuki Grand Vitara 2012,Suzuki,Grand Vitara,2012
6350,Suzuki Reno 2005,Suzuki,Reno,2005
6351,Suzuki Reno 2006,Suzuki,Reno,2006
6352,Suzuki Reno 2007,Suzuki,Reno,2007
6353,Suzuki Reno 2008,Suzuki,Reno,2008
6354,Suzuki Samurai 1986,Suzuki,Samurai,1986
6355,Suzuki Samurai 1987,Suzuki,Samurai,1987
6356,Suzuki Samurai 1988,Suzuki,Samurai,1988
6357,Suzuki Samurai 1991,Suzuki,Samurai,1991
6358,Suzuki Samurai 1992,Suzuki,Samurai,1992
6359,Suzuki Sidekick 1989,Suzuki,Sidekick,1989
6360,Suzuki Sidekick 1994,Suzuki,Sidekick,1994
6361,Suzuki Sidekick 1996,Suzuki,Sidekick,1996
6362,Suzuki Sidekick 1998,Suzuki,Sidekick,1998
6363,Suzuki Swift 2001,Suzuki,Swift,2001
6364,Suzuki Swift 2004,Suzuki,Swift,2004
6365,Suzuki Sx4 2007,Suzuki,Sx4,2007
6366,Suzuki Sx4 2008,Suzuki,Sx4,2008
6367,Suzuki Sx4 2009,Suzuki,Sx4,2009
6368,Suzuki Sx4 2010,Suzuki,Sx4,2010
6369,Suzuki Sx4 2011,Suzuki,Sx4,2011
6370,Suzuki Sx4 2012,Suzuki,Sx4,2012
6371,Suzuki Sx4 2013,Suzuki,Sx4,2013
6372,Suzuki Verona 2004,Suzuki,Verona,2004
6373,Suzuki Verona 2005,Suzuki,Verona,2005
6374,Suzuki Vitara 1999,Suzuki,Vitara,1999
6375,Suzuki Vitara 2000,Suzuki,Vitara,2000
6376,Suzuki Vitara 2002,Suzuki,Vitara,2002
6377,Suzuki Vitara 2003,Suzuki,Vitara,2003
6378,Suzuki X90 1996,Suzuki,X90,1996
6379,Suzuki Xl7 2001,Suzuki,Xl7,2001
6380,Suzuki Xl7 2002,Suzuki,Xl7,2002
6381,Suzuki Xl7 2003,Suzuki,Xl7,2003
6382,Suzuki Xl7 2004,Suzuki,Xl7,2004
6383,Suzuki Xl7 2005,Suzuki,Xl7,2005
6384,Suzuki Xl7 2006,Suzuki,Xl7,2006
6385,Suzuki Xl7 2007,Suzuki,Xl7,2007
6386,Suzuki Xl7 2008,Suzuki,Xl7,2008
6387,Tesla S 2013,Tesla,S,2013
6388,Toyota 1-Ton Truck 1990,Toyota,1-Ton Truck,1990
6389,Toyota 4Runner 1984,Toyota,4Runner,1984
6390,Toyota 4Runner 1985,Toyota,4Runner,1985
6391,Toyota 4Runner 1986,Toyota,4Runner,1986
6392,Toyota 4Runner 1987,Toyota,4Runner,1987
6393,Toyota 4Runner 1988,Toyota,4Runner,1988
6394,Toyota 4Runner 1989,Toyota,4Runner,1989
6395,Toyota 4Runner 1990,Toyota,4Runner,1990
6396,Toyota 4Runner 1991,Toyota,4Runner,1991
6397,Toyota 4Runner 1992,Toyota,4Runner,1992
6398,Toyota 4Runner 1993,Toyota,4Runner,1993
6399,Toyota 4Runner 1994,Toyota,4Runner,1994
6400,Toyota 4Runner 1995,Toyota,4Runner,1995
6401,Toyota 4Runner 1996,Toyota,4Runner,1996
6402,Toyota 4Runner 1997,Toyota,4Runner,1997
6403,Toyota 4Runner 1998,Toyota,4Runner,1998
6404,Toyota 4Runner 1999,Toyota,4Runner,1999
6405,Toyota 4Runner 2000,Toyota,4Runner,2000
6406,Toyota 4Runner 2001,Toyota,4Runner,2001
6407,Toyota 4Runner 2002,Toyota,4Runner,2002
6408,Toyota 4Runner 2003,Toyota,4Runner,2003
6409,Toyota 4Runner 2004,Toyota,4Runner,2004
6410,Toyota 4Runner 2005,Toyota,4Runner,2005
6411,Toyota 4Runner 2006,Toyota,4Runner,2006
6412,Toyota 4Runner 2007,Toyota,4Runner,2007
6413,Toyota 4Runner 2008,Toyota,4Runner,2008
6414,Toyota 4Runner 2009,Toyota,4Runner,2009
6415,Toyota 4Runner 2010,Toyota,4Runner,2010
6416,Toyota 4Runner 2011,Toyota,4Runner,2011
6417,Toyota 4Runner 2012,Toyota,4Runner,2012
6418,Toyota 4Runner 2013,Toyota,4Runner,2013
6419,Toyota 4Runner 2014,Toyota,4Runner,2014
6420,Toyota 4Runner 2015,Toyota,4Runner,2015
6421,Toyota 4Runner 2016,Toyota,4Runner,2016
6422,Toyota Aristo 2000,Toyota,Aristo,2000
6423,Toyota Avalon 1995,Toyota,Avalon,1995
6424,Toyota Avalon 1996,Toyota,Avalon,1996
6425,Toyota Avalon 1997,Toyota,Avalon,1997
6426,Toyota Avalon 1998,Toyota,Avalon,1998
6427,Toyota Avalon 1999,Toyota,Avalon,1999
6428,Toyota Avalon 2000,Toyota,Avalon,2000
6429,Toyota Avalon 2001,Toyota,Avalon,2001
6430,Toyota Avalon 2002,Toyota,Avalon,2002
6431,Toyota Avalon 2003,Toyota,Avalon,2003
6432,Toyota Avalon 2004,Toyota,Avalon,2004
6433,Toyota Avalon 2005,Toyota,Avalon,2005
6434,Toyota Avalon 2006,Toyota,Avalon,2006
6435,Toyota Avalon 2007,Toyota,Avalon,2007
6436,Toyota Avalon 2008,Toyota,Avalon,2008
6437,Toyota Avalon 2009,Toyota,Avalon,2009
6438,Toyota Avalon 2010,Toyota,Avalon,2010
6439,Toyota Avalon 2011,Toyota,Avalon,2011
6440,Toyota Avalon 2012,Toyota,Avalon,2012
6441,Toyota Avalon 2013,Toyota,Avalon,2013
6442,Toyota Avalon 2014,Toyota,Avalon,2014
6443,Toyota Camry 1986,Toyota,Camry,1986
6444,Toyota Camry 1987,Toyota,Camry,1987
6445,Toyota Camry 1988,Toyota,Camry,1988
6446,Toyota Camry 1989,Toyota,Camry,1989
6447,Toyota Camry 1990,Toyota,Camry,1990
6448,Toyota Camry 1991,Toyota,Camry,1991
6449,Toyota Camry 1992,Toyota,Camry,1992
6450,Toyota Camry 1993,Toyota,Camry,1993
6451,Toyota Camry 1994,Toyota,Camry,1994
6452,Toyota Camry 1995,Toyota,Camry,1995
6453,Toyota Camry 1996,Toyota,Camry,1996
6454,Toyota Camry 1997,Toyota,Camry,1997
6455,Toyota Camry 1998,Toyota,Camry,1998
6456,Toyota Camry 1999,Toyota,Camry,1999
6457,Toyota Camry 2000,Toyota,Camry,2000
6458,Toyota Camry 2001,Toyota,Camry,2001
6459,Toyota Camry 2002,Toyota,Camry,2002
6460,Toyota Camry 2003,Toyota,Camry,2003
6461,Toyota Camry 2004,Toyota,Camry,2004
6462,Toyota Camry 2005,Toyota,Camry,2005
6463,Toyota Camry 2006,Toyota,Camry,2006
6464,Toyota Camry 2007,Toyota,Camry,2007
6465,Toyota Camry 2008,Toyota,Camry,2008
6466,Toyota Camry 2009,Toyota,Camry,2009
6467,Toyota Camry 2010,Toyota,Camry,2010
6468,Toyota Camry 2011,Toyota,Camry,2011
6469,Toyota Camry 2012,Toyota,Camry,2012
6470,Toyota Camry 2013,Toyota,Camry,2013
6471,Toyota Camry 2014,Toyota,Camry,2014
6472,Toyota Camry 2015,Toyota,Camry,2015
6473,Toyota Camry Le 1987,Toyota,Camry Le,1987
6474,Toyota Camry Le 1992,Toyota,Camry Le,1992
6475,Toyota Camry Le 1997,Toyota,Camry Le,1997
6476,Toyota Camry Le 1998,Toyota,Camry Le,1998
6477,Toyota Camry Le 1999,Toyota,Camry Le,1999
6478,Toyota Camry Le 2000,Toyota,Camry Le,2000
6479,Toyota Camry Le 2001,Toyota,Camry Le,2001
6480,Toyota Camry Le 2002,Toyota,Camry Le,2002
6481,Toyota Camry Le 2003,Toyota,Camry Le,2003
6482,Toyota Camry Le 2004,Toyota,Camry Le,2004
6483,Toyota Camry Le 2005,Toyota,Camry Le,2005
6484,Toyota Camry Le 2006,Toyota,Camry Le,2006
6485,Toyota Camry Le 2007,Toyota,Camry Le,2007
6486,Toyota Camry Le 2008,Toyota,Camry Le,2008
6487,Toyota Camry Le 2009,Toyota,Camry Le,2009
6488,Toyota Camry Le 2010,Toyota,Camry Le,2010
6489,Toyota Camry Le 2011,Toyota,Camry Le,2011
6490,Toyota Camry Le 2012,Toyota,Camry Le,2012
6491,Toyota Camry Le 2013,Toyota,Camry Le,2013
6492,Toyota Camry Le 2014,Toyota,Camry Le,2014
6493,Toyota Camry Le 2015,Toyota,Camry Le,2015
6494,Toyota Camry Le 2016,Toyota,Camry Le,2016
6495,Toyota Camry Se 1994,Toyota,Camry Se,1994
6496,Toyota Camry Se 2002,Toyota,Camry Se,2002
6497,Toyota Camry Se 2004,Toyota,Camry Se,2004
6498,Toyota Camry Se 2005,Toyota,Camry Se,2005
6499,Toyota Camry Se 2006,Toyota,Camry Se,2006
6500,Toyota Camry Se 2007,Toyota,Camry Se,2007
6501,Toyota Camry Se 2011,Toyota,Camry Se,2011
6502,Toyota Camry Se 2012,Toyota,Camry Se,2012
6503,Toyota Camry Se 2013,Toyota,Camry Se,2013
6504,Toyota Camry Se 2015,Toyota,Camry Se,2015
6505,Toyota Camry Solara 1999,Toyota,Camry Solara,1999
6506,Toyota Camry Solara 2000,Toyota,Camry Solara,2000
6507,Toyota Camry Solara 2001,Toyota,Camry Solara,2001
6508,Toyota Camry Solara 2002,Toyota,Camry Solara,2002
6509,Toyota Camry Solara 2005,Toyota,Camry Solara,2005
6510,Toyota Camry Solara 2007,Toyota,Camry Solara,2007
6511,Toyota Camry Solara 2008,Toyota,Camry Solara,2008
6512,Toyota Camry Solara Convertible 2005,Toyota,Camry Solara Convertible,2005
6513,Toyota Camry Xle 2003,Toyota,Camry Xle,2003
6514,Toyota Camry Xle 2005,Toyota,Camry Xle,2005
6515,Toyota Camry Xle 2007,Toyota,Camry Xle,2007
6516,Toyota Camry Xle 2008,Toyota,Camry Xle,2008
6517,Toyota Camry Xle 2009,Toyota,Camry Xle,2009
6518,Toyota Camry Xle 2012,Toyota,Camry Xle,2012
6519,Toyota Camry Xle 2013,Toyota,Camry Xle,2013
6520,Toyota Celica 1978,Toyota,Celica,1978
6521,Toyota Celica 1981,Toyota,Celica,1981
6522,Toyota Celica 1982,Toyota,Celica,1982
6523,Toyota Celica 1984,Toyota,Celica,1984
6524,Toyota Celica 1986,Toyota,Celica,1986
6525,Toyota Celica 1988,Toyota,Celica,1988
6526,Toyota Celica 1989,Toyota,Celica,1989
6527,Toyota Celica 1990,Toyota,Celica,1990
6528,Toyota Celica 1991,Toyota,Celica,1991
6529,Toyota Celica 1992,Toyota,Celica,1992
6530,Toyota Celica 1993,Toyota,Celica,1993
6531,Toyota Celica 1994,Toyota,Celica,1994
6532,Toyota Celica 1995,Toyota,Celica,1995
6533,Toyota Celica 1996,Toyota,Celica,1996
6534,Toyota Celica 1997,Toyota,Celica,1997
6535,Toyota Celica 1999,Toyota,Celica,1999
6536,Toyota Celica 2000,Toyota,Celica,2000
6537,Toyota Celica 2001,Toyota,Celica,2001
6538,Toyota Celica 2002,Toyota,Celica,2002
6539,Toyota Celica 2003,Toyota,Celica,2003
6540,Toyota Celica 2004,Toyota,Celica,2004
6541,Toyota Celica 2005,Toyota,Celica,2005
6542,Toyota Celica Convertible 1985,Toyota,Celica Convertible,1985
6543,Toyota Celica Convertible 1987,Toyota,Celica Convertible,1987
6544,Toyota Celica Convertible 1995,Toyota,Celica Convertible,1995
6545,Toyota Corolla 1975,Toyota,Corolla,1975
6546,Toyota Corolla 1978,Toyota,Corolla,1978
6547,Toyota Corolla 1979,Toyota,Corolla,1979
6548,Toyota Corolla 1980,Toyota,Corolla,1980
6549,Toyota Corolla 1981,Toyota,Corolla,1981
6550,Toyota Corolla 1982,Toyota,Corolla,1982
6551,Toyota Corolla 1983,Toyota,Corolla,1983
6552,Toyota Corolla 1984,Toyota,Corolla,1984
6553,Toyota Corolla 1985,Toyota,Corolla,1985
6554,Toyota Corolla 1986,Toyota,Corolla,1986
6555,Toyota Corolla 1987,Toyota,Corolla,1987
6556,Toyota Corolla 1988,Toyota,Corolla,1988
6557,Toyota Corolla 1989,Toyota,Corolla,1989
6558,Toyota Corolla 1990,Toyota,Corolla,1990
6559,Toyota Corolla 1991,Toyota,Corolla,1991
6560,Toyota Corolla 1992,Toyota,Corolla,1992
6561,Toyota Corolla 1993,Toyota,Corolla,1993
6562,Toyota Corolla 1994,Toyota,Corolla,1994
6563,Toyota Corolla 1995,Toyota,Corolla,1995
6564,Toyota Corolla 1996,Toyota,Corolla,1996
6565,Toyota Corolla 1997,Toyota,Corolla,1997
6566,Toyota Corolla 1998,Toyota,Corolla,1998
6567,Toyota Corolla 1999,Toyota,Corolla,1999
6568,Toyota Corolla 2000,Toyota,Corolla,2000
6569,Toyota Corolla 2001,Toyota,Corolla,2001
6570,Toyota Corolla 2002,Toyota,Corolla,2002
6571,Toyota Corolla 2003,Toyota,Corolla,2003
6572,Toyota Corolla 2004,Toyota,Corolla,2004
6573,Toyota Corolla 2005,Toyota,Corolla,2005
6574,Toyota Corolla 2006,Toyota,Corolla,2006
6575,Toyota Corolla 2007,Toyota,Corolla,2007
6576,Toyota Corolla 2008,Toyota,Corolla,2008
6577,Toyota Corolla 2009,Toyota,Corolla,2009
6578,Toyota Corolla 2010,Toyota,Corolla,2010
6579,Toyota Corolla 2011,Toyota,Corolla,2011
6580,Toyota Corolla 2012,Toyota,Corolla,2012
6581,Toyota Corolla 2013,Toyota,Corolla,2013
6582,Toyota Corolla 2014,Toyota,Corolla,2014
6583,Toyota Corolla 2015,Toyota,Corolla,2015
6584,Toyota Corolla Ce 2000,Toyota,Corolla Ce,2000
6585,Toyota Corolla Ce 2001,Toyota,Corolla Ce,2001
6586,Toyota Corolla Ce 2005,Toyota,Corolla Ce,2005
6587,Toyota Corolla Ce 2007,Toyota,Corolla Ce,2007
6588,Toyota Corolla Ce 2010,Toyota,Corolla Ce,2010
6589,Toyota Corolla Ce 2012,Toyota,Corolla Ce,2012
6590,Toyota Corolla Dx 1990,Toyota,Corolla Dx,1990
6591,Toyota Corolla Dx 1997,Toyota,Corolla Dx,1997
6592,Toyota Corolla Le 2003,Toyota,Corolla Le,2003
6593,Toyota Corolla Le 2004,Toyota,Corolla Le,2004
6594,Toyota Corolla Le 2005,Toyota,Corolla Le,2005
6595,Toyota Corolla Le 2006,Toyota,Corolla Le,2006
6596,Toyota Corolla Le 2009,Toyota,Corolla Le,2009
6597,Toyota Corolla Le 2010,Toyota,Corolla Le,2010
6598,Toyota Corolla Le 2011,Toyota,Corolla Le,2011
6599,Toyota Corolla Le 2012,Toyota,Corolla Le,2012
6600,Toyota Corolla Le 2013,Toyota,Corolla Le,2013
6601,Toyota Corolla Le 2014,Toyota,Corolla Le,2014
6602,Toyota Corolla Le 2015,Toyota,Corolla Le,2015
6603,Toyota Corolla S 2002,Toyota,Corolla S,2002
6604,Toyota Corolla S 2003,Toyota,Corolla S,2003
6605,Toyota Corolla S 2004,Toyota,Corolla S,2004
6606,Toyota Corolla S 2005,Toyota,Corolla S,2005
6607,Toyota Corolla S 2007,Toyota,Corolla S,2007
6608,Toyota Corolla S 2009,Toyota,Corolla S,2009
6609,Toyota Corolla S 2010,Toyota,Corolla S,2010
6610,Toyota Corolla S 2011,Toyota,Corolla S,2011
6611,Toyota Corolla S 2012,Toyota,Corolla S,2012
6612,Toyota Corolla S 2015,Toyota,Corolla S,2015
6613,Toyota Corolla Wagon 1996,Toyota,Corolla Wagon,1996
6614,Toyota Echo 2000,Toyota,Echo,2000
6615,Toyota Echo 2001,Toyota,Echo,2001
6616,Toyota Echo 2002,Toyota,Echo,2002
6617,Toyota Echo 2003,Toyota,Echo,2003
6618,Toyota Echo 2004,Toyota,Echo,2004
6619,Toyota Echo 2005,Toyota,Echo,2005
6620,Toyota Fj40 1972,Toyota,Fj40,1972
6621,Toyota Fjcruiser 2007,Toyota,Fjcruiser,2007
6622,Toyota Fjcruiser 2008,Toyota,Fjcruiser,2008
6623,Toyota Fjcruiser 2009,Toyota,Fjcruiser,2009
6624,Toyota Fjcruiser 2010,Toyota,Fjcruiser,2010
6625,Toyota Fjcruiser 2011,Toyota,Fjcruiser,2011
6626,Toyota Fjcruiser 2012,Toyota,Fjcruiser,2012
6627,Toyota Fjcruiser 2014,Toyota,Fjcruiser,2014
6628,Toyota Fortuner 2013,Toyota,Fortuner,2013
6629,Toyota Hiace 2012,Toyota,Hiace,2012
6630,Toyota Highlander 2001,Toyota,Highlander,2001
6631,Toyota Highlander 2002,Toyota,Highlander,2002
6632,Toyota Highlander 2003,Toyota,Highlander,2003
6633,Toyota Highlander 2004,Toyota,Highlander,2004
6634,Toyota Highlander 2005,Toyota,Highlander,2005
6635,Toyota Highlander 2006,Toyota,Highlander,2006
6636,Toyota Highlander 2007,Toyota,Highlander,2007
6637,Toyota Highlander 2008,Toyota,Highlander,2008
6638,Toyota Highlander 2009,Toyota,Highlander,2009
6639,Toyota Highlander 2010,Toyota,Highlander,2010
6640,Toyota Highlander 2011,Toyota,Highlander,2011
6641,Toyota Highlander 2012,Toyota,Highlander,2012
6642,Toyota Highlander 2013,Toyota,Highlander,2013
6643,Toyota Highlander 2014,Toyota,Highlander,2014
6644,Toyota Highlander 2016,Toyota,Highlander,2016
6645,Toyota Hilux 1973,Toyota,Hilux,1973
6646,Toyota Hilux 1974,Toyota,Hilux,1974
6647,Toyota Hilux 1993,Toyota,Hilux,1993
6648,Toyota Hilux 2014,Toyota,Hilux,2014
6649,Toyota Landcruiser 1964,Toyota,Landcruiser,1964
6650,Toyota Landcruiser 1965,Toyota,Landcruiser,1965
6651,Toyota Landcruiser 1971,Toyota,Landcruiser,1971
6652,Toyota Landcruiser 1972,Toyota,Landcruiser,1972
6653,Toyota Landcruiser 1980,Toyota,Landcruiser,1980
6654,Toyota Landcruiser 1983,Toyota,Landcruiser,1983
6655,Toyota Landcruiser 1984,Toyota,Landcruiser,1984
6656,Toyota Landcruiser 1985,Toyota,Landcruiser,1985
6657,Toyota Landcruiser 1988,Toyota,Landcruiser,1988
6658,Toyota Landcruiser 1989,Toyota,Landcruiser,1989
6659,Toyota Landcruiser 1991,Toyota,Landcruiser,1991
6660,Toyota Landcruiser 1992,Toyota,Landcruiser,1992
6661,Toyota Landcruiser 1993,Toyota,Landcruiser,1993
6662,Toyota Landcruiser 1994,Toyota,Landcruiser,1994
6663,Toyota Landcruiser 1996,Toyota,Landcruiser,1996
6664,Toyota Landcruiser 1997,Toyota,Landcruiser,1997
6665,Toyota Landcruiser 1998,Toyota,Landcruiser,1998
6666,Toyota Landcruiser 1999,Toyota,Landcruiser,1999
6667,Toyota Landcruiser 2000,Toyota,Landcruiser,2000
6668,Toyota Landcruiser 2001,Toyota,Landcruiser,2001
6669,Toyota Landcruiser 2002,Toyota,Landcruiser,2002
6670,Toyota Landcruiser 2006,Toyota,Landcruiser,2006
6671,Toyota Landcruiser 2008,Toyota,Landcruiser,2008
6672,Toyota Landcruiser 2014,Toyota,Landcruiser,2014
6673,Toyota Landcruiser 2016,Toyota,Landcruiser,2016
6674,Toyota Matrix 2003,Toyota,Matrix,2003
6675,Toyota Matrix 2004,Toyota,Matrix,2004
6676,Toyota Matrix 2005,Toyota,Matrix,2005
6677,Toyota Matrix 2006,Toyota,Matrix,2006
6678,Toyota Matrix 2007,Toyota,Matrix,2007
6679,Toyota Matrix 2008,Toyota,Matrix,2008
6680,Toyota Matrix 2009,Toyota,Matrix,2009
6681,Toyota Matrix 2010,Toyota,Matrix,2010
6682,Toyota Matrix 2011,Toyota,Matrix,2011
6683,Toyota Matrix 2012,Toyota,Matrix,2012
6684,Toyota Matrix 2013,Toyota,Matrix,2013
6685,Toyota Mr2 1986,Toyota,Mr2,1986
6686,Toyota Mr2 1987,Toyota,Mr2,1987
6687,Toyota Mr2 1988,Toyota,Mr2,1988
6688,Toyota Mr2 1989,Toyota,Mr2,1989
6689,Toyota Mr2 1991,Toyota,Mr2,1991
6690,Toyota Mr2 1992,Toyota,Mr2,1992
6691,Toyota Mr2 1993,Toyota,Mr2,1993
6692,Toyota Mr2 1994,Toyota,Mr2,1994
6693,Toyota Mr2 2000,Toyota,Mr2,2000
6694,Toyota Mr2 2001,Toyota,Mr2,2001
6695,Toyota Mr2 2002,Toyota,Mr2,2002
6696,Toyota Mr2 2003,Toyota,Mr2,2003
6697,Toyota Paseo 1992,Toyota,Paseo,1992
6698,Toyota Paseo 1993,Toyota,Paseo,1993
6699,Toyota Paseo 1994,Toyota,Paseo,1994
6700,Toyota Paseo 1995,Toyota,Paseo,1995
6701,Toyota Paseo 1996,Toyota,Paseo,1996
6702,Toyota Paseo 1997,Toyota,Paseo,1997
6703,Toyota Pickup 1978,Toyota,Pickup,1978
6704,Toyota Pickup 1979,Toyota,Pickup,1979
6705,Toyota Pickup 1983,Toyota,Pickup,1983
6706,Toyota Pickup 1984,Toyota,Pickup,1984
6707,Toyota Pickup 1985,Toyota,Pickup,1985
6708,Toyota Pickup 1986,Toyota,Pickup,1986
6709,Toyota Pickup 1987,Toyota,Pickup,1987
6710,Toyota Pickup 1988,Toyota,Pickup,1988
6711,Toyota Pickup 1989,Toyota,Pickup,1989
6712,Toyota Pickup 1990,Toyota,Pickup,1990
6713,Toyota Pickup 1991,Toyota,Pickup,1991
6714,Toyota Pickup 1992,Toyota,Pickup,1992
6715,Toyota Pickup 1993,Toyota,Pickup,1993
6716,Toyota Pickup 1994,Toyota,Pickup,1994
6717,Toyota Previa 1991,Toyota,Previa,1991
6718,Toyota Previa 1992,Toyota,Previa,1992
6719,Toyota Previa 1993,Toyota,Previa,1993
6720,Toyota Previa 1994,Toyota,Previa,1994
6721,Toyota Previa 1995,Toyota,Previa,1995
6722,Toyota Previa 1996,Toyota,Previa,1996
6723,Toyota Previa 1997,Toyota,Previa,1997
6724,Toyota Prius 2001,Toyota,Prius,2001
6725,Toyota Prius 2002,Toyota,Prius,2002
6726,Toyota Prius 2003,Toyota,Prius,2003
6727,Toyota Prius 2004,Toyota,Prius,2004
6728,Toyota Prius 2005,Toyota,Prius,2005
6729,Toyota Prius 2006,Toyota,Prius,2006
6730,Toyota Prius 2007,Toyota,Prius,2007
6731,Toyota Prius 2008,Toyota,Prius,2008
6732,Toyota Prius 2009,Toyota,Prius,2009
6733,Toyota Prius 2010,Toyota,Prius,2010
6734,Toyota Prius 2011,Toyota,Prius,2011
6735,Toyota Prius 2012,Toyota,Prius,2012
6736,Toyota Prius 2013,Toyota,Prius,2013
6737,Toyota Prius 2014,Toyota,Prius,2014
6738,Toyota Prius 2015,Toyota,Prius,2015
6739,Toyota Prius 2016,Toyota,Prius,2016
6740,Toyota Rav4 1996,Toyota,Rav4,1996
6741,Toyota Rav4 1997,Toyota,Rav4,1997
6742,Toyota Rav4 1998,Toyota,Rav4,1998
6743,Toyota Rav4 1999,Toyota,Rav4,1999
6744,Toyota Rav4 2000,Toyota,Rav4,2000
6745,Toyota Rav4 2001,Toyota,Rav4,2001
6746,Toyota Rav4 2002,Toyota,Rav4,2002
6747,Toyota Rav4 2003,Toyota,Rav4,2003
6748,Toyota Rav4 2004,Toyota,Rav4,2004
6749,Toyota Rav4 2005,Toyota,Rav4,2005
6750,Toyota Rav4 2006,Toyota,Rav4,2006
6751,Toyota Rav4 2007,Toyota,Rav4,2007
6752,Toyota Rav4 2008,Toyota,Rav4,2008
6753,Toyota Rav4 2009,Toyota,Rav4,2009
6754,Toyota Rav4 2010,Toyota,Rav4,2010
6755,Toyota Rav4 2011,Toyota,Rav4,2011
6756,Toyota Rav4 2012,Toyota,Rav4,2012
6757,Toyota Rav4 2013,Toyota,Rav4,2013
6758,Toyota Rav4 2014,Toyota,Rav4,2014
6759,Toyota Rav4 2015,Toyota,Rav4,2015
6760,Toyota Scion 2004,Toyota,Scion,2004
6761,Toyota Scion 2005,Toyota,Scion,2005
6762,Toyota Scion 2006,Toyota,Scion,2006
6763,Toyota Scion 2007,Toyota,Scion,2007
6764,Toyota Scion 2009,Toyota,Scion,2009
6765,Toyota Scion 2011,Toyota,Scion,2011
6766,Toyota Scion 2012,Toyota,Scion,2012
6767,Toyota Scion 2014,Toyota,Scion,2014
6768,Toyota Scion 2016,Toyota,Scion,2016
6769,Toyota Sequoia 2001,Toyota,Sequoia,2001
6770,Toyota Sequoia 2002,Toyota,Sequoia,2002
6771,Toyota Sequoia 2003,Toyota,Sequoia,2003
6772,Toyota Sequoia 2004,Toyota,Sequoia,2004
6773,Toyota Sequoia 2005,Toyota,Sequoia,2005
6774,Toyota Sequoia 2006,Toyota,Sequoia,2006
6775,Toyota Sequoia 2007,Toyota,Sequoia,2007
6776,Toyota Sequoia 2008,Toyota,Sequoia,2008
6777,Toyota Sequoia 2010,Toyota,Sequoia,2010
6778,Toyota Sequoia 2011,Toyota,Sequoia,2011
6779,Toyota Sequoia 2012,Toyota,Sequoia,2012
6780,Toyota Sequoia 2013,Toyota,Sequoia,2013
6781,Toyota Sequoia 2014,Toyota,Sequoia,2014
6782,Toyota Sienna 1998,Toyota,Sienna,1998
6783,Toyota Sienna 1999,Toyota,Sienna,1999
6784,Toyota Sienna 2000,Toyota,Sienna,2000
6785,Toyota Sienna 2001,Toyota,Sienna,2001
6786,Toyota Sienna 2002,Toyota,Sienna,2002
6787,Toyota Sienna 2003,Toyota,Sienna,2003
6788,Toyota Sienna 2004,Toyota,Sienna,2004
6789,Toyota Sienna 2005,Toyota,Sienna,2005
6790,Toyota Sienna 2006,Toyota,Sienna,2006
6791,Toyota Sienna 2007,Toyota,Sienna,2007
6792,Toyota Sienna 2008,Toyota,Sienna,2008
6793,Toyota Sienna 2009,Toyota,Sienna,2009
6794,Toyota Sienna 2010,Toyota,Sienna,2010
6795,Toyota Sienna 2011,Toyota,Sienna,2011
6796,Toyota Sienna 2012,Toyota,Sienna,2012
6797,Toyota Sienna 2013,Toyota,Sienna,2013
6798,Toyota Sienna 2014,Toyota,Sienna,2014
6799,Toyota Sienna 2015,Toyota,Sienna,2015
6800,Toyota Solara 1999,Toyota,Solara,1999
6801,Toyota Solara 2000,Toyota,Solara,2000
6802,Toyota Solara 2001,Toyota,Solara,2001
6803,Toyota Solara 2002,Toyota,Solara,2002
6804,Toyota Solara 2003,Toyota,Solara,2003
6805,Toyota Solara 2004,Toyota,Solara,2004
6806,Toyota Solara 2005,Toyota,Solara,2005
6807,Toyota Solara 2006,Toyota,Solara,2006
6808,Toyota Solara 2007,Toyota,Solara,2007
6809,Toyota Solara Convertable 2005,Toyota,Solara Convertable,2005
6810,Toyota Solara Convertible 2007,Toyota,Solara Convertible,2007
6811,Toyota Starlet 1981,Toyota,Starlet,1981
6812,Toyota Supra 1984,Toyota,Supra,1984
6813,Toyota Supra 1985,Toyota,Supra,1985
6814,Toyota Supra 1986,Toyota,Supra,1986
6815,Toyota Supra 1987,Toyota,Supra,1987
6816,Toyota Supra 1988,Toyota,Supra,1988
6817,Toyota Supra 1989,Toyota,Supra,1989
6818,Toyota Supra 1990,Toyota,Supra,1990
6819,Toyota Supra 1993,Toyota,Supra,1993
6820,Toyota Supra 1994,Toyota,Supra,1994
6821,Toyota Supra 1995,Toyota,Supra,1995
6822,Toyota Supra 1997,Toyota,Supra,1997
6823,Toyota Supra 2004,Toyota,Supra,2004
6824,Toyota T100 1993,Toyota,T100,1993
6825,Toyota T100 1994,Toyota,T100,1994
6826,Toyota T100 1995,Toyota,T100,1995
6827,Toyota T100 1996,Toyota,T100,1996
6828,Toyota T100 1997,Toyota,T100,1997
6829,Toyota Tacoma 1988,Toyota,Tacoma,1988
6830,Toyota Tacoma 1989,Toyota,Tacoma,1989
6831,Toyota Tacoma 1990,Toyota,Tacoma,1990
6832,Toyota Tacoma 1992,Toyota,Tacoma,1992
6833,Toyota Tacoma 1994,Toyota,Tacoma,1994
6834,Toyota Tacoma 1995,Toyota,Tacoma,1995
6835,Toyota Tacoma 1996,Toyota,Tacoma,1996
6836,Toyota Tacoma 1997,Toyota,Tacoma,1997
6837,Toyota Tacoma 1998,Toyota,Tacoma,1998
6838,Toyota Tacoma 1999,Toyota,Tacoma,1999
6839,Toyota Tacoma 2000,Toyota,Tacoma,2000
6840,Toyota Tacoma 2001,Toyota,Tacoma,2001
6841,Toyota Tacoma 2002,Toyota,Tacoma,2002
6842,Toyota Tacoma 2003,Toyota,Tacoma,2003
6843,Toyota Tacoma 2004,Toyota,Tacoma,2004
6844,Toyota Tacoma 2005,Toyota,Tacoma,2005
6845,Toyota Tacoma 2006,Toyota,Tacoma,2006
6846,Toyota Tacoma 2007,Toyota,Tacoma,2007
6847,Toyota Tacoma 2008,Toyota,Tacoma,2008
6848,Toyota Tacoma 2009,Toyota,Tacoma,2009
6849,Toyota Tacoma 2010,Toyota,Tacoma,2010
6850,Toyota Tacoma 2011,Toyota,Tacoma,2011
6851,Toyota Tacoma 2012,Toyota,Tacoma,2012
6852,Toyota Tacoma 2013,Toyota,Tacoma,2013
6853,Toyota Tacoma 2014,Toyota,Tacoma,2014
6854,Toyota Tacoma 2015,Toyota,Tacoma,2015
6855,Toyota Tacoma 2016,Toyota,Tacoma,2016
6856,Toyota Tercel 1983,Toyota,Tercel,1983
6857,Toyota Tercel 1985,Toyota,Tercel,1985
6858,Toyota Tercel 1988,Toyota,Tercel,1988
6859,Toyota Tercel 1990,Toyota,Tercel,1990
6860,Toyota Tercel 1991,Toyota,Tercel,1991
6861,Toyota Tercel 1992,Toyota,Tercel,1992
6862,Toyota Tercel 1993,Toyota,Tercel,1993
6863,Toyota Tercel 1994,Toyota,Tercel,1994
6864,Toyota Tercel 1995,Toyota,Tercel,1995
6865,Toyota Tercel 1996,Toyota,Tercel,1996
6866,Toyota Tercel 1997,Toyota,Tercel,1997
6867,Toyota Tercel 1998,Toyota,Tercel,1998
6868,Toyota Tercel 1999,Toyota,Tercel,1999
6869,Toyota Tercel 2000,Toyota,Tercel,2000
6870,Toyota Tundra 2000,Toyota,Tundra,2000
6871,Toyota Tundra 2001,Toyota,Tundra,2001
6872,Toyota Tundra 2002,Toyota,Tundra,2002
6873,Toyota Tundra 2003,Toyota,Tundra,2003
6874,Toyota Tundra 2004,Toyota,Tundra,2004
6875,Toyota Tundra 2005,Toyota,Tundra,2005
6876,Toyota Tundra 2006,Toyota,Tundra,2006
6877,Toyota Tundra 2007,Toyota,Tundra,2007
6878,Toyota Tundra 2008,Toyota,Tundra,2008
6879,Toyota Tundra 2010,Toyota,Tundra,2010
6880,Toyota Tundra 2011,Toyota,Tundra,2011
6881,Toyota Tundra 2012,Toyota,Tundra,2012
6882,Toyota Tundra 2013,Toyota,Tundra,2013
6883,Toyota Tundra 2014,Toyota,Tundra,2014
6884,Toyota Tundra 2015,Toyota,Tundra,2015
6885,Toyota Tundra 2016,Toyota,Tundra,2016
6886,Toyota Van 1986,Toyota,Van,1986
6887,Toyota Van 1987,Toyota,Van,1987
6888,Toyota Venza 2009,Toyota,Venza,2009
6889,Toyota Venza 2010,Toyota,Venza,2010
6890,Toyota Venza 2011,Toyota,Venza,2011
6891,Toyota Venza 2012,Toyota,Venza,2012
6892,Toyota Venza 2013,Toyota,Venza,2013
6893,Toyota Yaris 2007,Toyota,Yaris,2007
6894,Toyota Yaris 2008,Toyota,Yaris,2008
6895,Toyota Yaris 2009,Toyota,Yaris,2009
6896,Toyota Yaris 2010,Toyota,Yaris,2010
6897,Toyota Yaris 2011,Toyota,Yaris,2011
6898,Toyota Yaris 2012,Toyota,Yaris,2012
6899,Toyota Yaris 2013,Toyota,Yaris,2013
6900,Toyota Yaris 2014,Toyota,Yaris,2014
6901,Toyota Yaris 2015,Toyota,Yaris,2015
6902,Triumph Spitfire 1973,Triumph,Spitfire,1973
6903,Triumph Spitfire 1975,Triumph,Spitfire,1975
6904,Triumph Spitfire 1978,Triumph,Spitfire,1978
6905,Triumph Tr 1975,Triumph,Tr,1975
6906,Triumph Tr 1976,Triumph,Tr,1976
6907,Triumph Tr 1980,Triumph,Tr,1980
6908,Triumph Vitesse 1965,Triumph,Vitesse,1965
6909,Volkswagen Atlantic 1987,Volkswagen,Atlantic,1987
6910,Volkswagen Beetle 1957,Volkswagen,Beetle,1957
6911,Volkswagen Beetle 1963,Volkswagen,Beetle,1963
6912,Volkswagen Beetle 1965,Volkswagen,Beetle,1965
6913,Volkswagen Beetle 1966,Volkswagen,Beetle,1966
6914,Volkswagen Beetle 1967,Volkswagen,Beetle,1967
6915,Volkswagen Beetle 1968,Volkswagen,Beetle,1968
6916,Volkswagen Beetle 1969,Volkswagen,Beetle,1969
6917,Volkswagen Beetle 1970,Volkswagen,Beetle,1970
6918,Volkswagen Beetle 1971,Volkswagen,Beetle,1971
6919,Volkswagen Beetle 1972,Volkswagen,Beetle,1972
6920,Volkswagen Beetle 1973,Volkswagen,Beetle,1973
6921,Volkswagen Beetle 1974,Volkswagen,Beetle,1974
6922,Volkswagen Beetle 1975,Volkswagen,Beetle,1975
6923,Volkswagen Beetle 1977,Volkswagen,Beetle,1977
6924,Volkswagen Beetle 1978,Volkswagen,Beetle,1978
6925,Volkswagen Beetle 1998,Volkswagen,Beetle,1998
6926,Volkswagen Beetle 1999,Volkswagen,Beetle,1999
6927,Volkswagen Beetle 2000,Volkswagen,Beetle,2000
6928,Volkswagen Beetle 2001,Volkswagen,Beetle,2001
6929,Volkswagen Beetle 2002,Volkswagen,Beetle,2002
6930,Volkswagen Beetle 2003,Volkswagen,Beetle,2003
6931,Volkswagen Beetle 2004,Volkswagen,Beetle,2004
6932,Volkswagen Beetle 2005,Volkswagen,Beetle,2005
6933,Volkswagen Beetle 2006,Volkswagen,Beetle,2006
6934,Volkswagen Beetle 2007,Volkswagen,Beetle,2007
6935,Volkswagen Beetle 2008,Volkswagen,Beetle,2008
6936,Volkswagen Beetle 2009,Volkswagen,Beetle,2009
6937,Volkswagen Beetle 2010,Volkswagen,Beetle,2010
6938,Volkswagen Beetle 2011,Volkswagen,Beetle,2011
6939,Volkswagen Beetle 2012,Volkswagen,Beetle,2012
6940,Volkswagen Beetle 2013,Volkswagen,Beetle,2013
6941,Volkswagen Beetle 2014,Volkswagen,Beetle,2014
6942,Volkswagen Beetle 2015,Volkswagen,Beetle,2015
6943,Volkswagen Bug 1960,Volkswagen,Bug,1960
6944,Volkswagen Bug 1963,Volkswagen,Bug,1963
6945,Volkswagen Bug 1967,Volkswagen,Bug,1967
6946,Volkswagen Bug 1968,Volkswagen,Bug,1968
6947,Volkswagen Bug 1969,Volkswagen,Bug,1969
6948,Volkswagen Bug 1970,Volkswagen,Bug,1970
6949,Volkswagen Bug 1972,Volkswagen,Bug,1972
6950,Volkswagen Bug 1975,Volkswagen,Bug,1975
6951,Volkswagen Bug 1979,Volkswagen,Bug,1979
6952,Volkswagen Bug 1998,Volkswagen,Bug,1998
6953,Volkswagen Bug 1999,Volkswagen,Bug,1999
6954,Volkswagen Bug 2000,Volkswagen,Bug,2000
6955,Volkswagen Bug 2001,Volkswagen,Bug,2001
6956,Volkswagen Bug 2003,Volkswagen,Bug,2003
6957,Volkswagen Bus 1955,Volkswagen,Bus,1955
6958,Volkswagen Bus 1959,Volkswagen,Bus,1959
6959,Volkswagen Bus 1969,Volkswagen,Bus,1969
6960,Volkswagen Bus 1973,Volkswagen,Bus,1973
6961,Volkswagen Bus 1977,Volkswagen,Bus,1977
6962,Volkswagen Bus 1978,Volkswagen,Bus,1978
6963,Volkswagen Bus 1984,Volkswagen,Bus,1984
6964,Volkswagen Cabrio 1996,Volkswagen,Cabrio,1996
6965,Volkswagen Cabrio 1998,Volkswagen,Cabrio,1998
6966,Volkswagen Cabrio 1999,Volkswagen,Cabrio,1999
6967,Volkswagen Cabrio 2000,Volkswagen,Cabrio,2000
6968,Volkswagen Cabrio 2001,Volkswagen,Cabrio,2001
6969,Volkswagen Cabriolet 1985,Volkswagen,Cabriolet,1985
6970,Volkswagen Cabriolet 1986,Volkswagen,Cabriolet,1986
6971,Volkswagen Cabriolet 1987,Volkswagen,Cabriolet,1987
6972,Volkswagen Cabriolet 1988,Volkswagen,Cabriolet,1988
6973,Volkswagen Cabriolet 2002,Volkswagen,Cabriolet,2002
6974,Volkswagen Cc 2009,Volkswagen,Cc,2009
6975,Volkswagen Cc 2010,Volkswagen,Cc,2010
6976,Volkswagen Cc 2012,Volkswagen,Cc,2012
6977,Volkswagen Cc 2013,Volkswagen,Cc,2013
6978,Volkswagen Corrado 1990,Volkswagen,Corrado,1990
6979,Volkswagen Eos 2007,Volkswagen,Eos,2007
6980,Volkswagen Eos 2008,Volkswagen,Eos,2008
6981,Volkswagen Eos 2009,Volkswagen,Eos,2009
6982,Volkswagen Eos 2010,Volkswagen,Eos,2010
6983,Volkswagen Eos 2012,Volkswagen,Eos,2012
6984,Volkswagen Eurovan 1993,Volkswagen,Eurovan,1993
6985,Volkswagen Eurovan 2002,Volkswagen,Eurovan,2002
6986,Volkswagen Eurovan 2003,Volkswagen,Eurovan,2003
6987,Volkswagen Fox 1993,Volkswagen,Fox,1993
6988,Volkswagen Golf 1986,Volkswagen,Golf,1986
6989,Volkswagen Golf 1989,Volkswagen,Golf,1989
6990,Volkswagen Golf 1990,Volkswagen,Golf,1990
6991,Volkswagen Golf 1993,Volkswagen,Golf,1993
6992,Volkswagen Golf 1994,Volkswagen,Golf,1994
6993,Volkswagen Golf 1995,Volkswagen,Golf,1995
6994,Volkswagen Golf 1996,Volkswagen,Golf,1996
6995,Volkswagen Golf 1997,Volkswagen,Golf,1997
6996,Volkswagen Golf 1998,Volkswagen,Golf,1998
6997,Volkswagen Golf 1999,Volkswagen,Golf,1999
6998,Volkswagen Golf 2000,Volkswagen,Golf,2000
6999,Volkswagen Golf 2001,Volkswagen,Golf,2001
7000,Volkswagen Golf 2002,Volkswagen,Golf,2002
7001,Volkswagen Golf 2003,Volkswagen,Golf,2003
7002,Volkswagen Golf 2004,Volkswagen,Golf,2004
7003,Volkswagen Golf 2005,Volkswagen,Golf,2005
7004,Volkswagen Golf 2006,Volkswagen,Golf,2006
7005,Volkswagen Golf 2007,Volkswagen,Golf,2007
7006,Volkswagen Golf 2008,Volkswagen,Golf,2008
7007,Volkswagen Golf 2009,Volkswagen,Golf,2009
7008,Volkswagen Golf 2010,Volkswagen,Golf,2010
7009,Volkswagen Golf 2011,Volkswagen,Golf,2011
7010,Volkswagen Golf 2012,Volkswagen,Golf,2012
7011,Volkswagen Golf 2013,Volkswagen,Golf,2013
7012,Volkswagen Golf 2014,Volkswagen,Golf,2014
7013,Volkswagen Gti 1986,Volkswagen,Gti,1986
7014,Volkswagen Gti 1987,Volkswagen,Gti,1987
7015,Volkswagen Gti 1992,Volkswagen,Gti,1992
7016,Volkswagen Gti 1996,Volkswagen,Gti,1996
7017,Volkswagen Gti 1997,Volkswagen,Gti,1997
7018,Volkswagen Gti 1998,Volkswagen,Gti,1998
7019,Volkswagen Gti 1999,Volkswagen,Gti,1999
7020,Volkswagen Gti 2000,Volkswagen,Gti,2000
7021,Volkswagen Gti 2001,Volkswagen,Gti,2001
7022,Volkswagen Gti 2002,Volkswagen,Gti,2002
7023,Volkswagen Gti 2003,Volkswagen,Gti,2003
7024,Volkswagen Gti 2004,Volkswagen,Gti,2004
7025,Volkswagen Gti 2005,Volkswagen,Gti,2005
7026,Volkswagen Gti 2006,Volkswagen,Gti,2006
7027,Volkswagen Gti 2007,Volkswagen,Gti,2007
7028,Volkswagen Gti 2008,Volkswagen,Gti,2008
7029,Volkswagen Gti 2009,Volkswagen,Gti,2009
7030,Volkswagen Gti 2010,Volkswagen,Gti,2010
7031,Volkswagen Gti 2011,Volkswagen,Gti,2011
7032,Volkswagen Gti 2012,Volkswagen,Gti,2012
7033,Volkswagen Gti 2013,Volkswagen,Gti,2013
7034,Volkswagen Gti 2015,Volkswagen,Gti,2015
7035,Volkswagen Jetta 1989,Volkswagen,Jetta,1989
7036,Volkswagen Jetta 1990,Volkswagen,Jetta,1990
7037,Volkswagen Jetta 1991,Volkswagen,Jetta,1991
7038,Volkswagen Jetta 1992,Volkswagen,Jetta,1992
7039,Volkswagen Jetta 1994,Volkswagen,Jetta,1994
7040,Volkswagen Jetta 1995,Volkswagen,Jetta,1995
7041,Volkswagen Jetta 1996,Volkswagen,Jetta,1996
7042,Volkswagen Jetta 1997,Volkswagen,Jetta,1997
7043,Volkswagen Jetta 1998,Volkswagen,Jetta,1998
7044,Volkswagen Jetta 1999,Volkswagen,Jetta,1999
7045,Volkswagen Jetta 2000,Volkswagen,Jetta,2000
7046,Volkswagen Jetta 2001,Volkswagen,Jetta,2001
7047,Volkswagen Jetta 2002,Volkswagen,Jetta,2002
7048,Volkswagen Jetta 2003,Volkswagen,Jetta,2003
7049,Volkswagen Jetta 2004,Volkswagen,Jetta,2004
7050,Volkswagen Jetta 2005,Volkswagen,Jetta,2005
7051,Volkswagen Jetta 2006,Volkswagen,Jetta,2006
7052,Volkswagen Jetta 2007,Volkswagen,Jetta,2007
7053,Volkswagen Jetta 2008,Volkswagen,Jetta,2008
7054,Volkswagen Jetta 2009,Volkswagen,Jetta,2009
7055,Volkswagen Jetta 2010,Volkswagen,Jetta,2010
7056,Volkswagen Jetta 2011,Volkswagen,Jetta,2011
7057,Volkswagen Jetta 2012,Volkswagen,Jetta,2012
7058,Volkswagen Jetta 2013,Volkswagen,Jetta,2013
7059,Volkswagen Jetta 2014,Volkswagen,Jetta,2014
7060,Volkswagen Jetta 2015,Volkswagen,Jetta,2015
7061,Volkswagen Jetta 2016,Volkswagen,Jetta,2016
7062,Volkswagen Jetta Wagon 2002,Volkswagen,Jetta Wagon,2002
7063,Volkswagen Jetta Wagon 2003,Volkswagen,Jetta Wagon,2003
7064,Volkswagen Jetta Wagon 2004,Volkswagen,Jetta Wagon,2004
7065,Volkswagen Jetta Wagon 2005,Volkswagen,Jetta Wagon,2005
7066,Volkswagen Jetta Wagon 2006,Volkswagen,Jetta Wagon,2006
7067,Volkswagen Karmannghia 1969,Volkswagen,Karmannghia,1969
7068,Volkswagen Karmannghia 1971,Volkswagen,Karmannghia,1971
7069,Volkswagen Karmannghia 1973,Volkswagen,Karmannghia,1973
7070,Volkswagen Karmannghia 1974,Volkswagen,Karmannghia,1974
7071,Volkswagen Newbeetle 1998,Volkswagen,Newbeetle,1998
7072,Volkswagen Newbeetle 1999,Volkswagen,Newbeetle,1999
7073,Volkswagen Newbeetle 2000,Volkswagen,Newbeetle,2000
7074,Volkswagen Newbeetle 2001,Volkswagen,Newbeetle,2001
7075,Volkswagen Newbeetle 2002,Volkswagen,Newbeetle,2002
7076,Volkswagen Newbeetle 2003,Volkswagen,Newbeetle,2003
7077,Volkswagen Newbeetle 2004,Volkswagen,Newbeetle,2004
7078,Volkswagen Newbeetle 2005,Volkswagen,Newbeetle,2005
7079,Volkswagen Newbeetle 2006,Volkswagen,Newbeetle,2006
7080,Volkswagen Newbeetle 2007,Volkswagen,Newbeetle,2007
7081,Volkswagen Newbeetle 2008,Volkswagen,Newbeetle,2008
7082,Volkswagen Newbeetle 2009,Volkswagen,Newbeetle,2009
7083,Volkswagen Newbeetle 2010,Volkswagen,Newbeetle,2010
7084,Volkswagen Newbeetle 2012,Volkswagen,Newbeetle,2012
7085,Volkswagen Passat 1995,Volkswagen,Passat,1995
7086,Volkswagen Passat 1996,Volkswagen,Passat,1996
7087,Volkswagen Passat 1997,Volkswagen,Passat,1997
7088,Volkswagen Passat 1998,Volkswagen,Passat,1998
7089,Volkswagen Passat 1999,Volkswagen,Passat,1999
7090,Volkswagen Passat 2000,Volkswagen,Passat,2000
7091,Volkswagen Passat 2001,Volkswagen,Passat,2001
7092,Volkswagen Passat 2002,Volkswagen,Passat,2002
7093,Volkswagen Passat 2003,Volkswagen,Passat,2003
7094,Volkswagen Passat 2004,Volkswagen,Passat,2004
7095,Volkswagen Passat 2005,Volkswagen,Passat,2005
7096,Volkswagen Passat 2006,Volkswagen,Passat,2006
7097,Volkswagen Passat 2007,Volkswagen,Passat,2007
7098,Volkswagen Passat 2008,Volkswagen,Passat,2008
7099,Volkswagen Passat 2009,Volkswagen,Passat,2009
7100,Volkswagen Passat 2010,Volkswagen,Passat,2010
7101,Volkswagen Passat 2012,Volkswagen,Passat,2012
7102,Volkswagen Passat 2013,Volkswagen,Passat,2013
7103,Volkswagen Passat 2014,Volkswagen,Passat,2014
7104,Volkswagen Passat 2015,Volkswagen,Passat,2015
7105,Volkswagen Passat 2016,Volkswagen,Passat,2016
7106,Volkswagen Passat Wagon 1996,Volkswagen,Passat Wagon,1996
7107,Volkswagen Passat Wagon 1997,Volkswagen,Passat Wagon,1997
7108,Volkswagen Passat Wagon 1999,Volkswagen,Passat Wagon,1999
7109,Volkswagen Passat Wagon 2000,Volkswagen,Passat Wagon,2000
7110,Volkswagen Passat Wagon 2001,Volkswagen,Passat Wagon,2001
7111,Volkswagen Passat Wagon 2002,Volkswagen,Passat Wagon,2002
7112,Volkswagen Passat Wagon 2003,Volkswagen,Passat Wagon,2003
7113,Volkswagen Passat Wagon 2004,Volkswagen,Passat Wagon,2004
7114,Volkswagen Passat Wagon 2005,Volkswagen,Passat Wagon,2005
7115,Volkswagen Passat Wagon 2007,Volkswagen,Passat Wagon,2007
7116,Volkswagen Passat Wagon 2008,Volkswagen,Passat Wagon,2008
7117,Volkswagen Phaeton 2004,Volkswagen,Phaeton,2004
7118,Volkswagen Phaeton 2005,Volkswagen,Phaeton,2005
7119,Volkswagen R32 2004,Volkswagen,R32,2004
7120,Volkswagen R32 2008,Volkswagen,R32,2008
7121,Volkswagen Rabbit 1978,Volkswagen,Rabbit,1978
7122,Volkswagen Rabbit 1979,Volkswagen,Rabbit,1979
7123,Volkswagen Rabbit 1980,Volkswagen,Rabbit,1980
7124,Volkswagen Rabbit 1981,Volkswagen,Rabbit,1981
7125,Volkswagen Rabbit 1982,Volkswagen,Rabbit,1982
7126,Volkswagen Rabbit 1984,Volkswagen,Rabbit,1984
7127,Volkswagen Rabbit 2002,Volkswagen,Rabbit,2002
7128,Volkswagen Rabbit 2006,Volkswagen,Rabbit,2006
7129,Volkswagen Rabbit 2007,Volkswagen,Rabbit,2007
7130,Volkswagen Rabbit 2008,Volkswagen,Rabbit,2008
7131,Volkswagen Rabbit 2009,Volkswagen,Rabbit,2009
7132,Volkswagen Routan 2009,Volkswagen,Routan,2009
7133,Volkswagen Routan 2010,Volkswagen,Routan,2010
7134,Volkswagen Scirocco 1986,Volkswagen,Scirocco,1986
7135,Volkswagen Squareback 1972,Volkswagen,Squareback,1972
7136,Volkswagen Squareback 1973,Volkswagen,Squareback,1973
7137,Volkswagen Superbeetle 1975,Volkswagen,Superbeetle,1975
7138,Volkswagen Superbeetle 2000,Volkswagen,Superbeetle,2000
7139,Volkswagen Tiguan 2009,Volkswagen,Tiguan,2009
7140,Volkswagen Tiguan 2011,Volkswagen,Tiguan,2011
7141,Volkswagen Tiguan 2012,Volkswagen,Tiguan,2012
7142,Volkswagen Tiguan 2013,Volkswagen,Tiguan,2013
7143,Volkswagen Tiguan 2014,Volkswagen,Tiguan,2014
7144,Volkswagen Touareg 2004,Volkswagen,Touareg,2004
7145,Volkswagen Touareg 2005,Volkswagen,Touareg,2005
7146,Volkswagen Touareg 2006,Volkswagen,Touareg,2006
7147,Volkswagen Touareg 2007,Volkswagen,Touareg,2007
7148,Volkswagen Touareg 2008,Volkswagen,Touareg,2008
7149,Volkswagen Touareg 2009,Volkswagen,Touareg,2009
7150,Volkswagen Touareg 2011,Volkswagen,Touareg,2011
7151,Volkswagen Touareg 2013,Volkswagen,Touareg,2013
7152,Volkswagen Vanagon 1980,Volkswagen,Vanagon,1980
7153,Volkswagen Vanagon 1982,Volkswagen,Vanagon,1982
7154,Volkswagen Vanagon 1983,Volkswagen,Vanagon,1983
7155,Volkswagen Vanagon 1985,Volkswagen,Vanagon,1985
7156,Volkswagen Vanagon 1987,Volkswagen,Vanagon,1987
7157,Volvo 142 1971,Volvo,142,1971
7158,Volvo 240 1984,Volvo,240,1984
7159,Volvo 240 1985,Volvo,240,1985
7160,Volvo 240 1987,Volvo,240,1987
7161,Volvo 240 1990,Volvo,240,1990
7162,Volvo 240 2005,Volvo,240,2005
7163,Volvo 242 1981,Volvo,242,1981
7164,Volvo 245 1983,Volvo,245,1983
7165,Volvo 540 2000,Volvo,540,2000
7166,Volvo 670 2008,Volvo,670,2008
7167,Volvo 740 1986,Volvo,740,1986
7168,Volvo 740 1988,Volvo,740,1988
7169,Volvo 740 1990,Volvo,740,1990
7170,Volvo 740 1991,Volvo,740,1991
7171,Volvo 760 Wagon 1987,Volvo,760 Wagon,1987
7172,Volvo 780 2007,Volvo,780,2007
7173,Volvo 850 1994,Volvo,850,1994
7174,Volvo 850 1995,Volvo,850,1995
7175,Volvo 850 1996,Volvo,850,1996
7176,Volvo 850 1997,Volvo,850,1997
7177,Volvo 850 Wagon 1994,Volvo,850 Wagon,1994
7178,Volvo 850 Wagon 1995,Volvo,850 Wagon,1995
7179,Volvo 850 Wagon 1996,Volvo,850 Wagon,1996
7180,Volvo 850 Wagon 1997,Volvo,850 Wagon,1997
7181,Volvo 940 1993,Volvo,940,1993
7182,Volvo 940 1994,Volvo,940,1994
7183,Volvo 940 1995,Volvo,940,1995
7184,Volvo 940 1997,Volvo,940,1997
7185,Volvo 940 Wagon 1993,Volvo,940 Wagon,1993
7186,Volvo 960 1995,Volvo,960,1995
7187,Volvo 960 1996,Volvo,960,1996
7188,Volvo 960 1997,Volvo,960,1997
7189,Volvo 960 Wagon 1995,Volvo,960 Wagon,1995
7190,Volvo 960 Wagon 1997,Volvo,960 Wagon,1997
7191,Volvo C30 2008,Volvo,C30,2008
7192,Volvo C30 2009,Volvo,C30,2009
7193,Volvo C30 2011,Volvo,C30,2011
7194,Volvo C70 1999,Volvo,C70,1999
7195,Volvo C70 2001,Volvo,C70,2001
7196,Volvo C70 2002,Volvo,C70,2002
7197,Volvo C70 2007,Volvo,C70,2007
7198,Volvo C70 Convertible 2000,Volvo,C70 Convertible,2000
7199,Volvo C70 Convertible 2001,Volvo,C70 Convertible,2001
7200,Volvo C70 Convertible 2004,Volvo,C70 Convertible,2004
7201,Volvo C70 Convertible 2007,Volvo,C70 Convertible,2007
7202,Volvo C70 Convertible 2008,Volvo,C70 Convertible,2008
7203,Volvo C70 Convertible 2009,Volvo,C70 Convertible,2009
7204,Volvo Pv444 1957,Volvo,Pv444,1957
7205,Volvo S40 1998,Volvo,S40,1998
7206,Volvo S40 2000,Volvo,S40,2000
7207,Volvo S40 2001,Volvo,S40,2001
7208,Volvo S40 2002,Volvo,S40,2002
7209,Volvo S40 2003,Volvo,S40,2003
7210,Volvo S40 2004,Volvo,S40,2004
7211,Volvo S40 2005,Volvo,S40,2005
7212,Volvo S40 2006,Volvo,S40,2006
7213,Volvo S40 2007,Volvo,S40,2007
7214,Volvo S40 2008,Volvo,S40,2008
7215,Volvo S40 2009,Volvo,S40,2009
7216,Volvo S40 2010,Volvo,S40,2010
7217,Volvo S60 2001,Volvo,S60,2001
7218,Volvo S60 2002,Volvo,S60,2002
7219,Volvo S60 2003,Volvo,S60,2003
7220,Volvo S60 2004,Volvo,S60,2004
7221,Volvo S60 2005,Volvo,S60,2005
7222,Volvo S60 2006,Volvo,S60,2006
7223,Volvo S60 2007,Volvo,S60,2007
7224,Volvo S60 2008,Volvo,S60,2008
7225,Volvo S60 2009,Volvo,S60,2009
7226,Volvo S60 2011,Volvo,S60,2011
7227,Volvo S60 2012,Volvo,S60,2012
7228,Volvo S60 2013,Volvo,S60,2013
7229,Volvo S60 2014,Volvo,S60,2014
7230,Volvo S60 2015,Volvo,S60,2015
7231,Volvo S70 1998,Volvo,S70,1998
7232,Volvo S70 1999,Volvo,S70,1999
7233,Volvo S70 2000,Volvo,S70,2000
7234,Volvo S70 2001,Volvo,S70,2001
7235,Volvo S70 2002,Volvo,S70,2002
7236,Volvo S80 1999,Volvo,S80,1999
7237,Volvo S80 2000,Volvo,S80,2000
7238,Volvo S80 2001,Volvo,S80,2001
7239,Volvo S80 2002,Volvo,S80,2002
7240,Volvo S80 2003,Volvo,S80,2003
7241,Volvo S80 2004,Volvo,S80,2004
7242,Volvo S80 2005,Volvo,S80,2005
7243,Volvo S80 2006,Volvo,S80,2006
7244,Volvo S80 2007,Volvo,S80,2007
7245,Volvo S80 2008,Volvo,S80,2008
7246,Volvo S80 2009,Volvo,S80,2009
7247,Volvo S80 2010,Volvo,S80,2010
7248,Volvo S80 2011,Volvo,S80,2011
7249,Volvo S90 1998,Volvo,S90,1998
7250,Volvo V40 2000,Volvo,V40,2000
7251,Volvo V40 2001,Volvo,V40,2001
7252,Volvo V40 2002,Volvo,V40,2002
7253,Volvo V40 2003,Volvo,V40,2003
7254,Volvo V40 2004,Volvo,V40,2004
7255,Volvo V40 2005,Volvo,V40,2005
7256,Volvo V40 2006,Volvo,V40,2006
7257,Volvo V50 2005,Volvo,V50,2005
7258,Volvo V50 2006,Volvo,V50,2006
7259,Volvo V50 2007,Volvo,V50,2007
7260,Volvo V50 2009,Volvo,V50,2009
7261,Volvo V50 2010,Volvo,V50,2010
7262,Volvo V70 1998,Volvo,V70,1998
7263,Volvo V70 1999,Volvo,V70,1999
7264,Volvo V70 2000,Volvo,V70,2000
7265,Volvo V70 2001,Volvo,V70,2001
7266,Volvo V70 2002,Volvo,V70,2002
7267,Volvo V70 2003,Volvo,V70,2003
7268,Volvo V70 2004,Volvo,V70,2004
7269,Volvo V70 2005,Volvo,V70,2005
7270,Volvo V70 2006,Volvo,V70,2006
7271,Volvo V90 1998,Volvo,V90,1998
7272,Volvo Vnl 2005,Volvo,Vnl,2005
7273,Volvo Vnl 2006,Volvo,Vnl,2006
7274,Volvo Vnl 2009,Volvo,Vnl,2009
7275,Volvo Xc60 2010,Volvo,Xc60,2010
7276,Volvo Xc60 2011,Volvo,Xc60,2011
7277,Volvo Xc60 2013,Volvo,Xc60,2013
7278,Volvo Xc70 2000,Volvo,Xc70,2000
7279,Volvo Xc70 2001,Volvo,Xc70,2001
7280,Volvo Xc70 2002,Volvo,Xc70,2002
7281,Volvo Xc70 2003,Volvo,Xc70,2003
7282,Volvo Xc70 2004,Volvo,Xc70,2004
7283,Volvo Xc70 2005,Volvo,Xc70,2005
7284,Volvo Xc70 2006,Volvo,Xc70,2006
7285,Volvo Xc70 2007,Volvo,Xc70,2007
7286,Volvo Xc70 2008,Volvo,Xc70,2008
7287,Volvo Xc70 2009,Volvo,Xc70,2009
7288,Volvo Xc70 2011,Volvo,Xc70,2011
7289,Volvo Xc90 2003,Volvo,Xc90,2003
7290,Volvo Xc90 2004,Volvo,Xc90,2004
7291,Volvo Xc90 2005,Volvo,Xc90,2005
7292,Volvo Xc90 2006,Volvo,Xc90,2006
7293,Volvo Xc90 2007,Volvo,Xc90,2007
7294,Volvo Xc90 2008,Volvo,Xc90,2008
7295,Volvo Xc90 2009,Volvo,Xc90,2009
7296,Volvo Xc90 2010,Volvo,Xc90,2010
7297,Willys Cj2A 1946,Willys,Cj2A,1946
7298,Willys Cj3B 1953,Willys,Cj3B,1953
7299,AM General Hummer SUV 2000,AM,General Hummer SUV,2000
7300,Acura Integra Type R 2001,Acura,Integra Type R,2001
7301,Acura RL Sedan 2012,Acura,RL Sedan,2012
7302,Acura TL Sedan 2012,Acura,TL Sedan,2012
7303,Acura TL Type-S 2008,Acura,TL Type-S,2008
7304,Acura TSX Sedan 2012,Acura,TSX Sedan,2012
7305,Acura ZDX Hatchback 2012,Acura,ZDX Hatchback,2012
7306,Aston Martin V8 Vantage Convertible 2012,Aston,Martin V8 Vantage Convertible,2012
7307,Aston Martin V8 Vantage Coupe 2012,Aston,Martin V8 Vantage Coupe,2012
7308,Aston Martin Virage Convertible 2012,Aston,Martin Virage Convertible,2012
7309,Aston Martin Virage Coupe 2012,Aston,Martin Virage Coupe,2012
7310,Audi 100 Sedan 1994,Audi,100 Sedan,1994
7311,Audi 100 Wagon 1994,Audi,100 Wagon,1994
7312,Audi A5 Coupe 2012,Audi,A5 Coupe,2012
7313,Audi R8 Coupe 2012,Audi,R8 Coupe,2012
7314,Audi RS 4 Convertible 2008,Audi,RS 4 Convertible,2008
7315,Audi S4 Sedan 2007,Audi,S4 Sedan,2007
7316,Audi S4 Sedan 2012,Audi,S4 Sedan,2012
7317,Audi S5 Convertible 2012,Audi,S5 Convertible,2012
7318,Audi S5 Coupe 2012,Audi,S5 Coupe,2012
7319,Audi S6 Sedan 2011,Audi,S6 Sedan,2011
7320,Audi TT Hatchback 2011,Audi,TT Hatchback,2011
7321,Audi TT RS Coupe 2012,Audi,TT RS Coupe,2012
7322,Audi TTS Coupe 2012,Audi,TTS Coupe,2012
7323,Audi V8 Sedan 1994,Audi,V8 Sedan,1994
7324,BMW 1 Series Convertible 2012,BMW,1 Series Convertible,2012
7325,BMW 1 Series Coupe 2012,BMW,1 Series Coupe,2012
7326,BMW 3 Series Sedan 2012,BMW,3 Series Sedan,2012
7327,BMW 3 Series Wagon 2012,BMW,3 Series Wagon,2012
7328,BMW 6 Series Convertible 2007,BMW,6 Series Convertible,2007
7329,BMW ActiveHybrid 5 Sedan 2012,BMW,ActiveHybrid 5 Sedan,2012
7330,BMW M3 Coupe 2012,BMW,M3 Coupe,2012
7331,BMW M5 Sedan 2010,BMW,M5 Sedan,2010
7332,BMW M6 Convertible 2010,BMW,M6 Convertible,2010
7333,BMW X3 SUV 2012,BMW,X3 SUV,2012
7334,BMW X5 SUV 2007,BMW,X5 SUV,2007
7335,BMW X6 SUV 2012,BMW,X6 SUV,2012
7336,BMW Z4 Convertible 2012,BMW,Z4 Convertible,2012
7337,Bentley Arnage Sedan 2009,Bentley,Arnage Sedan,2009
7338,Bentley Continental Flying Spur Sedan 2007,Bentley,Continental Flying Spur Sedan,2007
7339,Bentley Continental GT Coupe 2007,Bentley,Continental GT Coupe,2007
7340,Bentley Continental GT Coupe 2012,Bentley,Continental GT Coupe,2012
7341,Bentley Continental Supersports Conv. Convertible 2012,Bentley,Continental Supersports Conv. Convertible,2012
7342,Bentley Mulsanne Sedan 2011,Bentley,Mulsanne Sedan,2011
7343,Bugatti Veyron 16.4 Convertible 2009,Bugatti,Veyron 16.4 Convertible,2009
7344,Bugatti Veyron 16.4 Coupe 2009,Bugatti,Veyron 16.4 Coupe,2009
7345,Buick Enclave SUV 2012,Buick,Enclave SUV,2012
7346,Buick Rainier SUV 2007,Buick,Rainier SUV,2007
7347,Buick Regal GS 2012,Buick,Regal GS,2012
7348,Buick Verano Sedan 2012,Buick,Verano Sedan,2012
7349,Cadillac CTS-V Sedan 2012,Cadillac,CTS-V Sedan,2012
7350,Cadillac Escalade EXT Crew Cab 2007,Cadillac,Escalade EXT Crew Cab,2007
7351,Cadillac SRX SUV 2012,Cadillac,SRX SUV,2012
7352,Chevrolet Avalanche Crew Cab 2012,Chevrolet,Avalanche Crew Cab,2012
7353,Chevrolet Camaro Convertible 2012,Chevrolet,Camaro Convertible,2012
7354,Chevrolet Cobalt SS 2010,Chevrolet,Cobalt SS,2010
7355,Chevrolet Corvette Convertible 2012,Chevrolet,Corvette Convertible,2012
7356,Chevrolet Corvette Ron Fellows Edition Z06 2007,Chevrolet,Corvette Ron Fellows Edition Z06,2007
7357,Chevrolet Corvette ZR1 2012,Chevrolet,Corvette ZR1,2012
7358,Chevrolet Express Cargo Van 2007,Chevrolet,Express Cargo Van,2007
7359,Chevrolet Express Van 2007,Chevrolet,Express Van,2007
7360,Chevrolet HHR SS 2010,Chevrolet,HHR SS,2010
7361,Chevrolet Impala Sedan 2007,Chevrolet,Impala Sedan,2007
7362,Chevrolet Malibu Hybrid Sedan 2010,Chevrolet,Malibu Hybrid Sedan,2010
7363,Chevrolet Malibu Sedan 2007,Chevrolet,Malibu Sedan,2007
7364,Chevrolet Monte Carlo Coupe 2007,Chevrolet,Monte Carlo Coupe,2007
7365,Chevrolet Silverado 1500 Classic Extended Cab 2007,Chevrolet,Silverado 1500 Classic Extended Cab,2007
7366,Chevrolet Silverado 1500 Extended Cab 2012,Chevrolet,Silverado 1500 Extended Cab,2012
7367,Chevrolet Silverado 1500 Hybrid Crew Cab 2012,Chevrolet,Silverado 1500 Hybrid Crew Cab,2012
7368,Chevrolet Silverado 1500 Regular Cab 2012,Chevrolet,Silverado 1500 Regular Cab,2012
7369,Chevrolet Silverado 2500HD Regular Cab 2012,Chevrolet,Silverado 2500HD Regular Cab,2012
7370,Chevrolet Sonic Sedan 2012,Chevrolet,Sonic Sedan,2012
7371,Chevrolet Tahoe Hybrid SUV 2012,Chevrolet,Tahoe Hybrid SUV,2012
7372,Chevrolet TrailBlazer SS 2009,Chevrolet,TrailBlazer SS,2009
7373,Chevrolet Traverse SUV 2012,Chevrolet,Traverse SUV,2012
7374,Chrysler 300 SRT-8 2010,Chrysler,300 SRT-8,2010
7375,Chrysler Aspen SUV 2009,Chrysler,Aspen SUV,2009
7376,Chrysler Crossfire Convertible 2008,Chrysler,Crossfire Convertible,2008
7377,Chrysler PT Cruiser Convertible 2008,Chrysler,PT Cruiser Convertible,2008
7378,Chrysler Sebring Convertible 2010,Chrysler,Sebring Convertible,2010
7379,Chrysler Town and Country Minivan 2012,Chrysler,Town and Country Minivan,2012
7380,Daewoo Nubira Wagon 2002,Daewoo,Nubira Wagon,2002
7381,Dodge Caliber Wagon 2007,Dodge,Caliber Wagon,2007
7382,Dodge Caliber Wagon 2012,Dodge,Caliber Wagon,2012
7383,Dodge Caravan Minivan 1997,Dodge,Caravan Minivan,1997
7384,Dodge Challenger SRT8 2011,Dodge,Challenger SRT8,2011
7385,Dodge Charger SRT-8 2009,Dodge,Charger SRT-8,2009
7386,Dodge Charger Sedan 2012,Dodge,Charger Sedan,2012
7387,Dodge Dakota Club Cab 2007,Dodge,Dakota Club Cab,2007
7388,Dodge Dakota Crew Cab 2010,Dodge,Dakota Crew Cab,2010
7389,Dodge Durango SUV 2007,Dodge,Durango SUV,2007
7390,Dodge Durango SUV 2012,Dodge,Durango SUV,2012
7391,Dodge Journey SUV 2012,Dodge,Journey SUV,2012
7392,Dodge Magnum Wagon 2008,Dodge,Magnum Wagon,2008
7393,Dodge Ram Pickup 3500 Crew Cab 2010,Dodge,Ram Pickup 3500 Crew Cab,2010
7394,Dodge Ram Pickup 3500 Quad Cab 2009,Dodge,Ram Pickup 3500 Quad Cab,2009
7395,Dodge Sprinter Cargo Van 2009,Dodge,Sprinter Cargo Van,2009
7396,Eagle Talon Hatchback 1998,Eagle,Talon Hatchback,1998
7397,FIAT 500 Abarth 2012,FIAT,500 Abarth,2012
7398,FIAT 500 Convertible 2012,FIAT,500 Convertible,2012
7399,Ferrari 458 Italia Convertible 2012,Ferrari,458 Italia Convertible,2012
7400,Ferrari 458 Italia Coupe 2012,Ferrari,458 Italia Coupe,2012
7401,Ferrari California Convertible 2012,Ferrari,California Convertible,2012
7402,Ferrari FF Coupe 2012,Ferrari,FF Coupe,2012
7403,Fisker Karma Sedan 2012,Fisker,Karma Sedan,2012
7404,Ford E-Series Wagon Van 2012,Ford,E-Series Wagon Van,2012
7405,Ford Edge SUV 2012,Ford,Edge SUV,2012
7406,Ford Expedition EL SUV 2009,Ford,Expedition EL SUV,2009
7407,Ford F-150 Regular Cab 2007,Ford,F-150 Regular Cab,2007
7408,Ford F-150 Regular Cab 2012,Ford,F-150 Regular Cab,2012
7409,Ford F-450 Super Duty Crew Cab 2012,Ford,F-450 Super Duty Crew Cab,2012
7410,Ford Fiesta Sedan 2012,Ford,Fiesta Sedan,2012
7411,Ford Focus Sedan 2007,Ford,Focus Sedan,2007
7412,Ford Freestar Minivan 2007,Ford,Freestar Minivan,2007
7413,Ford GT Coupe 2006,Ford,GT Coupe,2006
7414,Ford Ranger SuperCab 2011,Ford,Ranger SuperCab,2011
7415,GMC Acadia SUV 2012,GMC,Acadia SUV,2012
7416,GMC Canyon Extended Cab 2012,GMC,Canyon Extended Cab,2012
7417,GMC Savana Van 2012,GMC,Savana Van,2012
7418,GMC Terrain SUV 2012,GMC,Terrain SUV,2012
7419,GMC Yukon Hybrid SUV 2012,GMC,Yukon Hybrid SUV,2012
7420,Geo Metro Convertible 1993,Geo,Metro Convertible,1993
7421,HUMMER H2 SUT Crew Cab 2009,HUMMER,H2 SUT Crew Cab,2009
7422,HUMMER H3T Crew Cab 2010,HUMMER,H3T Crew Cab,2010
7423,Honda Accord Coupe 2012,Honda,Accord Coupe,2012
7424,Honda Accord Sedan 2012,Honda,Accord Sedan,2012
7425,Honda Odyssey Minivan 2007,Honda,Odyssey Minivan,2007
7426,Honda Odyssey Minivan 2012,Honda,Odyssey Minivan,2012
7427,Hyundai Accent Sedan 2012,Hyundai,Accent Sedan,2012
7428,Hyundai Azera Sedan 2012,Hyundai,Azera Sedan,2012
7429,Hyundai Elantra Sedan 2007,Hyundai,Elantra Sedan,2007
7430,Hyundai Elantra Touring Hatchback 2012,Hyundai,Elantra Touring Hatchback,2012
7431,Hyundai Genesis Sedan 2012,Hyundai,Genesis Sedan,2012
7432,Hyundai Santa Fe SUV 2012,Hyundai,Santa Fe SUV,2012
7433,Hyundai Sonata Hybrid Sedan 2012,Hyundai,Sonata Hybrid Sedan,2012
7434,Hyundai Sonata Sedan 2012,Hyundai,Sonata Sedan,2012
7435,Hyundai Tucson SUV 2012,Hyundai,Tucson SUV,2012
7436,Hyundai Veloster Hatchback 2012,Hyundai,Veloster Hatchback,2012
7437,Hyundai Veracruz SUV 2012,Hyundai,Veracruz SUV,2012
7438,Infiniti G Coupe IPL 2012,Infiniti,G Coupe IPL,2012
7439,Infiniti QX56 SUV 2011,Infiniti,QX56 SUV,2011
7440,Isuzu Ascender SUV 2008,Isuzu,Ascender SUV,2008
7441,Jaguar XK XKR 2012,Jaguar,XK XKR,2012
7442,Jeep Compass SUV 2012,Jeep,Compass SUV,2012
7443,Jeep Grand Cherokee SUV 2012,Jeep,Grand Cherokee SUV,2012
7444,Jeep Liberty SUV 2012,Jeep,Liberty SUV,2012
7445,Jeep Patriot SUV 2012,Jeep,Patriot SUV,2012
7446,Jeep Wrangler SUV 2012,Jeep,Wrangler SUV,2012
7447,Lamborghini Aventador Coupe 2012,Lamborghini,Aventador Coupe,2012
7448,Lamborghini Diablo Coupe 2001,Lamborghini,Diablo Coupe,2001
7449,Lamborghini Gallardo LP 570-4 Superleggera 2012,Lamborghini,Gallardo LP 570-4 Superleggera,2012
7450,Lamborghini Reventon Coupe 2008,Lamborghini,Reventon Coupe,2008
7451,Land Rover LR2 SUV 2012,Land,Rover LR2 SUV,2012
7452,Land Rover Range Rover SUV 2012,Land,Rover Range Rover SUV,2012
7453,Lincoln Town Car Sedan 2011,Lincoln,Town Car Sedan,2011
7454,MINI Cooper Roadster Convertible 2012,MINI,Cooper Roadster Convertible,2012
7455,Maybach Landaulet Convertible 2012,Maybach,Landaulet Convertible,2012
7456,Mazda Tribute SUV 2011,Mazda,Tribute SUV,2011
7457,McLaren MP4-12C Coupe 2012,McLaren,MP4-12C Coupe,2012
7458,Mercedes-Benz 300-Class Convertible 1993,Mercedes-Benz,300-Class Convertible,1993
7459,Mercedes-Benz C-Class Sedan 2012,Mercedes-Benz,C-Class Sedan,2012
7460,Mercedes-Benz E-Class Sedan 2012,Mercedes-Benz,E-Class Sedan,2012
7461,Mercedes-Benz S-Class Sedan 2012,Mercedes-Benz,S-Class Sedan,2012
7462,Mercedes-Benz SL-Class Coupe 2009,Mercedes-Benz,SL-Class Coupe,2009
7463,Mercedes-Benz Sprinter Van 2012,Mercedes-Benz,Sprinter Van,2012
7464,Mitsubishi Lancer Sedan 2012,Mitsubishi,Lancer Sedan,2012
7465,Nissan 240SX Coupe 1998,Nissan,240SX Coupe,1998
7466,Nissan Juke Hatchback 2012,Nissan,Juke Hatchback,2012
7467,Nissan Leaf Hatchback 2012,Nissan,Leaf Hatchback,2012
7468,Nissan NV Passenger Van 2012,Nissan,NV Passenger Van,2012
7469,Plymouth Neon Coupe 1999,Plymouth,Neon Coupe,1999
7470,Porsche Panamera Sedan 2012,Porsche,Panamera Sedan,2012
7471,Ram C-V Cargo Van Minivan 2012,Ram,C-V Cargo Van Minivan,2012
7472,Rolls-Royce Ghost Sedan 2012,Rolls-Royce,Ghost Sedan,2012
7473,Rolls-Royce Phantom Drophead Coupe Convertible 2012,Rolls-Royce,Phantom Drophead Coupe Convertible,2012
7474,Rolls-Royce Phantom Sedan 2012,Rolls-Royce,Phantom Sedan,2012
7475,Scion xD Hatchback 2012,Scion,xD Hatchback,2012
7476,Spyker C8 Convertible 2009,Spyker,C8 Convertible,2009
7477,Spyker C8 Coupe 2009,Spyker,C8 Coupe,2009
7478,Suzuki Aerio Sedan 2007,Suzuki,Aerio Sedan,2007
7479,Suzuki Kizashi Sedan 2012,Suzuki,Kizashi Sedan,2012
7480,Suzuki SX4 Hatchback 2012,Suzuki,SX4 Hatchback,2012
7481,Suzuki SX4 Sedan 2012,Suzuki,SX4 Sedan,2012
7482,Tesla Model S Sedan 2012,Tesla,Model S Sedan,2012
7483,Toyota 4Runner SUV 2012,Toyota,4Runner SUV,2012
7484,Toyota Camry Sedan 2012,Toyota,Camry Sedan,2012
7485,Toyota Corolla Sedan 2012,Toyota,Corolla Sedan,2012
7486,Toyota Sequoia SUV 2012,Toyota,Sequoia SUV,2012
7487,Volkswagen Beetle Hatchback 2012,Volkswagen,Beetle Hatchback,2012
7488,Volkswagen Golf Hatchback 1991,Volkswagen,Golf Hatchback,1991
7489,Volkswagen Golf Hatchback 2012,Volkswagen,Golf Hatchback,2012
7490,Volvo 240 Sedan 1993,Volvo,240 Sedan,1993
7491,Volvo C30 Hatchback 2012,Volvo,C30 Hatchback,2012
7492,Volvo XC90 SUV 2007,Volvo,XC90 SUV,2007
7493,smart fortwo Convertible 2012,smart,fortwo Convertible,2012
7494,Nissan GT-R 2014,Nissan,GT-R,2014
7495,Lamborghini Huracan 2016,Lamborghini,Huracan,2016
7496,Aston Martin Vantage 2019,Aston Martin,Vantage,2019
7497,GMC Terrain 2019,GMC,Terrain,2019
7498,Lexus LX 2010,Lexus,LX,2010
7499,Ford F-150 2015,Ford,F-150,2015
7500,BMW X5 2017,BMW,X5,2017
7501,Ford Edge 2019,Ford,Edge,2019
7502,smart fortwo 2013,smart,fortwo,2013
7503,Toyota Supra 2020,Toyota,Supra,2020
7504,Hyundai Ioniq 2020,Hyundai,Ioniq,2020
7505,Cadillac ATS 2019,Cadillac,ATS,2019
7506,MINI Cooper Countryman 2012,MINI,Cooper Countryman,2012
7507,Lincoln MKT 2010,Lincoln,MKT,2010
7508,BMW 2-Series 2014,BMW,2-Series,2014
7509,Volvo V90 2019,Volvo,V90,2019
7510,Jaguar F-Pace 2017,Jaguar,F-Pace,2017
7511,GMC Yukon 2017,GMC,Yukon,2017
7512,Chevrolet Blazer 2019,Chevrolet,Blazer,2019
7513,GMC Yukon 2019,GMC,Yukon,2019
7514,Cadillac CTS 2011,Cadillac,CTS,2011
7515,Acura RLX 2015,Acura,RLX,2015
7516,Honda Accord 2017,Honda,Accord,2017
7517,Acura RDX 2013,Acura,RDX,2013
7518,Dodge Challenger 2019,Dodge,Challenger,2019
7519,Chevrolet Tahoe 2017,Chevrolet,Tahoe,2017
7520,Mercedes-Benz SL Class 2013,Mercedes-Benz,SL Class,2013
7521,Honda Pilot 2020,Honda,Pilot,2020
7522,Nissan 370Z 2016,Nissan,370Z,2016
7523,Jaguar F-Type 2017,Jaguar,F-Type,2017
7524,Buick Encore 2014,Buick,Encore,2014
7525,Honda Civic 2019,Honda,Civic,2019
7526,BMW 6-Series 2012,BMW,6-Series,2012
7527,Aston Martin DBS 2019,Aston Martin,DBS,2019
7528,Mercedes-Benz Metris 2017,Mercedes-Benz,Metris,2017
7529,BMW X3 2011,BMW,X3,2011
7530,Volvo S90 2020,Volvo,S90,2020
7531,Land Rover Range Rover Evoque 2019,Land Rover,Range Rover Evoque,2019
7532,Cadillac ATS 2016,Cadillac,ATS,2016
7533,Porsche Cayenne 2014,Porsche,Cayenne,2014
7534,Porsche 911 2011,Porsche,911,2011
7535,Lincoln MKT 2013,Lincoln,MKT,2013
7536,MINI Clubman 2016,MINI,Clubman,2016
7537,Chevrolet Silverado 1500 2015,Chevrolet,Silverado 1500,2015
7538,BMW X6 2015,BMW,X6,2015
7539,Kia Sedona 2017,Kia,Sedona,2017
7540,Nissan Murano 2015,Nissan,Murano,2015
7541,Ford Flex 2019,Ford,Flex,2019
7542,Mitsubishi Outlander Sport 2014,Mitsubishi,Outlander Sport,2014
7543,Hyundai Tucson 2017,Hyundai,Tucson,2017
7544,Lincoln MKT 2011,Lincoln,MKT,2011
7545,Porsche 911 2017,Porsche,911,2017
7546,Aston Martin Vantage 2011,Aston Martin,Vantage,2011
7547,Honda CR-V 2019,Honda,CR-V,2019
7548,Toyota 4Runner 2020,Toyota,4Runner,2020
7549,GMC Sierra 1500 2016,GMC,Sierra 1500,2016
7550,Toyota Prius C 2017,Toyota,Prius C,2017
7551,Nissan Rogue Sport 2020,Nissan,Rogue Sport,2020
7552,BMW 5-Series 2013,BMW,5-Series,2013
7553,Toyota RAV4 2011,Toyota,RAV4,2011
7554,BMW 4-Series 2015,BMW,4-Series,2015
7555,Dodge Grand Caravan 2017,Dodge,Grand Caravan,2017
7556,BMW 3-Series 2013,BMW,3-Series,2013
7557,GMC Terrain 2013,GMC,Terrain,2013
7558,smart fortwo 2010,smart,fortwo,2010
7559,Chevrolet Malibu 2019,Chevrolet,Malibu,2019
7560,INFINITI QX30 2019,INFINITI,QX30,2019
7561,Ford F-150 2011,Ford,F-150,2011
7562,MINI Cooper 2020,MINI,Cooper,2020
7563,Chevrolet Silverado 1500 2012,Chevrolet,Silverado 1500,2012
7564,Volvo S60 2020,Volvo,S60,2020
7565,Mazda MAZDA3 2017,Mazda,MAZDA3,2017
7566,GMC Yukon 2011,GMC,Yukon,2011
7567,Chevrolet Bolt EV 2019,Chevrolet,Bolt EV,2019
7568,Mercedes-Benz C Class 2011,Mercedes-Benz,C Class,2011
7569,McLaren 720S 2020,McLaren,720S,2020
7570,Aston Martin Vantage 2013,Aston Martin,Vantage,2013
7571,Bentley Continental GT 2012,Bentley,Continental GT,2012
7572,Mitsubishi Outlander Sport 2015,Mitsubishi,Outlander Sport,2015
7573,Lexus ES 2013,Lexus,ES,2013
7574,INFINITI QX80 2017,INFINITI,QX80,2017
7575,Acura RLX 2020,Acura,RLX,2020
7576,Maserati GranTurismo 2010,Maserati,GranTurismo,2010
7577,Jeep Grand Cherokee 2017,Jeep,Grand Cherokee,2017
7578,Lexus RC 2017,Lexus,RC,2017
7579,Nissan Frontier 2015,Nissan,Frontier,2015
7580,Kia Optima 2019,Kia,Optima,2019
7581,INFINITI Q60 2015,INFINITI,Q60,2015
7582,Land Rover Defender 2020,Land Rover,Defender,2020
7583,Audi Q5 2014,Audi,Q5,2014
7584,Hyundai Santa Fe 2012,Hyundai,Santa Fe,2012
7585,GMC Sierra 1500 2014,GMC,Sierra 1500,2014
7586,BMW i3 2017,BMW,i3,2017
7587,Audi A8 2019,Audi,A8,2019
7588,MINI Cooper 2019,MINI,Cooper,2019
7589,BMW i8 2020,BMW,i8,2020
7590,Bentley Flying Spur 2011,Bentley,Flying Spur,2011
7591,BMW X6 2019,BMW,X6,2019
7592,Lincoln Continental 2017,Lincoln,Continental,2017
7593,INFINITI QX60 2017,INFINITI,QX60,2017
7594,Buick Envision 2016,Buick,Envision,2016
7595,Porsche Macan 2017,Porsche,Macan,2017
7596,Ford Ecosport 2019,Ford,Ecosport,2019
7597,Aston Martin Vantage 2012,Aston Martin,Vantage,2012
7598,Honda CR-V 2016,Honda,CR-V,2016
7599,Chevrolet Tahoe 2019,Chevrolet,Tahoe,2019
7600,Lexus IS 2012,Lexus,IS,2012
7601,Toyota Yaris 2016,Toyota,Yaris,2016
7602,Honda Insight 2020,Honda,Insight,2020
7603,Volkswagen Golf 2017,Volkswagen,Golf,2017
7604,FIAT 500 2013,FIAT,500,2013
7605,Toyota Land Cruiser 2013,Toyota,Land Cruiser,2013
7606,Ford Edge 2017,Ford,Edge,2017
7607,Nissan Maxima 2017,Nissan,Maxima,2017
7608,Cadillac XTS 2013,Cadillac,XTS,2013
7609,Acura RDX 2012,Acura,RDX,2012
7610,MINI Cooper 2016,MINI,Cooper,2016
7611,Porsche Taycan 2020,Porsche,Taycan,2020
7612,Kia Rio 2017,Kia,Rio,2017
7613,Ford Transit Connect Wagon 2019,Ford,Transit Connect Wagon,2019
7614,Kia Telluride 2020,Kia,Telluride,2020
7615,BMW 3-Series 2015,BMW,3-Series,2015
7616,Land Rover Range Rover Velar 2019,Land Rover,Range Rover Velar,2019
7617,Kia Optima 2016,Kia,Optima,2016
7618,Toyota Camry 2020,Toyota,Camry,2020
7619,Mazda CX-9 2016,Mazda,CX-9,2016
7620,Mercedes-Benz E Class 2012,Mercedes-Benz,E Class,2012
7621,GMC Acadia 2012,GMC,Acadia,2012
7622,Ford Fusion 2017,Ford,Fusion,2017
7623,Lexus RX 2017,Lexus,RX,2017
7624,Volkswagen Atlas 2020,Volkswagen,Atlas,2020
7625,Buick Regal 2017,Buick,Regal,2017
7626,MINI Cooper Countryman 2013,MINI,Cooper Countryman,2013
7627,Audi Q7 2017,Audi,Q7,2017
7628,Audi Q3 2016,Audi,Q3,2016
7629,BMW Z4 2012,BMW,Z4,2012
7630,Chrysler 300 2019,Chrysler,300,2019
7631,BMW 2-Series 2019,BMW,2-Series,2019
7632,Volvo V60 2019,Volvo,V60,2019
7633,Mercedes-Benz CLS Class 2019,Mercedes-Benz,CLS Class,2019
7634,Toyota Corolla 2020,Toyota,Corolla,2020
7635,Honda HR-V 2019,Honda,HR-V,2019
7636,Bentley Continental GT 2020,Bentley,Continental GT,2020
7637,Subaru Outback 2020,Subaru,Outback,2020
7638,Chevrolet Suburban 2019,Chevrolet,Suburban,2019
7639,Chevrolet Volt 2019,Chevrolet,Volt,2019
7640,Land Rover Range Rover Evoque 2016,Land Rover,Range Rover Evoque,2016
7641,Mercedes-Benz E Class 2020,Mercedes-Benz,E Class,2020
7642,BMW Z4 2019,BMW,Z4,2019
7643,Audi TT 2017,Audi,TT,2017
7644,Mercedes-Benz Metris 2016,Mercedes-Benz,Metris,2016
7645,Lincoln MKZ 2016,Lincoln,MKZ,2016
7646,Cadillac XT6 2020,Cadillac,XT6,2020
7647,Alfa Romeo Giulia 2020,Alfa Romeo,Giulia,2020
7648,Ford Fiesta 2019,Ford,Fiesta,2019
7649,Lincoln Navigator 2015,Lincoln,Navigator,2015
7650,Toyota Sienna 2019,Toyota,Sienna,2019
7651,Acura MDX 2020,Acura,MDX,2020
7652,GMC Yukon 2020,GMC,Yukon,2020
7653,Lexus LS 2019,Lexus,LS,2019
7654,Lexus RX 2019,Lexus,RX,2019
7655,Lincoln Navigator 2013,Lincoln,Navigator,2013
7656,BMW X1 2016,BMW,X1,2016
7657,Honda Clarity 2019,Honda,Clarity,2019
7658,Nissan GT-R 2020,Nissan,GT-R,2020
7659,Jeep Compass 2019,Jeep,Compass,2019
7660,Mazda MAZDA3 2011,Mazda,MAZDA3,2011
7661,Audi TT 2014,Audi,TT,2014
7662,Acura RDX 2019,Acura,RDX,2019
7663,Kia Soul 2020,Kia,Soul,2020
7664,Toyota Prius C 2012,Toyota,Prius C,2012
7665,Acura RDX 2014,Acura,RDX,2014
7666,Lexus NX 2020,Lexus,NX,2020
7667,GMC Yukon 2016,GMC,Yukon,2016
7668,Toyota Sienna 2016,Toyota,Sienna,2016
7669,BMW X3 2014,BMW,X3,2014
7670,Aston Martin Vantage 2015,Aston Martin,Vantage,2015
7671,Porsche 911 2015,Porsche,911,2015
7672,BMW 6-Series 2017,BMW,6-Series,2017
7673,Mitsubishi Mirage 2019,Mitsubishi,Mirage,2019
7674,Toyota Avalon 2017,Toyota,Avalon,2017
7675,Tesla Model X 2019,Tesla,Model X,2019
7676,Porsche Macan 2019,Porsche,Macan,2019
7677,Audi A6 2019,Audi,A6,2019
7678,INFINITI QX50 2019,INFINITI,QX50,2019
7679,Bentley Continental GT 2019,Bentley,Continental GT,2019
7680,Chevrolet Silverado 2500HD 2016,Chevrolet,Silverado 2500HD,2016
7681,Chevrolet Silverado 2500HD 2019,Chevrolet,Silverado 2500HD,2019
7682,INFINITI Q70 2019,INFINITI,Q70,2019
7683,Mercedes-Benz CLS Class 2014,Mercedes-Benz,CLS Class,2014
7684,Audi A6 2014,Audi,A6,2014
7685,BMW 5-Series 2011,BMW,5-Series,2011
7686,Ford Explorer 2017,Ford,Explorer,2017
7687,Ford Taurus 2019,Ford,Taurus,2019
7688,Mercedes-Benz C Class 2016,Mercedes-Benz,C Class,2016
7689,Volvo XC60 2011,Volvo,XC60,2011
7690,Chevrolet Traverse 2019,Chevrolet,Traverse,2019
7691,Nissan Sentra 2019,Nissan,Sentra,2019
7692,Mazda MAZDA3 2014,Mazda,MAZDA3,2014
7693,Jaguar F-Type 2014,Jaguar,F-Type,2014
7694,Bentley Flying Spur 2020,Bentley,Flying Spur,2020
7695,GMC Terrain 2015,GMC,Terrain,2015
7696,Audi Q8 2019,Audi,Q8,2019
7697,Mazda CX-9 2012,Mazda,CX-9,2012
7698,Audi e-tron 2019,Audi,e-tron,2019
7699,Chrysler Pacifica 2017,Chrysler,Pacifica,2017
7700,Audi A5 2014,Audi,A5,2014
7701,Cadillac Escalade 2014,Cadillac,Escalade,2014
7702,Chevrolet Equinox 2020,Chevrolet,Equinox,2020
7703,Jaguar F-Type 2016,Jaguar,F-Type,2016
7704,Jeep Compass 2017,Jeep,Compass,2017
7705,INFINITI Q70 2017,INFINITI,Q70,2017
7706,Ford Explorer 2020,Ford,Explorer,2020
7707,Mercedes-Benz G Class 2016,Mercedes-Benz,G Class,2016
7708,Audi A3 2019,Audi,A3,2019
7709,Chevrolet Silverado 2500HD 2017,Chevrolet,Silverado 2500HD,2017
7710,BMW 3-Series 2017,BMW,3-Series,2017
7711,FIAT 500e 2014,FIAT,500e,2014
7712,Acura NSX 2005,Acura,NSX,2005
7713,Mazda MAZDA6 2013,Mazda,MAZDA6,2013
7714,BMW 6-Series 2014,BMW,6-Series,2014
7715,Subaru Forester 2017,Subaru,Forester,2017
7716,BMW X4 2019,BMW,X4,2019
7717,Volvo V90 2017,Volvo,V90,2017
7718,Genesis G70 2020,Genesis,G70,2020
7719,Nissan Leaf 2017,Nissan,Leaf,2017
7720,Ford Fusion 2019,Ford,Fusion,2019
7721,Lincoln MKZ 2011,Lincoln,MKZ,2011
7722,Ford F-150 2013,Ford,F-150,2013
7723,Rolls-Royce Ghost 2017,Rolls-Royce,Ghost,2017
7724,Lexus ES 2011,Lexus,ES,2011
7725,BMW X3 2019,BMW,X3,2019
7726,Hyundai Kona Electric 2019,Hyundai,Kona Electric,2019
7727,Mercedes-Benz C Class 2020,Mercedes-Benz,C Class,2020
7728,Audi A6 2017,Audi,A6,2017
7729,Mercedes-Benz GLA Class 2017,Mercedes-Benz,GLA Class,2017
7730,Land Rover Range Rover 2017,Land Rover,Range Rover,2017
7731,Mercedes-Benz GLE Class 2019,Mercedes-Benz,GLE Class,2019
7732,BMW 5-Series 2015,BMW,5-Series,2015
7733,Hyundai Tucson 2014,Hyundai,Tucson,2014
7734,Porsche 718 2019,Porsche,718,2019
7735,Mercedes-Benz CLS Class 2011,Mercedes-Benz,CLS Class,2011
7736,Hyundai Tucson 2020,Hyundai,Tucson,2020
7737,Chevrolet Volt 2011,Chevrolet,Volt,2011
7738,Hyundai Accent 2019,Hyundai,Accent,2019
7739,BMW 4-Series 2016,BMW,4-Series,2016
7740,Nissan Titan 2015,Nissan,Titan,2015
7741,Ford Super Duty F-250 2017,Ford,Super Duty F-250,2017
7742,Lexus UX 2020,Lexus,UX,2020
7743,MINI Clubman 2013,MINI,Clubman,2013
7744,Chevrolet Camaro 2016,Chevrolet,Camaro,2016
7745,Audi TT 2011,Audi,TT,2011
7746,Ford F-150 2016,Ford,F-150,2016
7747,Mercedes-Benz C Class 2014,Mercedes-Benz,C Class,2014
7748,Acura RDX 2011,Acura,RDX,2011
7749,GMC Sierra 2500HD 2014,GMC,Sierra 2500HD,2014
7750,Honda Insight 2019,Honda,Insight,2019
7751,Mercedes-Benz G Class 2014,Mercedes-Benz,G Class,2014
7752,Lexus RC 2019,Lexus,RC,2019
7753,Volvo XC90 2010,Volvo,XC90,2010
7754,Toyota Prius C 2019,Toyota,Prius C,2019
7755,smart fortwo 2019,smart,fortwo,2019
7756,MINI Clubman 2017,MINI,Clubman,2017
7757,Mercedes-Benz GLE Class 2020,Mercedes-Benz,GLE Class,2020
7758,Honda HR-V 2017,Honda,HR-V,2017
7759,GMC Acadia 2017,GMC,Acadia,2017
7760,Honda Civic 2020,Honda,Civic,2020
7761,Bentley Bentayga 2017,Bentley,Bentayga,2017
7762,Chevrolet Equinox 2019,Chevrolet,Equinox,2019
7763,BMW X2 2020,BMW,X2,2020
7764,Nissan GT-R 2016,Nissan,GT-R,2016
7765,Chevrolet Silverado 2500HD 2015,Chevrolet,Silverado 2500HD,2015
7766,Toyota Corolla 2017,Toyota,Corolla,2017
7767,Aston Martin Vanquish 2004,Aston Martin,Vanquish,2004
7768,Subaru Crosstrek 2020,Subaru,Crosstrek,2020
7769,Honda Pilot 2019,Honda,Pilot,2019
7770,Subaru WRX 2016,Subaru,WRX,2016
7771,Ford F-150 2012,Ford,F-150,2012
7772,Mercedes-Benz SL Class 2011,Mercedes-Benz,SL Class,2011
7773,BMW X5 2011,BMW,X5,2011
7774,BMW X6 2013,BMW,X6,2013
7775,Mercedes-Benz GLS Class 2020,Mercedes-Benz,GLS Class,2020
7776,Mercedes-Benz E Class 2015,Mercedes-Benz,E Class,2015
7777,Nissan Rogue 2019,Nissan,Rogue,2019
7778,Mercedes-Benz CLA Class 2016,Mercedes-Benz,CLA Class,2016
7779,INFINITI QX50 2015,INFINITI,QX50,2015
7780,Lexus GS 2010,Lexus,GS,2010
7781,Ram 1500 2017,Ram,1500,2017
7782,Lexus GS 2014,Lexus,GS,2014
7783,Chevrolet Traverse 2015,Chevrolet,Traverse,2015
7784,Jeep Grand Cherokee 2020,Jeep,Grand Cherokee,2020
7785,Volkswagen Golf 2019,Volkswagen,Golf,2019
7786,Porsche Cayenne 2019,Porsche,Cayenne,2019
7787,Land Rover Range Rover 2011,Land Rover,Range Rover,2011
7788,BMW 4-Series 2020,BMW,4-Series,2020
7789,Mazda MX-5 Miata 2010,Mazda,MX-5 Miata,2010
7790,BMW X6 2014,BMW,X6,2014
7791,Lincoln Corsair 2020,Lincoln,Corsair,2020
7792,Ford Super Duty F-250 2014,Ford,Super Duty F-250,2014
7793,Chevrolet Silverado 1500 2011,Chevrolet,Silverado 1500,2011
7794,Genesis G90 2020,Genesis,G90,2020
7795,Audi TT 2012,Audi,TT,2012
7796,INFINITI Q50 2020,INFINITI,Q50,2020
7797,Mercedes-Benz S Class 2012,Mercedes-Benz,S Class,2012
7798,Acura NSX 2017,Acura,NSX,2017
7799,FIAT 500 2011,FIAT,500,2011
7800,Toyota Tundra 2017,Toyota,Tundra,2017
7801,INFINITI Q50 2016,INFINITI,Q50,2016
7802,Cadillac CT6 2020,Cadillac,CT6,2020
7803,Honda Fit 2017,Honda,Fit,2017
7804,Mazda MAZDA3 2012,Mazda,MAZDA3,2012
7805,Ford Explorer 2019,Ford,Explorer,2019
7806,Nissan Titan 2016,Nissan,Titan,2016
7807,Buick Lacrosse 2017,Buick,Lacrosse,2017
7808,Jeep Wrangler 2020,Jeep,Wrangler,2020
7809,Dodge Durango 2017,Dodge,Durango,2017
7810,Kia Optima 2017,Kia,Optima,2017
7811,Chevrolet Blazer 2020,Chevrolet,Blazer,2020
7812,Kia Forte 2019,Kia,Forte,2019
7813,Toyota C-HR 2019,Toyota,C-HR,2019
7814,Audi A3 2017,Audi,A3,2017
7815,Cadillac Escalade 2015,Cadillac,Escalade,2015
7816,smart fortwo 2011,smart,fortwo,2011
7817,Volvo XC40 2020,Volvo,XC40,2020
7818,Lexus IS 2015,Lexus,IS,2015
7819,Aston Martin DBS 2012,Aston Martin,DBS,2012
7820,Ford Expedition 2014,Ford,Expedition,2014
7821,INFINITI Q50 2015,INFINITI,Q50,2015
7822,FIAT 500 2019,FIAT,500,2019
7823,Kia Sportage 2019,Kia,Sportage,2019
7824,Lincoln Navigator 2017,Lincoln,Navigator,2017
7825,Nissan Maxima 2019,Nissan,Maxima,2019
7826,Acura MDX 2011,Acura,MDX,2011
7827,Toyota RAV4 2017,Toyota,RAV4,2017
7828,Toyota Highlander 2020,Toyota,Highlander,2020
7829,Bentley Continental GT 2014,Bentley,Continental GT,2014
7830,Jaguar XE 2020,Jaguar,XE,2020
7831,Dodge Charger 2017,Dodge,Charger,2017
7832,Buick Lacrosse 2019,Buick,Lacrosse,2019
7833,Toyota Avalon 2019,Toyota,Avalon,2019
7834,INFINITI QX80 2015,INFINITI,QX80,2015
7835,Mitsubishi Outlander Sport 2013,Mitsubishi,Outlander Sport,2013
7836,Rolls-Royce Ghost 2016,Rolls-Royce,Ghost,2016
7837,Volkswagen Golf 2016,Volkswagen,Golf,2016
7838,Audi A6 2020,Audi,A6,2020
7839,Lincoln MKT 2015,Lincoln,MKT,2015
7840,Alfa Romeo Stelvio 2020,Alfa Romeo,Stelvio,2020
7841,Chrysler 300 2017,Chrysler,300,2017
7842,Audi Q3 2019,Audi,Q3,2019
7843,Bentley Continental GT 2017,Bentley,Continental GT,2017
7844,Dodge Charger 2019,Dodge,Charger,2019
7845,Honda CR-V 2014,Honda,CR-V,2014
7846,Land Rover Range Rover Sport 2016,Land Rover,Range Rover Sport,2016
7847,Hyundai Santa Fe 2017,Hyundai,Santa Fe,2017
7848,Lexus GS 2011,Lexus,GS,2011
7849,FIAT 500 2012,FIAT,500,2012
7850,Chevrolet Suburban 2016,Chevrolet,Suburban,2016
7851,Ford Escape 2020,Ford,Escape,2020
7852,Porsche Panamera 2017,Porsche,Panamera,2017
7853,Porsche Cayenne 2020,Porsche,Cayenne,2020
7854,Mazda MX-5 Miata 2019,Mazda,MX-5 Miata,2019
7855,BMW 7-Series 2015,BMW,7-Series,2015
7856,BMW 4-Series 2019,BMW,4-Series,2019
7857,Chevrolet TrailBlazer 2008,Chevrolet,TrailBlazer,2008
7858,Chevrolet Colorado 2019,Chevrolet,Colorado,2019
7859,Nissan 370Z 2020,Nissan,370Z,2020
7860,Maserati GranTurismo 2012,Maserati,GranTurismo,2012
7861,GMC Sierra 2500HD 2012,GMC,Sierra 2500HD,2012
7862,Mercedes-Benz E Class 2017,Mercedes-Benz,E Class,2017
7863,BMW 7-Series 2013,BMW,7-Series,2013
7864,Nissan Versa 2020,Nissan,Versa,2020
7865,Acura TLX 2020,Acura,TLX,2020
7866,Lexus RX 2015,Lexus,RX,2015
7867,Mercedes-Benz E Class 2011,Mercedes-Benz,E Class,2011
7868,Hyundai Santa Fe 2016,Hyundai,Santa Fe,2016
7869,Kia Cadenza 2017,Kia,Cadenza,2017
7870,Maserati Quattroporte 2015,Maserati,Quattroporte,2015
7871,Mercedes-Benz SL Class 2017,Mercedes-Benz,SL Class,2017
7872,Alfa Romeo Giulia 2017,Alfa Romeo,Giulia,2017
7873,Rolls-Royce Dawn 2016,Rolls-Royce,Dawn,2016
7874,BMW X7 2019,BMW,X7,2019
7875,Subaru WRX 2019,Subaru,WRX,2019
7876,Jaguar XF 2012,Jaguar,XF,2012
7877,Mazda CX-9 2011,Mazda,CX-9,2011
7878,Mercedes-Benz S Class 2019,Mercedes-Benz,S Class,2019
7879,Chevrolet Sonic 2017,Chevrolet,Sonic,2017
7880,Volvo V60 2017,Volvo,V60,2017
7881,Kia Sportage 2017,Kia,Sportage,2017
7882,Aston Martin DB11 2017,Aston Martin,DB11,2017
7883,Nissan Altima 2019,Nissan,Altima,2019
7884,Volkswagen Jetta 2019,Volkswagen,Jetta,2019
7885,Nissan Armada 2020,Nissan,Armada,2020
7886,Nissan Titan 2020,Nissan,Titan,2020
7887,Chevrolet Sonic 2015,Chevrolet,Sonic,2015
7888,Nissan Leaf 2019,Nissan,Leaf,2019
7889,Chevrolet Corvette 2020,Chevrolet,Corvette,2020
7890,Honda Odyssey 2019,Honda,Odyssey,2019
7891,BMW 6-Series 2015,BMW,6-Series,2015
7892,Land Rover Discovery 2017,Land Rover,Discovery,2017
7893,Volvo XC60 2012,Volvo,XC60,2012
7894,Lexus ES 2016,Lexus,ES,2016
7895,MINI Cooper 2017,MINI,Cooper,2017
7896,Kia Sorento 2019,Kia,Sorento,2019
7897,Audi R8 2014,Audi,R8,2014
7898,Toyota Land Cruiser 2017,Toyota,Land Cruiser,2017
7899,Dodge Grand Caravan 2016,Dodge,Grand Caravan,2016
7900,MINI Clubman 2010,MINI,Clubman,2010
7901,Mazda MAZDA6 2019,Mazda,MAZDA6,2019
7902,Dodge Charger 2020,Dodge,Charger,2020
7903,Nissan NV200 2015,Nissan,NV200,2015
7904,BMW 3-Series 2014,BMW,3-Series,2014
7905,Honda Ridgeline 2019,Honda,Ridgeline,2019
7906,BMW 2-Series 2020,BMW,2-Series,2020
7907,Cadillac XT5 2017,Cadillac,XT5,2017
7908,FIAT 500L 2014,FIAT,500L,2014
7909,Lexus ES 2012,Lexus,ES,2012
7910,MINI Cooper Countryman 2015,MINI,Cooper Countryman,2015
7911,BMW 8-Series 2020,BMW,8-Series,2020
7912,Kia Soul 2019,Kia,Soul,2019
7913,Jaguar XE 2019,Jaguar,XE,2019
7914,Land Rover Discovery 2019,Land Rover,Discovery,2019
7915,Lincoln Continental 2019,Lincoln,Continental,2019
7916,Ferrari 488 GTB 2016,Ferrari,488 GTB,2016
7917,FIAT 124 Spider 2019,FIAT,124 Spider,2019
7918,Lexus RC 2015,Lexus,RC,2015
7919,Lincoln Navigator 2019,Lincoln,Navigator,2019
7920,BMW X5 2014,BMW,X5,2014
7921,BMW 3-Series 2012,BMW,3-Series,2012
7922,Toyota Tacoma 2019,Toyota,Tacoma,2019
7923,Ford F-150 2014,Ford,F-150,2014
7924,Acura ILX 2016,Acura,ILX,2016
7925,Acura NSX 2001,Acura,NSX,2001
7926,Nissan Pathfinder 2016,Nissan,Pathfinder,2016
7927,Cadillac CTS 2014,Cadillac,CTS,2014
7928,BMW X5 2013,BMW,X5,2013
7929,FIAT 500 2017,FIAT,500,2017
7930,GMC Sierra 1500 2011,GMC,Sierra 1500,2011
7931,GMC Sierra 1500 2020,GMC,Sierra 1500,2020
7932,Buick Lacrosse 2016,Buick,Lacrosse,2016
7933,Chevrolet Camaro 2019,Chevrolet,Camaro,2019
7934,Kia Sedona 2014,Kia,Sedona,2014
7935,Hyundai Tucson 2019,Hyundai,Tucson,2019
7936,Acura NSX 2020,Acura,NSX,2020
7937,BMW X4 2016,BMW,X4,2016
7938,Mercedes-Benz SL Class 2014,Mercedes-Benz,SL Class,2014
7939,Lincoln Aviator 2019,Lincoln,Aviator,2019
7940,FIAT 500 2016,FIAT,500,2016
7941,Tesla Model 3 2019,Tesla,Model 3,2019
7942,Lexus NX 2017,Lexus,NX,2017
7943,BMW Z4 2014,BMW,Z4,2014
7944,Kia Sorento 2016,Kia,Sorento,2016
7945,Ford Mustang 2020,Ford,Mustang,2020
7946,Mazda MAZDA6 2017,Mazda,MAZDA6,2017
7947,Mercedes-Benz SL Class 2016,Mercedes-Benz,SL Class,2016
7948,Kia Soul 2017,Kia,Soul,2017
7949,BMW i3 2016,BMW,i3,2016
7950,MINI Clubman 2011,MINI,Clubman,2011
7951,Rolls-Royce Phantom 2017,Rolls-Royce,Phantom,2017
7952,Land Rover Discovery Sport 2016,Land Rover,Discovery Sport,2016
7953,GMC Sierra 2500HD 2017,GMC,Sierra 2500HD,2017
7954,Aston Martin Vantage 2017,Aston Martin,Vantage,2017
7955,Land Rover Discovery 2020,Land Rover,Discovery,2020
7956,Hyundai Veloster 2019,Hyundai,Veloster,2019
7957,Mercedes-Benz E Class 2019,Mercedes-Benz,E Class,2019
7958,Mercedes-Benz C Class 2019,Mercedes-Benz,C Class,2019
7959,BMW i8 2014,BMW,i8,2014
7960,Ford Super Duty F-250 2011,Ford,Super Duty F-250,2011
7961,Ram 2500 2017,Ram,2500,2017
7962,Hyundai Santa Fe 2011,Hyundai,Santa Fe,2011
7963,Nissan GT-R 2017,Nissan,GT-R,2017
7964,Chevrolet Silverado 1500 2013,Chevrolet,Silverado 1500,2013
7965,Mazda CX-5 2019,Mazda,CX-5,2019
7966,GMC Terrain 2020,GMC,Terrain,2020
7967,BMW 7-Series 2019,BMW,7-Series,2019
7968,BMW Z4 2010,BMW,Z4,2010
7969,GMC Canyon 2009,GMC,Canyon,2009
7970,Acura RLX 2014,Acura,RLX,2014
7971,Toyota Highlander 2017,Toyota,Highlander,2017
7972,Nissan Pathfinder 2017,Nissan,Pathfinder,2017
7973,Nissan Frontier 2017,Nissan,Frontier,2017
7974,BMW X1 2013,BMW,X1,2013
7975,Hyundai Accent 2020,Hyundai,Accent,2020
7976,Toyota Prius 2020,Toyota,Prius,2020
7977,Land Rover Range Rover 2014,Land Rover,Range Rover,2014
7978,Jaguar F-Type 2020,Jaguar,F-Type,2020
7979,Ford Flex 2015,Ford,Flex,2015
7980,Volvo V60 2020,Volvo,V60,2020
7981,Cadillac Escalade 2019,Cadillac,Escalade,2019
7982,Audi Q5 2017,Audi,Q5,2017
7983,Subaru WRX 2011,Subaru,WRX,2011
7984,Porsche Panamera 2016,Porsche,Panamera,2016
7985,Volvo S90 2019,Volvo,S90,2019
7986,Audi A8 2017,Audi,A8,2017
7987,Land Rover Range Rover Sport 2014,Land Rover,Range Rover Sport,2014
7988,GMC Canyon 2020,GMC,Canyon,2020
7989,INFINITI Q70 2014,INFINITI,Q70,2014
7990,Honda CR-V 2012,Honda,CR-V,2012
7991,Kia Sedona 2019,Kia,Sedona,2019
7992,Genesis G90 2019,Genesis,G90,2019
7993,Dodge Durango 2019,Dodge,Durango,2019
7994,Mercedes-Benz CLA Class 2014,Mercedes-Benz,CLA Class,2014
7995,Subaru Legacy 2019,Subaru,Legacy,2019
7996,Lincoln MKT 2019,Lincoln,MKT,2019
7997,BMW i3 2015,BMW,i3,2015
7998,Subaru Legacy 2020,Subaru,Legacy,2020
7999,Lexus ES 2020,Lexus,ES,2020
8000,Hyundai Sonata 2020,Hyundai,Sonata,2020
8001,Audi R8 2017,Audi,R8,2017
8002,BMW 6-Series 2019,BMW,6-Series,2019
8003,Kia Niro 2019,Kia,Niro,2019
8004,Toyota Tacoma 2017,Toyota,Tacoma,2017
8005,Acura ILX 2019,Acura,ILX,2019
8006,Nissan 370Z 2019,Nissan,370Z,2019
8007,Ford Expedition 2016,Ford,Expedition,2016
8008,Chevrolet Corvette 2019,Chevrolet,Corvette,2019
8009,Nissan Rogue 2017,Nissan,Rogue,2017
8010,Jaguar XF 2011,Jaguar,XF,2011
8011,Nissan Altima 2017,Nissan,Altima,2017
8012,Porsche Cayenne 2013,Porsche,Cayenne,2013
8013,Chevrolet Sonic 2020,Chevrolet,Sonic,2020
8014,GMC Yukon 2012,GMC,Yukon,2012
8015,Hyundai Elantra 2017,Hyundai,Elantra,2017
8016,Lincoln Nautilus 2019,Lincoln,Nautilus,2019
8017,Subaru WRX 2013,Subaru,WRX,2013
8018,Jeep Renegade 2017,Jeep,Renegade,2017
8019,Audi A5 2017,Audi,A5,2017
8020,Nissan 370Z 2017,Nissan,370Z,2017
8021,Subaru Legacy 2014,Subaru,Legacy,2014
8022,smart fortwo 2015,smart,fortwo,2015
8023,GMC Yukon 2015,GMC,Yukon,2015
8024,Mercedes-Benz E Class 2016,Mercedes-Benz,E Class,2016
8025,Mazda MAZDA6 2015,Mazda,MAZDA6,2015
8026,Mazda MAZDA6 2011,Mazda,MAZDA6,2011
8027,BMW X5 2015,BMW,X5,2015
8028,Ford Expedition 2019,Ford,Expedition,2019
8029,GMC Canyon 2011,GMC,Canyon,2011
8030,Subaru Outback 2019,Subaru,Outback,2019
8031,Ford Super Duty F-250 2013,Ford,Super Duty F-250,2013
8032,Mercedes-Benz CLA Class 2017,Mercedes-Benz,CLA Class,2017
8033,Cadillac XT5 2019,Cadillac,XT5,2019
8034,Mazda CX-30 2020,Mazda,CX-30,2020
8035,GMC Sierra 1500 2019,GMC,Sierra 1500,2019
8036,Toyota Sienna 2017,Toyota,Sienna,2017
8037,Chevrolet Spark 2015,Chevrolet,Spark,2015
8038,Buick Enclave 2019,Buick,Enclave,2019
8039,Lexus LS 2016,Lexus,LS,2016
8040,Maserati GranTurismo 2011,Maserati,GranTurismo,2011
8041,BMW X6 2016,BMW,X6,2016
8042,Mercedes-Benz GLE Class 2016,Mercedes-Benz,GLE Class,2016
8043,Jaguar XF 2016,Jaguar,XF,2016
8044,Chevrolet Silverado 2500HD 2011,Chevrolet,Silverado 2500HD,2011
8045,Toyota Prius 2017,Toyota,Prius,2017
8046,Ford Super Duty F-250 2012,Ford,Super Duty F-250,2012
8047,Dodge Journey 2017,Dodge,Journey,2017
8048,Maserati Ghibli 2016,Maserati,Ghibli,2016
8049,Chevrolet TrailBlazer 2005,Chevrolet,TrailBlazer,2005
8050,Lexus RC 2016,Lexus,RC,2016
8051,Ford Super Duty F-250 2015,Ford,Super Duty F-250,2015
8052,Kia Niro 2020,Kia,Niro,2020
8053,MINI Cooper Countryman 2019,MINI,Cooper Countryman,2019
8054,Audi A7 2017,Audi,A7,2017
8055,Acura RDX 2020,Acura,RDX,2020
8056,Toyota Prius C 2014,Toyota,Prius C,2014
8057,INFINITI QX80 2014,INFINITI,QX80,2014
8058,Acura RLX 2016,Acura,RLX,2016
8059,Mercedes-Benz GLA Class 2019,Mercedes-Benz,GLA Class,2019
8060,FIAT 124 Spider 2017,FIAT,124 Spider,2017
8061,Volvo XC90 2020,Volvo,XC90,2020
8062,Aston Martin DBS 2010,Aston Martin,DBS,2010
8063,Nissan Frontier 2019,Nissan,Frontier,2019
8064,Toyota Sequoia 2019,Toyota,Sequoia,2019
8065,Kia Cadenza 2015,Kia,Cadenza,2015
8066,Chevrolet Silverado 1500 2014,Chevrolet,Silverado 1500,2014
8067,Porsche 911 2019,Porsche,911,2019
8068,BMW 7-Series 2017,BMW,7-Series,2017
8069,BMW X3 2015,BMW,X3,2015
8070,Mitsubishi Outlander Sport 2012,Mitsubishi,Outlander Sport,2012
8071,Nissan Rogue Sport 2017,Nissan,Rogue Sport,2017
8072,Mazda MX-5 Miata 2016,Mazda,MX-5 Miata,2016
8073,Mazda MX-5 Miata 2017,Mazda,MX-5 Miata,2017
8074,BMW 5-Series 2016,BMW,5-Series,2016
8075,Lexus IS 2013,Lexus,IS,2013
8076,Acura MDX 2017,Acura,MDX,2017
8077,Bentley Flying Spur 2017,Bentley,Flying Spur,2017
8078,Lincoln Navigator 2012,Lincoln,Navigator,2012
8079,Hyundai Elantra 2019,Hyundai,Elantra,2019
8080,Ford Transit Connect Wagon 2014,Ford,Transit Connect Wagon,2014
8081,Ford F-150 2017,Ford,F-150,2017
8082,Toyota Highlander 2019,Toyota,Highlander,2019
8083,Lincoln MKZ 2013,Lincoln,MKZ,2013
8084,Aston Martin DBS 2011,Aston Martin,DBS,2011
8085,Lamborghini Huracan 2019,Lamborghini,Huracan,2019
8086,MINI Cooper 2011,MINI,Cooper,2011
8087,Mitsubishi Mirage 2017,Mitsubishi,Mirage,2017
8088,Cadillac XTS 2012,Cadillac,XTS,2012
8089,Mazda CX-3 2019,Mazda,CX-3,2019
8090,Hyundai Veloster 2016,Hyundai,Veloster,2016
8091,Bentley Flying Spur 2014,Bentley,Flying Spur,2014
8092,Acura ILX 2013,Acura,ILX,2013
8093,Chevrolet Cruze 2019,Chevrolet,Cruze,2019
8094,Kia Sorento 2017,Kia,Sorento,2017
8095,Rolls-Royce Ghost 2015,Rolls-Royce,Ghost,2015
8096,BMW 5-Series 2017,BMW,5-Series,2017
8097,Subaru BRZ 2013,Subaru,BRZ,2013
8098,Lexus LS 2011,Lexus,LS,2011
8099,Rolls-Royce Ghost 2019,Rolls-Royce,Ghost,2019
8100,MINI Cooper Countryman 2011,MINI,Cooper Countryman,2011
8101,Hyundai Sonata 2017,Hyundai,Sonata,2017
8102,Nissan Pathfinder 2019,Nissan,Pathfinder,2019
8103,Subaru Ascent 2019,Subaru,Ascent,2019
8104,MINI Cooper Countryman 2016,MINI,Cooper Countryman,2016
8105,Nissan Leaf 2012,Nissan,Leaf,2012
8106,Toyota Sienna 2020,Toyota,Sienna,2020
8107,Mercedes-Benz S Class 2014,Mercedes-Benz,S Class,2014
8108,Buick Regal 2019,Buick,Regal,2019
8109,BMW X6 2011,BMW,X6,2011
8110,Jeep Grand Cherokee 2019,Jeep,Grand Cherokee,2019
8111,Jaguar F-Type 2015,Jaguar,F-Type,2015
8112,Volkswagen Atlas 2019,Volkswagen,Atlas,2019
8113,GMC Yukon 2014,GMC,Yukon,2014
8114,Jaguar XJ 2017,Jaguar,XJ,2017
8115,Subaru WRX 2015,Subaru,WRX,2015
8116,Bentley Continental GT 2013,Bentley,Continental GT,2013
8117,Hyundai Palisade 2020,Hyundai,Palisade,2020
8118,Chevrolet Suburban 2017,Chevrolet,Suburban,2017
8119,INFINITI Q50 2014,INFINITI,Q50,2014
8120,Mercedes-Benz GLA Class 2020,Mercedes-Benz,GLA Class,2020
8121,Buick Cascada 2017,Buick,Cascada,2017
8122,Cadillac XTS 2015,Cadillac,XTS,2015
8123,BMW Z4 2015,BMW,Z4,2015
8124,Hyundai Santa Fe 2015,Hyundai,Santa Fe,2015
8125,Land Rover Range Rover 2012,Land Rover,Range Rover,2012
8126,Mazda CX-5 2016,Mazda,CX-5,2016
8127,BMW 4-Series 2014,BMW,4-Series,2014
8128,Buick Regal 2020,Buick,Regal,2020
8129,Tesla Model S 2019,Tesla,Model S,2019
8130,Hyundai Ioniq 2019,Hyundai,Ioniq,2019
8131,Mercedes-Benz G Class 2011,Mercedes-Benz,G Class,2011
8132,Chevrolet TrailBlazer 2006,Chevrolet,TrailBlazer,2006
8133,Jaguar I-Pace 2020,Jaguar,I-Pace,2020
8134,Lincoln Navigator 2016,Lincoln,Navigator,2016
8135,Porsche 911 2016,Porsche,911,2016
8136,Chevrolet Silverado 2500HD 2020,Chevrolet,Silverado 2500HD,2020
8137,Mercedes-Benz C Class 2015,Mercedes-Benz,C Class,2015
8138,Mercedes-Benz GLC Class 2016,Mercedes-Benz,GLC Class,2016
8139,BMW 2-Series 2016,BMW,2-Series,2016
8140,Audi Q5 2013,Audi,Q5,2013
8141,Mercedes-Benz G Class 2017,Mercedes-Benz,G Class,2017
8142,Nissan Sentra 2020,Nissan,Sentra,2020
8143,Mercedes-Benz SL Class 2012,Mercedes-Benz,SL Class,2012
8144,Mercedes-Benz C Class 2012,Mercedes-Benz,C Class,2012
8145,Volvo V60 2016,Volvo,V60,2016
8146,Aston Martin Vanquish 2016,Aston Martin,Vanquish,2016
8147,Bentley Mulsanne 2020,Bentley,Mulsanne,2020
8148,Bentley Bentayga 2020,Bentley,Bentayga,2020
8149,GMC Sierra 2500HD 2015,GMC,Sierra 2500HD,2015
8150,Chevrolet Silverado 1500 2020,Chevrolet,Silverado 1500,2020
8151,Maserati GranTurismo 2013,Maserati,GranTurismo,2013
8152,Mitsubishi Outlander Sport 2020,Mitsubishi,Outlander Sport,2020
8153,Audi A8 2015,Audi,A8,2015
8154,Ford Mustang 2017,Ford,Mustang,2017
8155,Toyota RAV4 2016,Toyota,RAV4,2016
8156,Buick Regal 2016,Buick,Regal,2016
8157,Buick Encore 2019,Buick,Encore,2019
8158,Acura RLX 2017,Acura,RLX,2017
8159,Rolls-Royce Phantom 2014,Rolls-Royce,Phantom,2014
8160,FIAT 500 2015,FIAT,500,2015
8161,Hyundai Sonata 2019,Hyundai,Sonata,2019
8162,BMW 2-Series 2015,BMW,2-Series,2015
8163,Mercedes-Benz G Class 2013,Mercedes-Benz,G Class,2013
8164,Audi A8 2020,Audi,A8,2020
8165,Mercedes-Benz S Class 2016,Mercedes-Benz,S Class,2016
8166,Volvo XC90 2016,Volvo,XC90,2016
8167,Honda CR-V 2011,Honda,CR-V,2011
8168,Lamborghini Huracan 2015,Lamborghini,Huracan,2015
8169,BMW X3 2013,BMW,X3,2013
8170,Audi A3 2016,Audi,A3,2016
8171,Hyundai Tucson 2015,Hyundai,Tucson,2015
8172,INFINITI Q60 2014,INFINITI,Q60,2014
8173,Nissan NV200 2019,Nissan,NV200,2019
8174,Chevrolet Sonic 2019,Chevrolet,Sonic,2019
8175,Hyundai Kona Electric 2020,Hyundai,Kona Electric,2020
8176,INFINITI QX80 2020,INFINITI,QX80,2020
8177,Toyota 4Runner 2017,Toyota,4Runner,2017
8178,Volvo V60 2015,Volvo,V60,2015
8179,Acura TLX 2015,Acura,TLX,2015
8180,Mercedes-Benz S Class 2011,Mercedes-Benz,S Class,2011
8181,Subaru BRZ 2020,Subaru,BRZ,2020
8182,Chevrolet Traverse 2020,Chevrolet,Traverse,2020
8183,Lexus GS 2013,Lexus,GS,2013
8184,Honda Passport 2020,Honda,Passport,2020
8185,Volkswagen Beetle 2019,Volkswagen,Beetle,2019
8186,BMW 6-Series 2016,BMW,6-Series,2016
8187,FIAT 500L 2015,FIAT,500L,2015
8188,Nissan Leaf 2014,Nissan,Leaf,2014
8189,Mazda CX-5 2017,Mazda,CX-5,2017
8190,Volkswagen Tiguan 2019,Volkswagen,Tiguan,2019
8191,BMW X4 2020,BMW,X4,2020
8192,Mazda MX-5 Miata 2011,Mazda,MX-5 Miata,2011
8193,Hyundai Santa Fe 2019,Hyundai,Santa Fe,2019
8194,Audi A7 2012,Audi,A7,2012
8195,Aston Martin Vanquish 2014,Aston Martin,Vanquish,2014
8196,Volvo S90 2017,Volvo,S90,2017
8197,Dodge Challenger 2017,Dodge,Challenger,2017
8198,Chrysler Pacifica 2019,Chrysler,Pacifica,2019
8199,Chevrolet Corvette 2017,Chevrolet,Corvette,2017
8200,Hyundai Kona 2019,Hyundai,Kona,2019
8201,BMW 6-Series 2013,BMW,6-Series,2013
8202,Chevrolet Trax 2019,Chevrolet,Trax,2019
8203,Hyundai Santa Fe 2013,Hyundai,Santa Fe,2013
8204,Porsche Cayenne 2015,Porsche,Cayenne,2015
8205,Chevrolet Silverado 1500 2019,Chevrolet,Silverado 1500,2019
8206,Lincoln MKZ 2019,Lincoln,MKZ,2019
8207,Audi A7 2019,Audi,A7,2019
8208,Honda Accord 2019,Honda,Accord,2019
8209,Toyota Corolla 2016,Toyota,Corolla,2016
8210,Nissan GT-R 2015,Nissan,GT-R,2015
8211,Audi TT 2016,Audi,TT,2016
8212,Honda Civic 2017,Honda,Civic,2017
8213,Audi Q7 2015,Audi,Q7,2015
8214,Lexus IS 2011,Lexus,IS,2011
8215,Toyota Tundra 2019,Toyota,Tundra,2019
8216,Porsche Panamera 2013,Porsche,Panamera,2013
8217,Rolls-Royce Cullinan 2020,Rolls-Royce,Cullinan,2020
8218,Mercedes-Benz SLC Class 2020,Mercedes-Benz,SLC Class,2020
8219,Porsche 911 2012,Porsche,911,2012
8220,Honda Pilot 2017,Honda,Pilot,2017
8221,Chevrolet Impala 2017,Chevrolet,Impala,2017
8222,Chrysler 300 2016,Chrysler,300,2016
8223,BMW X6 2020,BMW,X6,2020
8224,Audi A4 2017,Audi,A4,2017
8225,GMC Canyon 2016,GMC,Canyon,2016
8226,Subaru Crosstrek 2016,Subaru,Crosstrek,2016
8227,MINI Cooper Countryman 2017,MINI,Cooper Countryman,2017
8228,Mercedes-Benz GLC Class 2019,Mercedes-Benz,GLC Class,2019
8229,Ram 2500 2019,Ram,2500,2019
8230,BMW 5-Series 2020,BMW,5-Series,2020
8231,Maserati GranTurismo 2016,Maserati,GranTurismo,2016
8232,Nissan Titan 2017,Nissan,Titan,2017
8233,Toyota Camry 2017,Toyota,Camry,2017
8234,Genesis G90 2017,Genesis,G90,2017
8235,GMC Sierra 1500 2017,GMC,Sierra 1500,2017
8236,Toyota RAV4 2014,Toyota,RAV4,2014
8237,Mazda CX-3 2016,Mazda,CX-3,2016
8238,smart fortwo 2016,smart,fortwo,2016
8239,Porsche 718 2017,Porsche,718,2017
8240,Jeep Cherokee 2017,Jeep,Cherokee,2017
8241,Toyota Land Cruiser 2016,Toyota,Land Cruiser,2016
8242,Mercedes-Benz SLC Class 2019,Mercedes-Benz,SLC Class,2019
8243,Lexus LC 2019,Lexus,LC,2019
8244,FIAT 500e 2015,FIAT,500e,2015
8245,Land Rover Discovery Sport 2020,Land Rover,Discovery Sport,2020
8246,Mercedes-Benz GLA Class 2015,Mercedes-Benz,GLA Class,2015
8247,Hyundai Ioniq 2017,Hyundai,Ioniq,2017
8248,Chevrolet Bolt EV 2017,Chevrolet,Bolt EV,2017
8249,Cadillac XT4 2019,Cadillac,XT4,2019
8250,Audi R8 2011,Audi,R8,2011
8251,GMC Acadia 2015,GMC,Acadia,2015
8252,Lexus RX 2011,Lexus,RX,2011
8253,Mercedes-Benz GLB Class 2020,Mercedes-Benz,GLB Class,2020
8254,Nissan Murano 2019,Nissan,Murano,2019
8255,Subaru BRZ 2017,Subaru,BRZ,2017
8256,Mercedes-Benz CLS Class 2017,Mercedes-Benz,CLS Class,2017
8257,Toyota Sequoia 2015,Toyota,Sequoia,2015
8258,GMC Sierra 2500HD 2013,GMC,Sierra 2500HD,2013
8259,Chevrolet Colorado 2017,Chevrolet,Colorado,2017
8260,Lexus GS 2020,Lexus,GS,2020
8261,Buick Encore 2017,Buick,Encore,2017
8262,Jeep Cherokee 2019,Jeep,Cherokee,2019
8263,FIAT 500e 2016,FIAT,500e,2016
8264,Mercedes-Benz Metris 2020,Mercedes-Benz,Metris,2020
8265,Ford Fiesta 2017,Ford,Fiesta,2017
8266,BMW Z4 2009,BMW,Z4,2009
8267,Mercedes-Benz CLS Class 2016,Mercedes-Benz,CLS Class,2016
8268,Hyundai Kona 2020,Hyundai,Kona,2020
8269,Volkswagen Arteon 2019,Volkswagen,Arteon,2019
8270,Land Rover Range Rover 2020,Land Rover,Range Rover,2020
8271,Lexus ES 2014,Lexus,ES,2014
8272,Lexus GS 2015,Lexus,GS,2015
8273,Jaguar XF 2014,Jaguar,XF,2014
8274,Land Rover Range Rover Evoque 2014,Land Rover,Range Rover Evoque,2014
8275,Ford Flex 2016,Ford,Flex,2016
8276,Audi A8 2016,Audi,A8,2016
8277,Volvo XC60 2016,Volvo,XC60,2016
8278,Lexus IS 2019,Lexus,IS,2019
8279,Toyota RAV4 2019,Toyota,RAV4,2019
8280,Chevrolet Spark 2017,Chevrolet,Spark,2017
8281,Kia Stinger 2019,Kia,Stinger,2019
8282,Chevrolet Spark 2019,Chevrolet,Spark,2019
8283,Land Rover Range Rover Sport 2011,Land Rover,Range Rover Sport,2011
8284,Audi TT 2019,Audi,TT,2019
8285,Kia Sedona 2015,Kia,Sedona,2015
8286,Honda Clarity 2003,Honda,Clarity,2003
8287,Toyota Land Cruiser 2010,Toyota,Land Cruiser,2010
8288,Ford Explorer 2016,Ford,Explorer,2016
8289,Volvo XC40 2019,Volvo,XC40,2019
8290,Volvo XC90 2012,Volvo,XC90,2012
8291,Toyota Prius C 2016,Toyota,Prius C,2016
8292,Acura MDX 2012,Acura,MDX,2012
8293,Bentley Continental GT 2011,Bentley,Continental GT,2011
8294,BMW Z4 2020,BMW,Z4,2020
8295,Cadillac CT6 2017,Cadillac,CT6,2017
8296,Lexus RX 2016,Lexus,RX,2016
8297,Nissan Titan 2019,Nissan,Titan,2019
8298,Buick Envision 2019,Buick,Envision,2019
8299,Buick Envision 2020,Buick,Envision,2020
8300,Tesla Model S 2012,Tesla,Model S,2012
8301,Jaguar E-Pace 2020,Jaguar,E-Pace,2020
8302,Dodge Grand Caravan 2019,Dodge,Grand Caravan,2019
8303,BMW 7-Series 2016,BMW,7-Series,2016
8304,BMW X6 2012,BMW,X6,2012
8305,Cadillac ATS 2017,Cadillac,ATS,2017
8306,Kia Cadenza 2016,Kia,Cadenza,2016
8307,Maserati Quattroporte 2011,Maserati,Quattroporte,2011
8308,Mitsubishi Outlander 2019,Mitsubishi,Outlander,2019
8309,Land Rover Range Rover Sport 2015,Land Rover,Range Rover Sport,2015
8310,INFINITI QX50 2020,INFINITI,QX50,2020
8311,Honda Clarity 2017,Honda,Clarity,2017
8312,Maserati GranTurismo 2019,Maserati,GranTurismo,2019
8313,Bentley Mulsanne 2011,Bentley,Mulsanne,2011
8314,Ford Super Duty F-250 2016,Ford,Super Duty F-250,2016
8315,Toyota Prius 2019,Toyota,Prius,2019
8316,Nissan Sentra 2017,Nissan,Sentra,2017
8317,Subaru Crosstrek 2014,Subaru,Crosstrek,2014
8318,Subaru Ascent 2020,Subaru,Ascent,2020
8319,Chevrolet Silverado 1500 2017,Chevrolet,Silverado 1500,2017
8320,GMC Acadia 2016,GMC,Acadia,2016
8321,Audi TT 2013,Audi,TT,2013
8322,Land Rover Range Rover Evoque 2012,Land Rover,Range Rover Evoque,2012
8323,Kia Forte 2017,Kia,Forte,2017
8324,Porsche Macan 2015,Porsche,Macan,2015
8325,MINI Cooper 2015,MINI,Cooper,2015
8326,Volvo S60 2017,Volvo,S60,2017
8327,Toyota RAV4 2012,Toyota,RAV4,2012
8328,Maserati Quattroporte 2012,Maserati,Quattroporte,2012
8329,FIAT 500 2014,FIAT,500,2014
8330,GMC Terrain 2016,GMC,Terrain,2016
8331,Nissan Leaf 2016,Nissan,Leaf,2016
8332,Cadillac CTS 2012,Cadillac,CTS,2012
8333,Lincoln MKC 2015,Lincoln,MKC,2015
8334,GMC Sierra 1500 2012,GMC,Sierra 1500,2012
8335,Alfa Romeo 4C 2019,Alfa Romeo,4C,2019
8336,GMC Acadia 2013,GMC,Acadia,2013
8337,Toyota Prius C 2015,Toyota,Prius C,2015
8338,BMW X4 2015,BMW,X4,2015
8339,Toyota Land Cruiser 2011,Toyota,Land Cruiser,2011
8340,Cadillac XTS 2014,Cadillac,XTS,2014
8341,MINI Cooper 2014,MINI,Cooper,2014
8342,Mercedes-Benz EQC 2020,Mercedes-Benz,EQC,2020
8343,Ford Super Duty F-250 2020,Ford,Super Duty F-250,2020
8344,Cadillac CTS 2019,Cadillac,CTS,2019
8345,Ford Mustang 2019,Ford,Mustang,2019
8346,BMW i3 2014,BMW,i3,2014
8347,INFINITI Q50 2017,INFINITI,Q50,2017
8348,Chevrolet Colorado 2015,Chevrolet,Colorado,2015
8349,Toyota Mirai 2017,Toyota,Mirai,2017
8350,Jeep Cherokee 2016,Jeep,Cherokee,2016
8351,Audi A6 2016,Audi,A6,2016
8352,Audi R8 2012,Audi,R8,2012
8353,Maserati Quattroporte 2014,Maserati,Quattroporte,2014
8354,GMC Acadia 2011,GMC,Acadia,2011
8355,Ford Expedition 2017,Ford,Expedition,2017
8356,Buick Enclave 2014,Buick,Enclave,2014
8357,Jaguar XJ 2014,Jaguar,XJ,2014
8358,Nissan NV200 2013,Nissan,NV200,2013
8359,Nissan Leaf 2011,Nissan,Leaf,2011
8360,Toyota Tacoma 2020,Toyota,Tacoma,2020
8361,Dodge Challenger 2020,Dodge,Challenger,2020
8362,Porsche 911 2014,Porsche,911,2014
8363,Cadillac CTS 2013,Cadillac,CTS,2013
8364,INFINITI QX60 2015,INFINITI,QX60,2015
8365,Kia Stinger 2020,Kia,Stinger,2020
8366,Chevrolet TrailBlazer 2007,Chevrolet,TrailBlazer,2007
8367,Lincoln MKZ 2015,Lincoln,MKZ,2015
8368,INFINITI QX80 2016,INFINITI,QX80,2016
8369,Ram 2500 2020,Ram,2500,2020
8370,Maserati Quattroporte 2013,Maserati,Quattroporte,2013
8371,Tesla Model S 2014,Tesla,Model S,2014
8372,Jaguar XF 2013,Jaguar,XF,2013
8373,Toyota 4Runner 2019,Toyota,4Runner,2019
8374,Mercedes-Benz A Class 2020,Mercedes-Benz,A Class,2020
8375,Nissan Rogue Sport 2019,Nissan,Rogue Sport,2019
8376,Jeep Renegade 2019,Jeep,Renegade,2019
8377,Audi A8 2014,Audi,A8,2014
8378,Subaru Outback 2017,Subaru,Outback,2017
8379,Mazda MX-5 Miata 2015,Mazda,MX-5 Miata,2015
8380,Volvo XC60 2020,Volvo,XC60,2020
8381,GMC Canyon 2015,GMC,Canyon,2015
8382,Audi TT 2015,Audi,TT,2015
8383,Subaru Impreza 2017,Subaru,Impreza,2017
8384,GMC Sierra 2500HD 2011,GMC,Sierra 2500HD,2011
8385,Lexus LX 2014,Lexus,LX,2014
8386,Mercedes-Benz GLE Class 2017,Mercedes-Benz,GLE Class,2017
8387,Mercedes-Benz C Class 2017,Mercedes-Benz,C Class,2017
8388,Volkswagen Beetle 2017,Volkswagen,Beetle,2017
8389,INFINITI Q60 2017,INFINITI,Q60,2017
8390,Jaguar F-Pace 2019,Jaguar,F-Pace,2019
8391,MINI Clubman 2012,MINI,Clubman,2012
8392,Mercedes-Benz CLA Class 2019,Mercedes-Benz,CLA Class,2019
8393,Kia Niro 2017,Kia,Niro,2017
8394,Mercedes-Benz E Class 2014,Mercedes-Benz,E Class,2014
8395,smart fortwo 2017,smart,fortwo,2017
8396,Toyota Camry 2019,Toyota,Camry,2019
8397,Volvo S60 2016,Volvo,S60,2016
8398,Acura MDX 2014,Acura,MDX,2014
8399,Mercedes-Benz C Class 2013,Mercedes-Benz,C Class,2013
8400,Toyota Sequoia 2020,Toyota,Sequoia,2020
8401,Volvo XC60 2017,Volvo,XC60,2017
8402,Lamborghini Urus 2019,Lamborghini,Urus,2019
8403,MINI Clubman 2019,MINI,Clubman,2019
8404,Aston Martin Vanquish 2019,Aston Martin,Vanquish,2019
8405,Jaguar XJ 2015,Jaguar,XJ,2015
8406,Cadillac CTS 2015,Cadillac,CTS,2015
8407,Nissan Maxima 2014,Nissan,Maxima,2014
8408,Chevrolet Silverado 1500 2016,Chevrolet,Silverado 1500,2016
8409,Jaguar XF 2017,Jaguar,XF,2017
8410,Kia Sportage 2015,Kia,Sportage,2015
8411,Acura NSX 2004,Acura,NSX,2004
8412,Honda Ridgeline 2017,Honda,Ridgeline,2017
8413,INFINITI QX50 2016,INFINITI,QX50,2016
8414,FIAT 500L 2016,FIAT,500L,2016
8415,Volkswagen Tiguan 2015,Volkswagen,Tiguan,2015
8416,Ford Escape 2019,Ford,Escape,2019
8417,Mercedes-Benz GLC Class 2020,Mercedes-Benz,GLC Class,2020
8418,Maserati Ghibli 2015,Maserati,Ghibli,2015
8419,Ford Transit Connect Wagon 2016,Ford,Transit Connect Wagon,2016
8420,Mercedes-Benz AMG GT 2017,Mercedes-Benz,AMG GT,2017
8421,Audi A4 2019,Audi,A4,2019
8422,BMW 3-Series 2016,BMW,3-Series,2016
8423,Mitsubishi Outlander Sport 2017,Mitsubishi,Outlander Sport,2017
8424,Ford Escape 2017,Ford,Escape,2017
8425,FIAT 500L 2017,FIAT,500L,2017
8426,Rolls-Royce Wraith 2014,Rolls-Royce,Wraith,2014
8427,Mercedes-Benz CLS Class 2012,Mercedes-Benz,CLS Class,2012
8428,Volvo XC90 2019,Volvo,XC90,2019
8429,Lexus IS 2016,Lexus,IS,2016
8430,Chevrolet Spark 2016,Chevrolet,Spark,2016
8431,smart fortwo 2014,smart,fortwo,2014
8432,Toyota Sequoia 2017,Toyota,Sequoia,2017
8433,Volkswagen Passat 2017,Volkswagen,Passat,2017
8434,Mercedes-Benz Metris 2019,Mercedes-Benz,Metris,2019
8435,Porsche Cayenne 2016,Porsche,Cayenne,2016
8436,Jaguar XJ 2010,Jaguar,XJ,2010
8437,Lexus LX 2017,Lexus,LX,2017
8438,Buick Cascada 2016,Buick,Cascada,2016
8439,Nissan Kicks 2019,Nissan,Kicks,2019
8440,Toyota Mirai 2016,Toyota,Mirai,2016
8441,INFINITI QX60 2016,INFINITI,QX60,2016
8442,Lexus GS 2017,Lexus,GS,2017
8443,Hyundai Veloster 2020,Hyundai,Veloster,2020
8444,Land Rover Range Rover Sport 2013,Land Rover,Range Rover Sport,2013
8445,Mazda MX-5 Miata 2012,Mazda,MX-5 Miata,2012
8446,Ford Transit Connect Wagon 2012,Ford,Transit Connect Wagon,2012
8447,Nissan Versa 2019,Nissan,Versa,2019
8448,Mercedes-Benz AMG GT 2016,Mercedes-Benz,AMG GT,2016
8449,BMW i8 2015,BMW,i8,2015
8450,BMW 3-Series 2011,BMW,3-Series,2011
8451,Cadillac CT4 2020,Cadillac,CT4,2020
8452,Ferrari 488 GTB 2019,Ferrari,488 GTB,2019
8453,INFINITI Q70 2015,INFINITI,Q70,2015
8454,Subaru Impreza 2016,Subaru,Impreza,2016
8455,Ford Ranger 2019,Ford,Ranger,2019
8456,Aston Martin Vanquish 2005,Aston Martin,Vanquish,2005
8457,Ford F-150 2019,Ford,F-150,2019
8458,BMW 7-Series 2011,BMW,7-Series,2011
8459,Ram 1500 2019,Ram,1500,2019
8460,Cadillac ATS 2014,Cadillac,ATS,2014
8461,Volkswagen e-Golf 2017,Volkswagen,e-Golf,2017
8462,Acura NSX 2003,Acura,NSX,2003
8463,Lexus GS 2016,Lexus,GS,2016
8464,Hyundai Accent 2017,Hyundai,Accent,2017
8465,Chevrolet Corvette 2016,Chevrolet,Corvette,2016
8466,Nissan Armada 2015,Nissan,Armada,2015
8467,Mercedes-Benz G Class 2015,Mercedes-Benz,G Class,2015
8468,Cadillac ATS 2015,Cadillac,ATS,2015
8469,Kia Rio 2020,Kia,Rio,2020
8470,BMW 7-Series 2012,BMW,7-Series,2012
8471,Ford Taurus 2017,Ford,Taurus,2017
8472,Land Rover Range Rover Sport 2019,Land Rover,Range Rover Sport,2019
8473,GMC Sierra 2500HD 2019,GMC,Sierra 2500HD,2019
8474,Lexus NX 2016,Lexus,NX,2016
8475,Lexus NX 2015,Lexus,NX,2015
8476,BMW X3 2020,BMW,X3,2020
8477,BMW 8-Series 2019,BMW,8-Series,2019
8478,GMC Yukon 2013,GMC,Yukon,2013
8479,BMW X3 2016,BMW,X3,2016
8480,Buick Enclave 2017,Buick,Enclave,2017
8481,Cadillac CTS 2017,Cadillac,CTS,2017
8482,Mitsubishi Outlander Sport 2011,Mitsubishi,Outlander Sport,2011
8483,Chevrolet Spark 2020,Chevrolet,Spark,2020
8484,Honda Fit 2019,Honda,Fit,2019
8485,Toyota 86 2017,Toyota,86,2017
8486,Jaguar XF 2019,Jaguar,XF,2019
8487,Lexus IS 2014,Lexus,IS,2014
8488,Lexus GX 2017,Lexus,GX,2017
8489,Lexus LX 2016,Lexus,LX,2016
8490,Mercedes-Benz S Class 2013,Mercedes-Benz,S Class,2013
8491,Cadillac Escalade 2020,Cadillac,Escalade,2020
8492,Maserati GranTurismo 2015,Maserati,GranTurismo,2015
8493,Mercedes-Benz S Class 2020,Mercedes-Benz,S Class,2020
8494,Nissan Murano 2017,Nissan,Murano,2017
8495,Toyota Yaris 2017,Toyota,Yaris,2017
8496,Lexus LS 2013,Lexus,LS,2013
8497,Jeep Wrangler 2019,Jeep,Wrangler,2019
8498,Land Rover Range Rover Evoque 2015,Land Rover,Range Rover Evoque,2015
8499,BMW X1 2015,BMW,X1,2015
8500,INFINITI Q70 2016,INFINITI,Q70,2016
8501,Kia Sportage 2020,Kia,Sportage,2020
8502,Volkswagen Beetle 2016,Volkswagen,Beetle,2016
8503,GMC Canyon 2012,GMC,Canyon,2012
8504,Mazda MAZDA6 2014,Mazda,MAZDA6,2014
8505,Mercedes-Benz SL Class 2019,Mercedes-Benz,SL Class,2019
8506,BMW X1 2014,BMW,X1,2014
8507,Acura MDX 2019,Acura,MDX,2019
8508,Acura ILX 2014,Acura,ILX,2014
8509,Chevrolet Trax 2015,Chevrolet,Trax,2015
8510,GMC Acadia 2019,GMC,Acadia,2019
8511,Volvo XC60 2015,Volvo,XC60,2015
8512,Mitsubishi Outlander 2016,Mitsubishi,Outlander,2016
8513,Nissan Frontier 2016,Nissan,Frontier,2016
8514,Honda Accord 2020,Honda,Accord,2020
8515,Toyota Land Cruiser 2015,Toyota,Land Cruiser,2015
8516,Mazda CX-5 2015,Mazda,CX-5,2015
8517,Tesla Model S 2013,Tesla,Model S,2013
8518,MINI Cooper 2013,MINI,Cooper,2013
8519,Aston Martin Vanquish 2015,Aston Martin,Vanquish,2015
8520,Rolls-Royce Ghost 2012,Rolls-Royce,Ghost,2012
8521,Land Rover Discovery Sport 2017,Land Rover,Discovery Sport,2017
8522,MINI Cooper Countryman 2014,MINI,Cooper Countryman,2014
8523,Ram 1500 2020,Ram,1500,2020
8524,Mercedes-Benz CLS Class 2013,Mercedes-Benz,CLS Class,2013
8525,Buick Enclave 2020,Buick,Enclave,2020
8526,Subaru Impreza 2015,Subaru,Impreza,2015
8527,Land Rover Range Rover Evoque 2020,Land Rover,Range Rover Evoque,2020
8528,Mazda MAZDA3 2013,Mazda,MAZDA3,2013
8529,BMW 5-Series 2019,BMW,5-Series,2019
8530,Bentley Flying Spur 2016,Bentley,Flying Spur,2016
8531,Chevrolet Traverse 2017,Chevrolet,Traverse,2017
8532,Mercedes-Benz S Class 2017,Mercedes-Benz,S Class,2017
8533,Lexus LS 2017,Lexus,LS,2017
8534,FIAT 500X 2016,FIAT,500X,2016
8535,Mercedes-Benz S Class 2015,Mercedes-Benz,S Class,2015
8536,GMC Canyon 2019,GMC,Canyon,2019
8537,Mazda MAZDA6 2016,Mazda,MAZDA6,2016
8538,Chrysler 300 2020,Chrysler,300,2020
8539,Cadillac CT6 2016,Cadillac,CT6,2016
8540,GMC Sierra 1500 2015,GMC,Sierra 1500,2015
8541,Dodge Journey 2019,Dodge,Journey,2019
8542,Mitsubishi Outlander Sport 2016,Mitsubishi,Outlander Sport,2016
8543,Mercedes-Benz GLS Class 2019,Mercedes-Benz,GLS Class,2019
8544,Audi A7 2014,Audi,A7,2014
8545,Buick Enclave 2015,Buick,Enclave,2015
8546,Chevrolet Trax 2016,Chevrolet,Trax,2016
8547,Chevrolet Silverado 2500HD 2014,Chevrolet,Silverado 2500HD,2014
8548,Porsche 911 2020,Porsche,911,2020
8549,Mazda MAZDA6 2012,Mazda,MAZDA6,2012
8550,Toyota Corolla 2019,Toyota,Corolla,2019
8551,BMW 4-Series 2017,BMW,4-Series,2017
8552,Volvo XC90 2017,Volvo,XC90,2017
8553,Nissan GT-R 2012,Nissan,GT-R,2012
8554,Lexus LX 2019,Lexus,LX,2019
8555,Aston Martin Vantage 2014,Aston Martin,Vantage,2014
8556,Buick Regal 2015,Buick,Regal,2015
8557,Acura MDX 2013,Acura,MDX,2013
8558,Tesla Model X 2016,Tesla,Model X,2016
8559,Subaru BRZ 2016,Subaru,BRZ,2016
8560,Porsche Cayenne 2017,Porsche,Cayenne,2017
8561,Nissan NV200 2016,Nissan,NV200,2016
8562,Kia Rio 2016,Kia,Rio,2016
8563,Mitsubishi Eclipse Cross 2019,Mitsubishi,Eclipse Cross,2019
8564,Toyota Land Cruiser 2019,Toyota,Land Cruiser,2019
8565,Aston Martin Vanquish 2017,Aston Martin,Vanquish,2017
8566,Lincoln MKZ 2020,Lincoln,MKZ,2020
8567,GMC Terrain 2014,GMC,Terrain,2014
8568,Audi A3 2013,Audi,A3,2013
8569,Mercedes-Benz GLC Class 2017,Mercedes-Benz,GLC Class,2017
8570,Subaru Crosstrek 2017,Subaru,Crosstrek,2017
8571,Cadillac ATS 2013,Cadillac,ATS,2013
8572,Acura ILX 2017,Acura,ILX,2017
8573,Toyota Yaris 2019,Toyota,Yaris,2019
8574,Tesla Model X 2017,Tesla,Model X,2017
8575,Chevrolet Camaro 2017,Chevrolet,Camaro,2017
8576,Audi R8 2020,Audi,R8,2020
8577,Maserati Quattroporte 2016,Maserati,Quattroporte,2016
8578,Mercedes-Benz G Class 2020,Mercedes-Benz,G Class,2020
8579,GMC Terrain 2012,GMC,Terrain,2012
8580,Mazda CX-9 2013,Mazda,CX-9,2013
8581,Toyota Camry 2016,Toyota,Camry,2016
8582,Cadillac CTS 2016,Cadillac,CTS,2016
8583,Ford Super Duty F-250 2019,Ford,Super Duty F-250,2019
8584,Land Rover Range Rover Sport 2020,Land Rover,Range Rover Sport,2020
8585,Mazda CX-5 2013,Mazda,CX-5,2013
8586,Volkswagen Arteon 2020,Volkswagen,Arteon,2020
8587,Mercedes-Benz SLC Class 2017,Mercedes-Benz,SLC Class,2017
8588,Audi A7 2013,Audi,A7,2013
8589,BMW X3 2017,BMW,X3,2017
8590,INFINITI QX60 2019,INFINITI,QX60,2019
8591,Kia Soul 2016,Kia,Soul,2016
8592,BMW X1 2017,BMW,X1,2017
8593,Land Rover Discovery 2004,Land Rover,Discovery,2004
8594,Mitsubishi Outlander 2017,Mitsubishi,Outlander,2017
8595,BMW i8 2016,BMW,i8,2016
8596,Chevrolet Cruze 2017,Chevrolet,Cruze,2017
8597,Lexus RC 2020,Lexus,RC,2020
8598,Honda HR-V 2016,Honda,HR-V,2016
8599,Mazda CX-5 2014,Mazda,CX-5,2014
8600,Genesis G80 2017,Genesis,G80,2017
8601,BMW X4 2017,BMW,X4,2017
8602,Toyota Highlander 2015,Toyota,Highlander,2015
8603,Subaru Legacy 2017,Subaru,Legacy,2017
8604,Hyundai Venue 2020,Hyundai,Venue,2020
8605,Lexus RX 2012,Lexus,RX,2012
8606,Chevrolet Silverado 2500HD 2012,Chevrolet,Silverado 2500HD,2012
8607,Mercedes-Benz AMG GT 2019,Mercedes-Benz,AMG GT,2019
8608,Lexus NX 2019,Lexus,NX,2019
8609,GMC Terrain 2011,GMC,Terrain,2011
8610,Bentley Flying Spur 2015,Bentley,Flying Spur,2015
8611,Chevrolet TrailBlazer 2004,Chevrolet,TrailBlazer,2004
8612,GMC Canyon 2010,GMC,Canyon,2010
8613,Land Rover Discovery 2003,Land Rover,Discovery,2003
8614,Honda HR-V 2020,Honda,HR-V,2020
8615,Honda Fit 2014,Honda,Fit,2014
8616,Buick Encore 2016,Buick,Encore,2016
8617,Volvo XC90 2014,Volvo,XC90,2014
8618,BMW 6-Series 2010,BMW,6-Series,2010
8619,Jaguar XJ 2013,Jaguar,XJ,2013
8620,BMW X1 2020,BMW,X1,2020
8621,Lexus ES 2015,Lexus,ES,2015
8622,Jaguar XF 2015,Jaguar,XF,2015
8623,Hyundai Santa Fe 2020,Hyundai,Santa Fe,2020
8624,Chevrolet Volt 2016,Chevrolet,Volt,2016
8625,Subaru Outback 2016,Subaru,Outback,2016
8626,Nissan Leaf 2015,Nissan,Leaf,2015
8627,GMC Canyon 2017,GMC,Canyon,2017
8628,Bentley Continental GT 2015,Bentley,Continental GT,2015
8629,INFINITI QX50 2014,INFINITI,QX50,2014
8630,Acura ILX 2020,Acura,ILX,2020
8631,Mercedes-Benz E Class 2013,Mercedes-Benz,E Class,2013
8632,FIAT 500X 2017,FIAT,500X,2017
8633,Toyota Prius C 2013,Toyota,Prius C,2013
8634,BMW 7-Series 2020,BMW,7-Series,2020
8635,Mazda MX-5 Miata 2014,Mazda,MX-5 Miata,2014
8636,Honda CR-V 2015,Honda,CR-V,2015
8637,FIAT 124 Spider 2020,FIAT,124 Spider,2020
8638,INFINITI QX60 2014,INFINITI,QX60,2014
8639,Bentley Continental GT 2016,Bentley,Continental GT,2016
8640,Mazda MAZDA3 2020,Mazda,MAZDA3,2020
8641,MINI Cooper 2012,MINI,Cooper,2012
8642,Mercedes-Benz A Class 2019,Mercedes-Benz,A Class,2019
8643,Audi A7 2015,Audi,A7,2015
8644,Honda Clarity 2009,Honda,Clarity,2009
8645,Dodge Durango 2016,Dodge,Durango,2016
8646,Lincoln Nautilus 2020,Lincoln,Nautilus,2020
8647,Audi A5 2019,Audi,A5,2019
8648,Subaru Impreza 2019,Subaru,Impreza,2019
8649,Dodge Charger 2016,Dodge,Charger,2016
8650,Volkswagen Passat 2019,Volkswagen,Passat,2019
8651,Land Rover Range Rover 2013,Land Rover,Range Rover,2013
8652,Chevrolet Colorado 2020,Chevrolet,Colorado,2020
8653,Audi A4 2016,Audi,A4,2016
8654,Volkswagen Golf 2015,Volkswagen,Golf,2015
8655,Lincoln Navigator 2014,Lincoln,Navigator,2014
8656,Acura NSX 2019,Acura,NSX,2019
8657,Toyota Sequoia 2016,Toyota,Sequoia,2016
8658,Toyota RAV4 2013,Toyota,RAV4,2013
8659,Dodge Durango 2020,Dodge,Durango,2020
8660,GMC Sierra 2500HD 2016,GMC,Sierra 2500HD,2016
8661,Nissan Armada 2017,Nissan,Armada,2017
8662,Ford Taurus 2016,Ford,Taurus,2016
8663,Nissan GT-R 2011,Nissan,GT-R,2011
8664,Jeep Gladiator 2020,Jeep,Gladiator,2020
8665,Acura TLX 2019,Acura,TLX,2019
8666,Audi Q8 2020,Audi,Q8,2020
8667,GMC Sierra 2500HD 2020,GMC,Sierra 2500HD,2020
8668,Buick Cascada 2019,Buick,Cascada,2019
8669,Maserati Levante 2017,Maserati,Levante,2017
8670,Nissan Versa 2017,Nissan,Versa,2017
8671,Alfa Romeo 4C 2016,Alfa Romeo,4C,2016
8672,Volkswagen e-Golf 2016,Volkswagen,e-Golf,2016
8673,BMW X6 2017,BMW,X6,2017
8674,Mercedes-Benz G Class 2012,Mercedes-Benz,G Class,2012
8675,Maserati GranTurismo 2014,Maserati,GranTurismo,2014
8676,Audi A4 2015,Audi,A4,2015
8677,Toyota 86 2019,Toyota,86,2019
8678,Honda Passport 2019,Honda,Passport,2019
8679,Jeep Wrangler 2017,Jeep,Wrangler,2017
8680,Ford Transit Connect Wagon 2020,Ford,Transit Connect Wagon,2020
8681,Land Rover Range Rover Sport 2012,Land Rover,Range Rover Sport,2012
8682,Ford Edge 2016,Ford,Edge,2016
8683,Lexus RX 2020,Lexus,RX,2020
8684,Lincoln MKZ 2017,Lincoln,MKZ,2017
8685,BMW 6-Series 2011,BMW,6-Series,2011
8686,Maserati Ghibli 2020,Maserati,Ghibli,2020
8687,Lexus LX 2015,Lexus,LX,2015
8688,Bentley Mulsanne 2015,Bentley,Mulsanne,2015
8689,Lexus GX 2019,Lexus,GX,2019
8690,Audi Q7 2019,Audi,Q7,2019
8691,BMW 3-Series 2019,BMW,3-Series,2019
8692,Mercedes-Benz CLA Class 2020,Mercedes-Benz,CLA Class,2020
8693,Lincoln MKZ 2012,Lincoln,MKZ,2012
8694,Acura TLX 2016,Acura,TLX,2016
8695,Mazda MAZDA3 2015,Mazda,MAZDA3,2015
8696,Ford Fusion 2016,Ford,Fusion,2016
8697,Honda Pilot 2015,Honda,Pilot,2015
8698,Lincoln MKC 2017,Lincoln,MKC,2017
8699,smart fortwo 2012,smart,fortwo,2012
8700,Tesla Model S 2015,Tesla,Model S,2015
8701,Subaru WRX 2014,Subaru,WRX,2014
8702,Mazda CX-3 2017,Mazda,CX-3,2017
8703,Land Rover Range Rover 2016,Land Rover,Range Rover,2016
8704,Maserati Levante 2019,Maserati,Levante,2019
8705,Chevrolet Malibu 2017,Chevrolet,Malibu,2017
8706,Rolls-Royce Phantom 2015,Rolls-Royce,Phantom,2015
8707,Nissan NV200 2017,Nissan,NV200,2017
8708,Land Rover Range Rover Evoque 2013,Land Rover,Range Rover Evoque,2013
8709,Lexus ES 2017,Lexus,ES,2017
8710,Chevrolet Trax 2020,Chevrolet,Trax,2020
8711,Jeep Compass 2020,Jeep,Compass,2020
8712,Kia Soul EV 2015,Kia,Soul EV,2015
8713,Honda CR-V 2017,Honda,CR-V,2017
8714,Ford Flex 2017,Ford,Flex,2017
8715,Audi A7 2016,Audi,A7,2016
8716,Lincoln MKZ 2014,Lincoln,MKZ,2014
8717,Jaguar XJ 2011,Jaguar,XJ,2011
8718,Kia Sedona 2016,Kia,Sedona,2016
8719,Cadillac CTS 2010,Cadillac,CTS,2010
8720,Lexus GX 2011,Lexus,GX,2011
8721,Chevrolet Volt 2014,Chevrolet,Volt,2014
8722,BMW 2-Series 2017,BMW,2-Series,2017
8723,Audi Q7 2014,Audi,Q7,2014
8724,Mazda CX-9 2017,Mazda,CX-9,2017
8725,BMW 7-Series 2014,BMW,7-Series,2014
8726,Jaguar XE 2017,Jaguar,XE,2017
8727,Ford Transit Connect Wagon 2011,Ford,Transit Connect Wagon,2011
8728,Honda Clarity 2008,Honda,Clarity,2008
8729,Volvo XC90 2013,Volvo,XC90,2013
8730,Chevrolet TrailBlazer 2002,Chevrolet,TrailBlazer,2002
8731,Acura MDX 2016,Acura,MDX,2016
8732,Rolls-Royce Phantom 2012,Rolls-Royce,Phantom,2012
8733,MINI Clubman 2020,MINI,Clubman,2020
8734,Rolls-Royce Wraith 2015,Rolls-Royce,Wraith,2015
8735,Mercedes-Benz GLA Class 2016,Mercedes-Benz,GLA Class,2016
8736,Kia Cadenza 2019,Kia,Cadenza,2019
8737,BMW X5 2019,BMW,X5,2019
8738,Subaru Impreza 2020,Subaru,Impreza,2020
8739,Ford Expedition 2015,Ford,Expedition,2015
8740,Lamborghini Aventador 2013,Lamborghini,Aventador,2013
8741,BMW X3 2012,BMW,X3,2012
8742,Mazda MAZDA3 2016,Mazda,MAZDA3,2016
8743,Chevrolet Equinox 2016,Chevrolet,Equinox,2016
8744,Aston Martin Vanquish 2003,Aston Martin,Vanquish,2003
8745,FIAT 500e 2019,FIAT,500e,2019
8746,GMC Sierra 1500 2013,GMC,Sierra 1500,2013
8747,Lamborghini Huracan 2017,Lamborghini,Huracan,2017
8748,Alfa Romeo 4C Spider 2020,Alfa Romeo,4C Spider,2020
8749,Honda Clarity 2005,Honda,Clarity,2005
8750,Porsche Macan 2016,Porsche,Macan,2016
8751,BMW 3-Series 2020,BMW,3-Series,2020
8752,Nissan Kicks 2020,Nissan,Kicks,2020
8753,Genesis G80 2020,Genesis,G80,2020
8754,Acura RDX 2016,Acura,RDX,2016
8755,Mercedes-Benz GLS Class 2017,Mercedes-Benz,GLS Class,2017
8756,Subaru WRX 2017,Subaru,WRX,2017
8757,GMC Terrain 2017,GMC,Terrain,2017
8758,Jaguar I-Pace 2019,Jaguar,I-Pace,2019
8759,BMW 5-Series 2012,BMW,5-Series,2012
8760,BMW 5-Series 2014,BMW,5-Series,2014
8761,Chevrolet Silverado 2500HD 2013,Chevrolet,Silverado 2500HD,2013
8762,Kia Sportage 2016,Kia,Sportage,2016
8763,Ford Transit Connect Wagon 2017,Ford,Transit Connect Wagon,2017
8764,Kia K900 2015,Kia,K900,2015
8765,Buick Envision 2017,Buick,Envision,2017
8766,Nissan Rogue 2020,Nissan,Rogue,2020
8767,FIAT 500e 2017,FIAT,500e,2017
8768,Toyota RAV4 2015,Toyota,RAV4,2015
8769,Mazda MX-5 Miata 2013,Mazda,MX-5 Miata,2013
8770,FIAT 500X 2019,FIAT,500X,2019
8771,McLaren 570S 2016,McLaren,570S,2016
8772,Chevrolet Impala 2020,Chevrolet,Impala,2020
8773,Audi R8 2015,Audi,R8,2015
8774,Aston Martin Vantage 2016,Aston Martin,Vantage,2016
8775,INFINITI Q60 2016,INFINITI,Q60,2016
8776,BMW X5 2016,BMW,X5,2016
8777,Honda Insight 2013,Honda,Insight,2013
8778,Nissan GT-R 2013,Nissan,GT-R,2013
8779,Volkswagen e-Golf 2015,Volkswagen,e-Golf,2015
8780,Volkswagen Passat 2020,Volkswagen,Passat,2020
8781,Ferrari GTC4Lusso 2020,Ferrari,GTC4Lusso,2020
8782,Volvo XC60 2013,Volvo,XC60,2013
8783,Aston Martin DB11 2019,Aston Martin,DB11,2019
8784,BMW X7 2020,BMW,X7,2020
8785,Lexus GX 2016,Lexus,GX,2016
8786,Lincoln MKT 2014,Lincoln,MKT,2014
8787,Lincoln Continental 2020,Lincoln,Continental,2020
8788,Toyota Yaris 2020,Toyota,Yaris,2020
8789,Volvo XC90 2011,Volvo,XC90,2011
8790,Lexus GX 2020,Lexus,GX,2020
8791,Audi Q5 2019,Audi,Q5,2019
8792,Cadillac Escalade 2016,Cadillac,Escalade,2016
8793,Kia Soul EV 2017,Kia,Soul EV,2017
8794,Kia Sportage 2014,Kia,Sportage,2014
8795,Lexus LX 2013,Lexus,LX,2013
8796,Audi TT 2020,Audi,TT,2020
8797,Maserati Quattroporte 2017,Maserati,Quattroporte,2017
8798,Rolls-Royce Phantom 2019,Rolls-Royce,Phantom,2019
8799,Toyota Avalon 2015,Toyota,Avalon,2015
8800,Kia Soul EV 2016,Kia,Soul EV,2016
8801,Toyota Land Cruiser 2020,Toyota,Land Cruiser,2020
8802,INFINITI Q60 2020,INFINITI,Q60,2020
8803,Porsche Panamera 2015,Porsche,Panamera,2015
8804,Lexus LS 2015,Lexus,LS,2015
8805,BMW Z4 2011,BMW,Z4,2011
8806,Cadillac Escalade 2017,Cadillac,Escalade,2017
8807,Mercedes-Benz CLS Class 2015,Mercedes-Benz,CLS Class,2015
8808,Lexus LS 2012,Lexus,LS,2012
8809,Kia Rio 2015,Kia,Rio,2015
8810,Mercedes-Benz G Class 2019,Mercedes-Benz,G Class,2019
8811,Bentley Mulsanne 2014,Bentley,Mulsanne,2014
8812,Volvo XC60 2019,Volvo,XC60,2019
8813,Land Rover Range Rover Sport 2017,Land Rover,Range Rover Sport,2017
8814,Aston Martin DBS 2008,Aston Martin,DBS,2008
8815,Tesla Model S 2017,Tesla,Model S,2017
8816,Chevrolet Volt 2017,Chevrolet,Volt,2017
8817,Lexus LS 2014,Lexus,LS,2014
8818,Lexus RX 2014,Lexus,RX,2014
8819,Lincoln Aviator 2020,Lincoln,Aviator,2020
8820,Honda CR-V 2013,Honda,CR-V,2013
8821,Acura TLX 2017,Acura,TLX,2017
8822,Honda Odyssey 2017,Honda,Odyssey,2017
8823,Lexus GX 2012,Lexus,GX,2012
8824,Acura RDX 2017,Acura,RDX,2017
8825,INFINITI QX30 2017,INFINITI,QX30,2017
8826,Volvo XC60 2014,Volvo,XC60,2014
8827,BMW i3 2019,BMW,i3,2019
8828,Porsche Panamera 2020,Porsche,Panamera,2020
8829,Kia Sorento 2015,Kia,Sorento,2015
8830,Nissan Murano 2020,Nissan,Murano,2020
8831,Audi Q3 2015,Audi,Q3,2015
8832,BMW X5 2012,BMW,X5,2012
8833,Cadillac XT5 2020,Cadillac,XT5,2020
8834,Toyota Mirai 2019,Toyota,Mirai,2019
8835,Honda Fit 2016,Honda,Fit,2016
8836,Ford Fusion 2020,Ford,Fusion,2020
8837,Lexus GX 2013,Lexus,GX,2013
8838,Jaguar XF 2020,Jaguar,XF,2020
8839,Lincoln MKT 2012,Lincoln,MKT,2012
8840,Cadillac XTS 2017,Cadillac,XTS,2017
8841,MINI Clubman 2014,MINI,Clubman,2014
8842,Lexus RX 2013,Lexus,RX,2013
8843,Chevrolet Traverse 2016,Chevrolet,Traverse,2016
8844,Audi Q5 2016,Audi,Q5,2016
8845,Aston Martin DBS 2009,Aston Martin,DBS,2009
8846,Subaru Forester 2019,Subaru,Forester,2019
8847,Ford Transit Connect Wagon 2015,Ford,Transit Connect Wagon,2015
8848,Buick Regal 2014,Buick,Regal,2014
8849,Subaru BRZ 2019,Subaru,BRZ,2019
8850,Audi A5 2016,Audi,A5,2016
8851,Kia K900 2019,Kia,K900,2019
8852,Mazda CX-9 2014,Mazda,CX-9,2014
8853,Nissan Altima 2020,Nissan,Altima,2020
8854,Lamborghini Aventador 2019,Lamborghini,Aventador,2019
8855,Nissan NV200 2014,Nissan,NV200,2014
8856,Lexus GX 2015,Lexus,GX,2015
8857,Hyundai Santa Fe 2014,Hyundai,Santa Fe,2014
8858,Volkswagen e-Golf 2019,Volkswagen,e-Golf,2019
8859,GMC Acadia 2014,GMC,Acadia,2014
8860,Subaru WRX 2012,Subaru,WRX,2012
8861,Jaguar XJ 2012,Jaguar,XJ,2012
8862,Chevrolet Suburban 2014,Chevrolet,Suburban,2014
8863,Cadillac CT5 2020,Cadillac,CT5,2020
8864,Maserati GranTurismo 2017,Maserati,GranTurismo,2017
8865,Acura RLX 2019,Acura,RLX,2019
8866,Volkswagen Tiguan 2017,Volkswagen,Tiguan,2017
8867,Jaguar XJ 2019,Jaguar,XJ,2019
8868,Rolls-Royce Ghost 2014,Rolls-Royce,Ghost,2014
8869,Kia K900 2016,Kia,K900,2016
8870,Cadillac XTS 2016,Cadillac,XTS,2016
8871,Hyundai Elantra 2020,Hyundai,Elantra,2020
8872,Mercedes-Benz SL Class 2015,Mercedes-Benz,SL Class,2015
8873,Cadillac XTS 2019,Cadillac,XTS,2019
8874,Audi Q5 2020,Audi,Q5,2020
8875,Land Rover Range Rover 2019,Land Rover,Range Rover,2019
8876,INFINITI Q50 2019,INFINITI,Q50,2019
8877,Mitsubishi Outlander Sport 2019,Mitsubishi,Outlander Sport,2019
8878,Acura ILX 2015,Acura,ILX,2015
8879,Ford Expedition 2020,Ford,Expedition,2020
8880,Land Rover Range Rover 2015,Land Rover,Range Rover,2015
8881,Lexus GX 2014,Lexus,GX,2014
8882,Subaru Forester 2020,Subaru,Forester,2020
8883,Aston Martin Vanquish 2006,Aston Martin,Vanquish,2006
8884,Buick Enclave 2016,Buick,Enclave,2016
8885,Mercedes-Benz CLS Class 2020,Mercedes-Benz,CLS Class,2020
8886,Subaru BRZ 2014,Subaru,BRZ,2014
8887,Subaru Crosstrek 2019,Subaru,Crosstrek,2019
8888,Rolls-Royce Phantom 2011,Rolls-Royce,Phantom,2011
8889,Honda Odyssey 2020,Honda,Odyssey,2020
8890,Acura RDX 2015,Acura,RDX,2015
8891,Audi Q7 2020,Audi,Q7,2020
8892,Acura NSX 2016,Acura,NSX,2016
8893,Mazda CX-9 2015,Mazda,CX-9,2015
8894,Chevrolet Volt 2015,Chevrolet,Volt,2015
8895,Volvo S60 2019,Volvo,S60,2019
8896,Lexus IS 2020,Lexus,IS,2020
8897,Chevrolet Impala 2016,Chevrolet,Impala,2016
8898,Toyota Avalon 2016,Toyota,Avalon,2016
8899,Volkswagen Tiguan 2020,Volkswagen,Tiguan,2020
8900,Chevrolet Malibu 2020,Chevrolet,Malibu,2020
8901,Lincoln MKC 2019,Lincoln,MKC,2019
8902,Mercedes-Benz CLA Class 2015,Mercedes-Benz,CLA Class,2015
8903,Subaru BRZ 2015,Subaru,BRZ,2015
8904,Chevrolet Trax 2017,Chevrolet,Trax,2017
8905,Land Rover Discovery 2001,Land Rover,Discovery,2001
8906,Bentley Mulsanne 2012,Bentley,Mulsanne,2012
8907,Porsche Panamera 2019,Porsche,Panamera,2019
8908,Lexus LX 2011,Lexus,LX,2011
8909,Nissan Armada 2014,Nissan,Armada,2014
8910,Audi Q3 2017,Audi,Q3,2017
8911,Mazda CX-9 2019,Mazda,CX-9,2019
8912,Kia Sorento 2020,Kia,Sorento,2020
8913,Volkswagen Jetta 2017,Volkswagen,Jetta,2017
8914,Kia Forte 2020,Kia,Forte,2020
8915,Buick Encore 2020,Buick,Encore,2020
8916,Lincoln MKT 2017,Lincoln,MKT,2017
8917,Lexus IS 2017,Lexus,IS,2017
8918,Nissan Armada 2019,Nissan,Armada,2019
8919,Mazda MAZDA3 2019,Mazda,MAZDA3,2019
8920,Volkswagen Tiguan 2016,Volkswagen,Tiguan,2016
8921,Nissan GT-R 2019,Nissan,GT-R,2019
8922,Mercedes-Benz SL Class 2020,Mercedes-Benz,SL Class,2020
8923,Acura NSX 2002,Acura,NSX,2002
8924,Alfa Romeo Stelvio 2019,Alfa Romeo,Stelvio,2019
8925,Audi A8 2012,Audi,A8,2012
8926,Lexus ES 2019,Lexus,ES,2019
8927,Kia K900 2017,Kia,K900,2017
8928,Bentley Flying Spur 2013,Bentley,Flying Spur,2013
8929,Chevrolet TrailBlazer 2003,Chevrolet,TrailBlazer,2003
8930,Maserati Quattroporte 2019,Maserati,Quattroporte,2019
8931,Toyota Land Cruiser 2014,Toyota,Land Cruiser,2014
8932,Alfa Romeo 4C 2017,Alfa Romeo,4C,2017
8933,Audi Q3 2020,Audi,Q3,2020
8934,Volkswagen Golf 2020,Volkswagen,Golf,2020
8935,Kia Sedona 2020,Kia,Sedona,2020
8936,Tesla Model Y 2020,Tesla,Model Y,2020
8937,Cadillac CT6 2019,Cadillac,CT6,2019
8938,Land Rover Discovery 2002,Land Rover,Discovery,2002
8939,Land Rover Discovery 1999,Land Rover,Discovery,1999
8940,Mitsubishi Outlander 2020,Mitsubishi,Outlander,2020
8941,Tesla Model S 2016,Tesla,Model S,2016
8942,Volkswagen Jetta 2020,Volkswagen,Jetta,2020
8943,Lexus UX 2019,Lexus,UX,2019
8944,Toyota C-HR 2020,Toyota,C-HR,2020
8945,Honda Ridgeline 2014,Honda,Ridgeline,2014
8946,Chevrolet Equinox 2017,Chevrolet,Equinox,2017
8947,McLaren 720S 2017,McLaren,720S,2017
8948,Audi A3 2020,Audi,A3,2020
